4 1 78271 0 1788888420 806138 20342
5 1 69105 0 1788888420 807432 28482
6 1 68725 0 1788888420 807598 49376
4 2 109618 0 1788888420 871115 67714
5 2 105666 0 1788888420 871227 84661
7 1 131219 0 1788888420 871339 65659
4 3 166305 0 1788888420 964509 101566
5 3 162915 0 1788888420 965013 126937
6 2 171979 0 1788888420 965093 77846
4 4 265145 0 1788888421 80200 184576
5 4 259647 0 1788888421 80331 219085
7 2 275875 0 1788888421 80397 159776
4 5 320235 0 1788888421 153083 279232
5 5 301381 0 1788888421 153235 282969
6 3 326225 0 1788888421 155596 250699
4 6 371791 0 1788888421 250576 318480
5 6 351917 0 1788888421 250704 329860
7 3 374094 0 1788888421 250848 275831
4 7 376841 0 1788888421 317312 328609
5 7 356691 0 1788888421 317427 327253
6 4 392052 0 1788888421 317521 324972
4 8 377775 0 1788888421 367144 345202
5 8 312807 0 1788888421 367281 294832
7 4 379437 0 1788888421 367354 329249
4 9 353321 0 1788888421 418626 318378
5 9 349314 0 1788888421 418868 330434
6 5 355967 0 1788888421 419154 303804
4 10 375323 0 1788888421 479799 336816
5 10 352247 0 1788888421 480964 334922
7 5 388086 0 1788888421 481040 325516
4 11 354824 0 1788888421 529490 322953
5 11 333235 0 1788888421 529617 317126
6 6 366288 0 1788888421 529972 315966
4 12 321064 0 1788888421 580376 288719
5 12 226848 0 1788888421 580530 210527
7 6 329212 0 1788888421 580889 277703
4 13 261099 0 1788888421 634421 224705
5 13 223854 0 1788888421 634569 205923
6 7 274056 0 1788888421 634641 219685
4 14 279207 0 1788888421 696427 236768
5 14 276408 0 1788888421 696524 253041
7 7 287253 0 1788888421 699801 221659
4 15 371903 0 1788888421 800551 300987
5 15 365885 0 1788888421 800642 331533
6 8 375207 0 1788888421 801277 270188
4 16 422841 0 1788888421 918509 341978
5 16 396016 0 1788888421 918637 356476
7 8 462721 0 1788888421 918732 344260
4 17 466542 0 1788888422 23110 405681
5 17 448788 0 1788888422 23376 416009
6 9 484599 0 1788888422 29381 373564
4 18 492673 0 1788888422 108773 435281
5 18 438066 0 1788888422 108913 406735
7 9 497285 0 1788888422 109044 411283
4 19 455407 0 1788888422 199232 395786
5 19 453648 0 1788888422 199560 423393
6 10 504504 0 1788888422 199651 412979
4 20 510832 0 1788888422 284635 456108
5 20 483277 0 1788888422 288251 449492
7 10 537006 0 1788888422 288516 447600
4 21 544821 0 1788888422 395972 481230
5 21 532481 0 1788888422 398768 488198
6 11 578572 0 1788888422 399249 463790
4 22 552311 0 1788888422 447562 547396
5 22 647099 0 1788888422 551276 575536
6 12 638821 0 1788888422 551389 598142
7 11 668834 0 1788888422 551566 512182
4 23 690725 0 1788888422 654673 587007
5 23 686288 0 1788888422 654799 626714
6 13 679411 0 1788888422 654860 649649
4 24 717042 0 1788888422 750555 649534
5 24 706193 0 1788888422 750683 678662
7 12 765254 0 1788888422 753589 666206
4 25 797895 0 1788888422 856285 724911
5 25 796452 0 1788888422 856484 761416
6 14 810433 0 1788888422 856554 704244
4 26 830811 0 1788888422 952148 776780
5 26 829959 0 1788888422 952239 800995
7 13 859697 0 1788888422 952340 763494
4 27 860767 0 1788888423 53323 792838
5 27 858827 0 1788888423 53771 827460
6 15 883960 0 1788888423 54837 781177
4 28 930627 0 1788888423 149013 873275
5 28 867024 0 1788888423 149117 837787
7 14 946767 0 1788888423 149239 850500
4 29 966090 0 1788888423 263452 884231
5 29 959327 0 1788888423 263619 914995
6 16 977276 0 1788888423 264064 862112
4 30 1074976 0 1788888423 403676 987639
5 30 1056271 0 1788888423 403807 1010201
7 15 1100414 0 1788888423 405406 955599
4 31 1168288 0 1788888423 530854 1089667
5 31 1168552 0 1788888423 531187 1135910
6 17 1174616 0 1788888423 531296 1046892
4 32 1248600 0 1788888423 658395 1164954
5 32 1226712 0 1788888423 658595 1184644
7 16 1266251 0 1788888423 658702 1138098
4 33 1334322 0 1788888423 777102 1258863
5 33 1328714 0 1788888423 777275 1290215
6 18 1347715 0 1788888423 779641 1226251
4 34 1431338 0 1788888423 900766 1358861
5 34 1370587 0 1788888423 900929 1339282
7 17 1442251 0 1788888423 901024 1317740
4 35 1492205 0 1788888424 33451 1402130
5 35 1476011 0 1788888424 33617 1428772
6 19 1492604 0 1788888424 33704 1359493
4 36 1559933 0 1788888424 159491 1484199
5 36 1558813 0 1788888424 163283 1524551
7 18 1586708 0 1788888424 163496 1456364
4 37 1623776 0 1788888424 245341 1576548
5 37 1617324 0 1788888424 245596 1593864
6 20 1635782 0 1788888424 246176 1548231
4 38 1656509 0 1788888424 315658 1610357
5 38 1655514 0 1788888424 315866 1629969
7 19 1663390 0 1788888424 316038 1592117
4 39 1693088 0 1788888424 382272 1647974
5 39 1658364 0 1788888424 382422 1633790
6 21 1714314 0 1788888424 382516 1647248
4 40 1712667 0 1788888424 451482 1664804
5 40 1706953 0 1788888424 452432 1681169
7 20 1723547 0 1788888424 452656 1652997
4 41 1734218 0 1788888424 526685 1687848
5 41 1724963 0 1788888424 526818 1700186
6 22 1766784 0 1788888424 527157 1690839
4 42 1790430 0 1788888424 625789 1723089
5 42 1760277 0 1788888424 625948 1731186
7 21 1794753 0 1788888424 626116 1695170
4 43 1831157 0 1788888424 704838 1780905
5 43 1814538 0 1788888424 704999 1792685
6 23 1837400 0 1788888424 705126 1757894
4 44 1856993 0 1788888424 774708 1810163
5 44 1806764 0 1788888424 775283 1786097
7 22 1880272 0 1788888424 775455 1809475
4 45 1852737 0 1788888424 840713 1811805
5 45 1839256 0 1788888424 840854 1818041
6 24 1863281 0 1788888424 840976 1796856
4 46 1813705 0 1788888424 907113 1768512
5 46 1747019 0 1788888424 907270 1722808
7 23 1856053 0 1788888424 907358 1789259
4 47 1776286 0 1788888424 977521 1730503
5 47 1722311 0 1788888424 977678 1697798
6 25 1802984 0 1788888424 977872 1731977
4 48 1780119 0 1788888425 53034 1733949
5 48 1752111 0 1788888425 53221 1729129
7 24 1790810 0 1788888425 53823 1714322
4 49 1794321 0 1788888425 122825 1751100
5 49 1769470 0 1788888425 123004 1746528
6 26 1798869 0 1788888425 123231 1728510
4 50 1758350 0 1788888425 200037 1711045
5 50 1741164 0 1788888425 200360 1716237
7 25 1800515 0 1788888425 200534 1722587
4 51 1795424 0 1788888425 285543 1743200
5 51 1791453 0 1788888425 285693 1763987
6 27 1796465 0 1788888425 285859 1710366
4 52 1849317 0 1788888425 372733 1792850
5 52 1831773 0 1788888425 372889 1803294
7 26 1879183 0 1788888425 373633 1790907
4 53 1879515 0 1788888425 476096 1819476
5 53 1879416 0 1788888425 476259 1849389
6 28 1931411 0 1788888425 476408 1827414
4 54 1953739 0 1788888425 627891 1834206
5 54 1937116 0 1788888425 628345 1880830
7 27 1966887 0 1788888425 628780 1813925
4 55 2023226 0 1788888425 740030 1962282
5 55 2014669 0 1788888425 740276 1984710
6 29 2031836 0 1788888425 740475 1918828
4 56 2115578 0 1788888425 842807 2046117
5 56 2085708 0 1788888425 843145 2048113
7 28 2116465 0 1788888425 843235 2013086
4 57 2151324 0 1788888425 963439 2076578
5 57 2150983 0 1788888425 963988 2116580
6 30 2160016 0 1788888425 964180 2038427
4 58 2212354 0 1788888426 40481 2164624
5 58 2151706 0 1788888426 40658 2127901
7 29 2220279 0 1788888426 40839 2142647
4 59 2118861 0 1788888426 121871 2059787
5 59 2098024 0 1788888426 122028 2065330
6 31 2165754 0 1788888426 122167 2083885
4 60 2167340 0 1788888426 215546 2104905
5 60 2143491 0 1788888426 215830 2113675
7 30 2185192 0 1788888426 216899 2089963
4 61 2125067 0 1788888426 305110 2065661
5 61 2064335 0 1788888426 305310 2034923
6 32 2211097 0 1788888426 305456 2120279
4 62 2128623 0 1788888426 394289 2070939
5 62 2127912 0 1788888426 394433 2100882
7 31 2151496 0 1788888426 394568 2061852
4 63 2168406 0 1788888426 473282 2115213
5 63 2155536 0 1788888426 473491 2128169
6 33 2200232 0 1788888426 473953 2120409
4 64 2180827 0 1788888426 549264 2127467
5 64 2138480 0 1788888426 549479 2113238
7 32 2199388 0 1788888426 549654 2122853
4 65 2170935 0 1788888426 616442 2126419
5 65 2170196 0 1788888426 617145 2147424
6 34 2204688 0 1788888426 617261 2136465
4 66 2240646 0 1788888426 713578 2170574
5 66 2237169 0 1788888426 713733 2196816
7 33 2255817 0 1788888426 713827 2158261
4 67 2338597 0 1788888426 827343 2274293
5 67 2313555 0 1788888426 827545 2282090
6 35 2339806 0 1788888426 827685 2225176
4 68 2335658 0 1788888426 909938 2283230
5 68 2298165 0 1788888426 910076 2270204
7 34 2348871 0 1788888426 910222 2265617
4 69 2361196 0 1788888426 991687 2311259
5 69 2350770 0 1788888426 992464 2325203
6 36 2362715 0 1788888426 992639 2279827
4 70 2397753 0 1788888427 67317 2347422
5 70 2391836 0 1788888427 67510 2366199
7 35 2398713 0 1788888427 67676 2322535
4 71 2422033 0 1788888427 150484 2371546
5 71 2388605 0 1788888427 150679 2363214
6 37 2454041 0 1788888427 150855 2370282
4 72 2420925 0 1788888427 229596 2367099
5 72 2418549 0 1788888427 229826 2389096
7 36 2456228 0 1788888427 230046 2376441
4 73 2461995 0 1788888427 308806 2413222
5 73 2422888 0 1788888427 308977 2400432
6 38 2481431 0 1788888427 309763 2401092
4 74 2448454 0 1788888427 378896 2405558
5 74 2430469 0 1788888427 379112 2407137
7 37 2487030 0 1788888427 379213 2416262
4 75 2448724 0 1788888427 444677 2405810
5 75 2423733 0 1788888427 444864 2402240
6 39 2486756 0 1788888427 445020 2420472
4 76 2439694 0 1788888427 507815 2398628
5 76 2387418 0 1788888427 507981 2368435
7 38 2473959 0 1788888427 508139 2410349
4 77 2415076 0 1788888427 570594 2373381
5 77 2407251 0 1788888427 570747 2384886
6 40 2416601 0 1788888427 571348 2352913
4 78 2449035 0 1788888427 633863 2407367
5 78 2374767 0 1788888427 635108 2352039
7 39 2453490 0 1788888427 635358 2388564
4 79 2342694 0 1788888427 700939 2296763
5 79 2307662 0 1788888427 701079 2284715
6 41 2401664 0 1788888427 701196 2333936
4 80 2340189 0 1788888427 761150 2300181
5 80 2326552 0 1788888427 761292 2306332
7 40 2364449 0 1788888427 761416 2303779
4 81 2341802 0 1788888427 827320 2297240
5 81 2317987 0 1788888427 827490 2295183
6 42 2388060 0 1788888427 827587 2321454
4 82 2355653 0 1788888427 894710 2311372
5 82 2305892 0 1788888427 894860 2284478
7 41 2382286 0 1788888427 894995 2314466
4 83 2312282 0 1788888427 961585 2268916
5 83 2285763 0 1788888427 961769 2262973
6 43 2327915 0 1788888427 961917 2260531
4 84 2331298 0 1788888428 30621 2285284
5 84 2276786 0 1788888428 30799 2256541
7 42 2349367 0 1788888428 30988 2279825
4 85 2330065 0 1788888428 100757 2284954
5 85 2318448 0 1788888428 101133 2295513
6 44 2338473 0 1788888428 101288 2267635
4 86 2351583 0 1788888428 170746 2305301
5 86 2344199 0 1788888428 170921 2320699
7 43 2382560 0 1788888428 171084 2310363
4 87 2354302 0 1788888428 247279 2301517
5 87 2264813 0 1788888428 247424 2242754
6 45 2366558 0 1788888428 248376 2288762
4 88 2311206 0 1788888428 322872 2262121
5 88 2238301 0 1788888428 323104 2210050
7 44 2337237 0 1788888428 323205 2261123
4 89 2284934 0 1788888428 401311 2232568
5 89 2284804 0 1788888428 401484 2259106
6 46 2310959 0 1788888428 401611 2232047
4 90 2353738 0 1788888428 477224 2306131
5 90 2352631 0 1788888428 477788 2329260
7 45 2356974 0 1788888428 477889 2280257
4 91 2380306 0 1788888428 551537 2333029
5 91 2324037 0 1788888428 551757 2300175
6 47 2404995 0 1788888428 551903 2330148
4 92 2367010 0 1788888428 625463 2321957
5 92 2356628 0 1788888428 625620 2336407
7 46 2391741 0 1788888428 625765 2317322
4 93 2348098 0 1788888428 700448 2296258
5 93 2300845 0 1788888428 700573 2276344
6 48 2377873 0 1788888428 700699 2302480
4 94 2306005 0 1788888428 774674 2257813
5 94 2298649 0 1788888428 775277 2272144
7 47 2315082 0 1788888428 775435 2239663
4 95 2384223 0 1788888428 895986 2292398
5 95 2383926 0 1788888428 896165 2332432
6 49 2406662 0 1788888428 896294 2284880
4 96 2478905 0 1788888429 12403 2405613
5 96 2438582 0 1788888429 12589 2409987
7 48 2486049 0 1788888429 12735 2369112
4 97 2499560 0 1788888429 90253 2447445
5 97 2489036 0 1788888429 90405 2464253
6 50 2515368 0 1788888429 90517 2437096
4 98 2526438 0 1788888429 160239 2480640
5 98 2504558 0 1788888429 160390 2483674
7 49 2536138 0 1788888429 161049 2465162
4 99 2569265 0 1788888429 233435 2524511
5 99 2564363 0 1788888429 233610 2541062
6 51 2574436 0 1788888429 233723 2500806
4 100 2611459 0 1788888429 312501 2559048
5 100 2584368 0 1788888429 312644 2558831
7 50 2631690 0 1788888429 312827 2552063
4 101 2654826 0 1788888429 398161 2598881
5 101 2613471 0 1788888429 398550 2584652
6 52 2665376 0 1788888429 398913 2578778
4 102 2692154 0 1788888429 488750 2632247
5 102 2672643 0 1788888429 488864 2646047
7 51 2703860 0 1788888429 491251 2610597
4 103 2700175 0 1788888429 561371 2653156
5 103 2653187 0 1788888429 561521 2628993
6 53 2715838 0 1788888429 565792 2638435
4 104 2729543 0 1788888429 642539 2679533
5 104 2687984 0 1788888429 642748 2661121
7 52 2733012 0 1788888429 642848 2651278
4 105 2694572 0 1788888429 723390 2637060
5 105 2682663 0 1788888429 723720 2654932
6 54 2703069 0 1788888429 724378 2621097
4 106 2743668 0 1788888429 805797 2686894
5 106 2741246 0 1788888429 805984 2710577
7 53 2763235 0 1788888429 806129 2679887
4 107 2809426 0 1788888429 886002 2755611
5 107 2796352 0 1788888429 886235 2770386
6 55 2818078 0 1788888429 886339 2737363
4 108 2868822 0 1788888429 978032 2809378
5 108 2807510 0 1788888429 978730 2776731
7 54 2873082 0 1788888429 979011 2779842
4 109 2853942 0 1788888430 77476 2782500
5 109 2827138 0 1788888430 77599 2789673
6 56 2906200 0 1788888430 77941 2806111
4 110 2863354 0 1788888430 197062 2788625
5 110 2855003 0 1788888430 197260 2816492
7 55 2907873 0 1788888430 197604 2787529
4 111 2928541 0 1788888430 290497 2870608
5 111 2918457 0 1788888430 290662 2888208
6 57 2947574 0 1788888430 290801 2853484
4 112 3002531 0 1788888430 397883 2936282
5 112 2995616 0 1788888430 398047 2957971
7 56 3012586 0 1788888430 398135 2904730
4 113 3066125 0 1788888430 491810 3004706
5 113 3043346 0 1788888430 492046 3015942
6 58 3077439 0 1788888430 492198 2982809
4 114 3087351 0 1788888430 572843 3035375
5 114 3052810 0 1788888430 573022 3024151
7 57 3094604 0 1788888430 573127 3013118
4 115 3068235 0 1788888430 646004 3019957
5 115 3055453 0 1788888430 646197 3031404
6 59 3099159 0 1788888430 646365 3025450
4 116 3093605 0 1788888430 717013 3046765
5 116 3076430 0 1788888430 717151 3051677
7 58 3124314 0 1788888430 717292 3052854
4 117 3071401 0 1788888430 800097 3018837
5 117 3052280 0 1788888430 800318 3026572
6 60 3092643 0 1788888430 800942 3008541
4 118 3055745 0 1788888430 891984 2990179
5 118 3046580 0 1788888430 892108 3007116
7 59 3135408 0 1788888430 892251 3042362
4 119 3146594 0 1788888431 16767 3055023
5 119 3147374 0 1788888431 18401 3086076
6 61 3171331 0 1788888431 20242 3042799
4 120 3278974 0 1788888431 161787 3192063
5 120 3258283 0 1788888431 161995 3217258
7 60 3280943 0 1788888431 162093 3134598
4 121 3359986 0 1788888431 275607 3279742
5 121 3338058 0 1788888431 275772 3293584
6 62 3368373 0 1788888431 276629 3253415
4 122 3424712 0 1788888431 372029 3364900
5 122 3400979 0 1788888431 372244 3372992
7 61 3434783 0 1788888431 372807 3337293
4 123 3440792 0 1788888431 441311 3394787
5 123 3398502 0 1788888431 441912 3373215
6 63 3445996 0 1788888431 442055 3375627
4 124 3438209 0 1788888431 532065 3371558
5 124 3423987 0 1788888431 532182 3393363
7 62 3444958 0 1788888431 532572 3353571
4 125 3459475 0 1788888431 617119 3403060
5 125 3416270 0 1788888431 617260 3390191
6 64 3493886 0 1788888431 617417 3408354
4 126 3475337 0 1788888431 697667 3421459
5 126 3399167 0 1788888431 697848 3372782
7 63 3475660 0 1788888431 697950 3394671
4 127 3456498 0 1788888431 781741 3399340
5 127 3447973 0 1788888431 782357 3419403
6 65 3476400 0 1788888431 782501 3391410
4 128 3513542 0 1788888431 861821 3459674
5 128 3490674 0 1788888431 862028 3459149
7 64 3522147 0 1788888431 862169 3441553
4 129 3540643 0 1788888431 942750 3485610
5 129 3512798 0 1788888431 942913 3484385
6 66 3565752 0 1788888431 943204 3484208
4 130 3587096 0 1788888432 26452 3533578
5 130 3569596 0 1788888432 26650 3543852
7 65 3595633 0 1788888432 27096 3511126
4 131 3626303 0 1788888432 118348 3565603
5 131 3596176 0 1788888432 118568 3573522
6 67 3644436 0 1788888432 123433 3547296
4 132 3661443 0 1788888432 200210 3610288
5 132 3651031 0 1788888432 200330 3627292
7 66 3676264 0 1788888432 200478 3594010
4 133 3712907 0 1788888432 273631 3666525
5 133 3709793 0 1788888432 273780 3684648
6 68 3713301 0 1788888432 273909 3639404
4 134 3735017 0 1788888432 341367 3688795
5 134 3679421 0 1788888432 341566 3653996
7 67 3767885 0 1788888432 341836 3699497
4 135 3716130 0 1788888432 414632 3667330
5 135 3699506 0 1788888432 414749 3672158
6 69 3739785 0 1788888432 421800 3659191
4 136 3731412 0 1788888432 524804 3660490
5 136 3728156 0 1788888432 525241 3697604
7 68 3775288 0 1788888432 525385 3664346
4 137 3817230 0 1788888432 632482 3745306
5 137 3779918 0 1788888432 632669 3745118
6 70 3822559 0 1788888432 632774 3714377
4 138 3820822 0 1788888432 724731 3769286
5 138 3795591 0 1788888432 724962 3770579
7 69 3831316 0 1788888432 725067 3738531
4 139 3849289 0 1788888432 804331 3799781
5 139 3844846 0 1788888432 804700 3822009
6 71 3851740 0 1788888432 806321 3769929
4 140 3890064 0 1788888432 883678 3838709
5 140 3862866 0 1788888432 883814 3836623
7 70 3914242 0 1788888432 883940 3834178
4 141 3936620 0 1788888432 977162 3876416
5 141 3903953 0 1788888432 977349 3876266
6 72 3954235 0 1788888432 977449 3860213
4 142 3959541 0 1788888433 69406 3893559
5 142 3938053 0 1788888433 69556 3902868
7 71 3964938 0 1788888433 69642 3872294
4 143 4040821 0 1788888433 179838 3963469
5 143 4034758 0 1788888433 184325 3985654
6 73 4061011 0 1788888433 193316 3936949
4 144 4072877 0 1788888433 294144 4005216
5 144 4070885 0 1788888433 294345 4037931
7 72 4120593 0 1788888433 294490 4005732
4 145 4055475 0 1788888433 385903 3993291
5 145 4050824 0 1788888433 386127 4017142
6 74 4101566 0 1788888433 386267 4009208
4 146 4096163 0 1788888433 469821 4042435
5 146 4094422 0 1788888433 470274 4069976
7 73 4126025 0 1788888433 470412 4041342
4 147 4153834 0 1788888433 551268 4101562
5 147 4129368 0 1788888433 551447 4105438
6 75 4163889 0 1788888433 551577 4081835
4 148 4184190 0 1788888433 627765 4136174
5 148 4183837 0 1788888433 627944 4158434
7 74 4202777 0 1788888433 628053 4125796
4 149 4258148 0 1788888433 715018 4200114
5 149 4256598 0 1788888433 715185 4226816
6 76 4260269 0 1788888433 715467 4172344
4 150 4336314 0 1788888433 811853 4274214
5 150 4311088 0 1788888433 812049 4280343
7 75 4344863 0 1788888433 812185 4247329
4 151 4379397 0 1788888433 914212 4309026
5 151 4335617 0 1788888433 914625 4292111
6 77 4413142 0 1788888433 916340 4308457
4 152 4385011 0 1788888434 23925 4313782
5 152 4380074 0 1788888434 24874 4337066
7 76 4389203 0 1788888434 25797 4277178
4 153 4497804 0 1788888434 185592 4397649
5 153 4458918 0 1788888434 185994 4413441
6 78 4536734 0 1788888434 186097 4374374
4 154 4648038 0 1788888434 390404 4489603
5 154 4575735 0 1788888434 390598 4497094
7 77 4652898 0 1788888434 390763 4446756
4 155 4661075 0 1788888434 525146 4572887
5 155 4660022 0 1788888434 525308 4622070
6 79 4688324 0 1788888434 525779 4550944
4 156 4728222 0 1788888434 636774 4657462
5 156 4718996 0 1788888434 637029 4683271
7 78 4738895 0 1788888434 637263 4625407
4 157 4791540 0 1788888434 738602 4730185
5 157 4794241 0 1788888434 741650 4761261
6 80 4817567 0 1788888434 742026 4712083
4 158 4866747 0 1788888434 833414 4811065
5 158 4857251 0 1788888434 833633 4826467
7 79 4883580 0 1788888434 833804 4788134
4 159 4965820 0 1788888434 982441 4873142
5 159 4965081 0 1788888434 982740 4929766
6 81 4995294 0 1788888434 983358 4844556
4 160 5061569 0 1788888435 82154 4997039
5 160 5056153 0 1788888435 83173 5022086
7 80 5064996 0 1788888435 83395 4963818
4 161 5117893 0 1788888435 189562 5057405
5 161 5114734 0 1788888435 189743 5083887
6 82 5118586 0 1788888435 189859 5010529
4 162 5215793 0 1788888435 305370 5144309
5 162 5199079 0 1788888435 305534 5156726
7 81 5230216 0 1788888435 305637 5113777
4 163 5271371 0 1788888435 478417 5144984
5 163 5219971 0 1788888435 478555 5158842
6 83 5334412 0 1788888435 478742 5160823
4 164 5300481 0 1788888435 573253 5239658
5 164 5301127 0 1788888435 574892 5266356
7 82 5302580 0 1788888435 575217 5205563
4 165 5348810 0 1788888435 687463 5273159
5 165 5218337 0 1788888435 687623 5179397
6 84 5413214 0 1788888435 687759 5298468
4 166 5293081 0 1788888435 770836 5242413
5 166 5260456 0 1788888435 771084 5235191
7 83 5294062 0 1788888435 771350 5209776
4 167 5311462 0 1788888435 855381 5258066
5 167 5299135 0 1788888435 855578 5271819
6 85 5325739 0 1788888435 855677 5240712
4 168 5399813 0 1788888435 966664 5321793
5 168 5376714 0 1788888435 967542 5331992
7 84 5410208 0 1788888435 967995 5297473
4 169 5472904 0 1788888436 76768 5409718
5 169 5470396 0 1788888436 76961 5442506
6 86 5482462 0 1788888436 77058 5371809
4 170 5500105 0 1788888436 163316 5443156
5 170 5489415 0 1788888436 163513 5462224
7 85 5521582 0 1788888436 163601 5434346
4 171 5541959 0 1788888436 243077 5493538
5 171 5506501 0 1788888436 243261 5481358
6 87 5551626 0 1788888436 243420 5471312
4 172 5576612 0 1788888436 351561 5515123
5 172 5559694 0 1788888436 351673 5533901
7 86 5584669 0 1788888436 355292 5472184
4 173 5613090 0 1788888436 443260 5557814
5 173 5608770 0 1788888436 443464 5581543
6 88 5619846 0 1788888436 443663 5527611
4 174 5739181 0 1788888436 604191 5615204
5 174 5735819 0 1788888436 604373 5654069
7 87 5744305 0 1788888436 604470 5582905
4 175 5874994 0 1788888436 805277 5742539
5 175 5847344 0 1788888436 808275 5778237
6 89 5908182 0 1788888436 808388 5703856
4 176 5873943 0 1788888436 975925 5774139
5 176 5873291 0 1788888436 976463 5833396
7 88 5928238 0 1788888436 982612 5750794
4 177 5976207 0 1788888437 121971 5892548
5 177 5959544 0 1788888437 122377 5920528
6 90 5998319 0 1788888437 122488 5851500
4 178 6114120 0 1788888437 347732 5938475
5 178 6050553 0 1788888437 347958 5928447
7 89 6146232 0 1788888437 348359 5919477
4 179 6135067 0 1788888437 491453 6033990
5 179 6140489 0 1788888437 498680 6080722
6 91 6170129 0 1788888437 498856 6015283
4 180 6294037 0 1788888437 670652 6188338
5 180 6284580 0 1788888437 671432 6231586
7 90 6298419 0 1788888437 673292 6114495
4 181 6425925 0 1788888437 840530 6315579
5 181 6414967 0 1788888437 843135 6359967
6 92 6440756 0 1788888437 843397 6267304
4 182 6556988 0 1788888438 22292 6449078
5 182 6542282 0 1788888438 22437 6497488
7 91 6592340 0 1788888438 28201 6403836
4 183 6642428 0 1788888438 174057 6548549
5 183 6628929 0 1788888438 174269 6582471
6 93 6650472 0 1788888438 180006 6492181
4 184 6762005 0 1788888438 332758 6658606
5 184 6730654 0 1788888438 333881 6668113
7 92 6770382 0 1788888438 334590 6609537
4 185 6822165 0 1788888438 465920 6734464
5 185 6793624 0 1788888438 466418 6751666
6 94 6857671 0 1788888438 466592 6723095
4 186 6889237 0 1788888438 603556 6794560
5 186 6884066 0 1788888438 603682 6833861
7 93 6906487 0 1788888438 603794 6768198
4 187 6984601 0 1788888438 735672 6900760
5 187 6981264 0 1788888438 736118 6929034
6 95 6986086 0 1788888438 736688 6851053
4 188 7111176 0 1788888438 880035 7015549
5 188 7065437 0 1788888438 880252 7014845
7 94 7118009 0 1788888438 880379 6973065
4 189 7192251 0 1788888439 32581 7095160
5 189 7191744 0 1788888439 32860 7145328
6 96 7215058 0 1788888439 34111 7057900
4 190 7359938 0 1788888439 216493 7216726
5 190 7347660 0 1788888439 219953 7261616
7 95 7369687 0 1788888439 220087 7181564
4 191 7347661 0 1788888439 377570 7242876
5 191 7341645 0 1788888439 377993 7280219
6 97 7456574 0 1788888439 379047 7293726
4 192 7450775 0 1788888439 618578 7297956
5 192 7456533 0 1788888439 625146 7386884
7 96 7566135 0 1788888439 629705 7313704
4 193 7663990 0 1788888439 861049 7557457
5 193 7649598 0 1788888439 862281 7598437
6 98 7668655 0 1788888439 862551 7424508
4 194 7716168 0 1788888440 27010 7618041
5 194 7713162 0 1788888440 27232 7675145
7 97 7790172 0 1788888440 27657 7622556
4 195 7794571 0 1788888440 139718 7719068
5 195 7778097 0 1788888440 140217 7743725
6 99 7811348 0 1788888440 141682 7696380
4 196 7819988 0 1788888440 252739 7756292
5 196 7805769 0 1788888440 253078 7770590
7 98 7833233 0 1788888440 253188 7719605
4 197 7875328 0 1788888440 371616 7795078
5 197 7870834 0 1788888440 372193 7825751
6 100 7917537 0 1788888440 372309 7796908
4 198 7978956 0 1788888440 483932 7913208
5 198 7954644 0 1788888440 484101 7921067
7 99 7979590 0 1788888440 484480 7866424
4 199 8047223 0 1788888440 590539 7979854
5 199 8046447 0 1788888440 590695 8013173
6 101 8060300 0 1788888440 590783 7953242
4 200 8081479 0 1788888440 684751 8017641
5 200 7991945 0 1788888440 684865 7960453
7 100 8098624 0 1788888440 684954 8004040
4 201 7932174 0 1788888440 772799 7873172
5 201 7915500 0 1788888440 773709 7883402
6 102 8038048 0 1788888440 774084 7948536
4 202 7996233 0 1788888440 867486 7935063
5 202 7982467 0 1788888440 867692 7951919
7 101 8003652 0 1788888440 867969 7906834
4 203 8084045 0 1788888440 988796 8002706
5 203 8060591 0 1788888440 989146 8024445
6 103 8096722 0 1788888440 994483 7969511
4 204 8130373 0 1788888441 108626 8059196
5 204 8124397 0 1788888441 108782 8085929
7 102 8172634 0 1788888441 109118 8052115
4 205 8188878 0 1788888441 218322 8120812
5 205 8189793 0 1788888441 219253 8155798
6 104 8201146 0 1788888441 219407 8090059
4 206 8146717 0 1788888441 318294 8086915
5 206 8146565 0 1788888441 318450 8115572
7 103 8200225 0 1788888441 318649 8099567
4 207 8154374 0 1788888441 390012 8105643
5 207 8084377 0 1788888441 390169 8057819
6 105 8213876 0 1788888441 390363 8141603
4 208 8130828 0 1788888441 456640 8084456
5 208 8072613 0 1788888441 456764 8050549
7 104 8131853 0 1788888441 456853 8064839
4 209 8116408 0 1788888441 522443 8071990
5 209 8116812 0 1788888441 523109 8094479
6 106 8130812 0 1788888441 523271 8064030
4 210 8154120 0 1788888441 595556 8102698
5 210 8151511 0 1788888441 595693 8126212
7 105 8162347 0 1788888441 595806 8088837
4 211 8184897 0 1788888441 674287 8130219
5 211 8175051 0 1788888441 674420 8144119
6 107 8205703 0 1788888441 674513 8126576
4 212 8199806 0 1788888441 746200 8154265
5 212 8170807 0 1788888441 746408 8149361
7 106 8242802 0 1788888441 746548 8170393
4 213 8219659 0 1788888441 811495 8179236
5 213 8205580 0 1788888441 812089 8184967
6 108 8227691 0 1788888441 812221 8161514
4 214 8241579 0 1788888441 884324 8191937
5 214 8239238 0 1788888441 884508 8212096
7 107 8273323 0 1788888441 884689 8199968
4 215 8275798 0 1788888441 968995 8215458
5 215 8262056 0 1788888441 969230 8226999
6 109 8314039 0 1788888441 969379 8228766
4 216 8317909 0 1788888442 61390 8257308
5 216 8267545 0 1788888442 61680 8242545
7 108 8352816 0 1788888442 61970 8259556
4 217 8317742 0 1788888442 135166 8271590
5 217 8299647 0 1788888442 135397 8274847
6 110 8324854 0 1788888442 137917 8248161
4 218 8319078 0 1788888442 207318 8273391
5 218 8295515 0 1788888442 207521 8273359
7 109 8337623 0 1788888442 207681 8264841
4 219 8349856 0 1788888442 276086 8302658
5 219 8337985 0 1788888442 276253 8314007
6 111 8356405 0 1788888442 276369 8287169
4 220 8391735 0 1788888442 371417 8325805
5 220 8378817 0 1788888442 371584 8348153
7 110 8417129 0 1788888442 371676 8321397
4 221 8403027 0 1788888442 451186 8349944
5 221 8401719 0 1788888442 451546 8375897
6 112 8414635 0 1788888442 455394 8330425
4 222 8482981 0 1788888442 543162 8425242
5 222 8461789 0 1788888442 543269 8428304
7 111 8486047 0 1788888442 543358 8393731
4 223 8481770 0 1788888442 638164 8421595
5 223 8466149 0 1788888442 638326 8432476
6 113 8541124 0 1788888442 638624 8445236
4 224 8532161 0 1788888442 724783 8472676
5 224 8524681 0 1788888442 724948 8491997
7 112 8545200 0 1788888442 725032 8458155
4 225 8551607 0 1788888442 814886 8499636
5 225 8538479 0 1788888442 815348 8514677
6 114 8605649 0 1788888442 816490 8513745
4 226 8599688 0 1788888442 897330 8547558
5 226 8554463 0 1788888442 897483 8532469
7 113 8618668 0 1788888442 897564 8535530
4 227 8590860 0 1788888442 973109 8542174
5 227 8585219 0 1788888442 973296 8562931
6 115 8620741 0 1788888442 973428 8544456
4 228 8656535 0 1788888443 53655 8598413
5 228 8651529 0 1788888443 53810 8621729
7 114 8659398 0 1788888443 53930 8578418
4 229 8637712 0 1788888443 143679 8576499
5 229 8628460 0 1788888443 143930 8598784
6 116 8657660 0 1788888443 144779 8566331
4 230 8693761 0 1788888443 263997 8614845
5 230 8693092 0 1788888443 264196 8651480
7 115 8713102 0 1788888443 264457 8592128
4 231 8785138 0 1788888443 376647 8712953
5 231 8761561 0 1788888443 376883 8726010
6 117 8800564 0 1788888443 376971 8686439
4 232 8877789 0 1788888443 512529 8784345
5 232 8821616 0 1788888443 512753 8772846
7 116 8892486 0 1788888443 513268 8755675
4 233 8848625 0 1788888443 597846 8792798
5 233 8834027 0 1788888443 598041 8808293
6 118 8860326 0 1788888443 598141 8774548
4 234 8902512 0 1788888443 686755 8843826
5 234 8860996 0 1788888443 686993 8834832
7 117 8911055 0 1788888443 687231 8821487
4 235 8933621 0 1788888443 775298 8868992
5 235 8931329 0 1788888443 775486 8897580
6 119 8949879 0 1788888443 779128 8857303
4 236 8976174 0 1788888443 858659 8926401
5 236 8966346 0 1788888443 858809 8942809
7 118 8998182 0 1788888443 858918 8914391
4 237 9007154 0 1788888443 951936 8946387
5 237 8985762 0 1788888443 952097 8958000
6 120 9022449 0 1788888443 952190 8928779
4 238 9021027 0 1788888444 57596 8953621
5 238 8985011 0 1788888444 57777 8945748
7 119 9044105 0 1788888444 58038 8937835
4 239 9107360 0 1788888444 196929 9011474
5 239 9097380 0 1788888444 197093 9060906
6 121 9114078 0 1788888444 197233 8974239
4 240 9203811 0 1788888444 313786 9130388
5 240 9164293 0 1788888444 314387 9133588
7 120 9218010 0 1788888444 319431 9095241
4 241 9255355 0 1788888444 417608 9193399
5 241 9195149 0 1788888444 417852 9167493
6 122 9255946 0 1788888444 418109 9151446
4 242 9310357 0 1788888444 551993 9215384
5 242 9298245 0 1788888444 552204 9256867
7 121 9327738 0 1788888444 552402 9192722
4 243 9366893 0 1788888444 672933 9286576
5 243 9363331 0 1788888444 673106 9320930
6 123 9423309 0 1788888444 678002 9296962
4 244 9327549 0 1788888444 795471 9256205
5 244 9303807 0 1788888444 795659 9268130
7 122 9354754 0 1788888444 796016 9231263
4 245 9392365 0 1788888444 902711 9317962
5 245 9390243 0 1788888444 902831 9347632
6 124 9412804 0 1788888444 911813 9296224
4 246 9459646 0 1788888444 997887 9408224
5 246 9420017 0 1788888444 998039 9396543
7 123 9481538 0 1788888444 998183 9385377
4 247 9486080 0 1788888445 78414 9432257
5 247 9468224 0 1788888445 78608 9439207
6 125 9491196 0 1788888445 78774 9410137
4 248 9536267 0 1788888445 150410 9488264
5 248 9510252 0 1788888445 150570 9488077
7 124 9540682 0 1788888445 151304 9467610
4 249 9542045 0 1788888445 226224 9492744
5 249 9541317 0 1788888445 226403 9516105
6 126 9575377 0 1788888445 226531 9499087
4 250 9615098 0 1788888445 308882 9556441
5 250 9605728 0 1788888445 309110 9576987
7 125 9621150 0 1788888445 309249 9537970
4 251 9687248 0 1788888445 399397 9626289
5 251 9686412 0 1788888445 399594 9657818
6 127 9690320 0 1788888445 399689 9599346
4 252 9731197 0 1788888445 493440 9667746
5 252 9673998 0 1788888445 493641 9640467
7 126 9746194 0 1788888445 493774 9651648
4 253 9777137 0 1788888445 616056 9709853
5 253 9737992 0 1788888445 616277 9705709
6 128 9790732 0 1788888445 616457 9667493
4 254 9774135 0 1788888445 719128 9701184
5 254 9750110 0 1788888445 720036 9711917
7 127 9807089 0 1788888445 720184 9702728
4 255 9812231 0 1788888445 827495 9741908
5 255 9792157 0 1788888445 827606 9757701
6 129 9812670 0 1788888445 827686 9702836
4 256 9848673 0 1788888445 930492 9775768
5 256 9819951 0 1788888445 933016 9781411
7 128 9856169 0 1788888445 933188 9749823
4 257 9881681 0 1788888446 24930 9825119
5 257 9880424 0 1788888446 25083 9850122
6 130 9908303 0 1788888446 25448 9811682
4 258 9915553 0 1788888446 106893 9864570
5 258 9916100 0 1788888446 108033 9888094
7 129 9920903 0 1788888446 108296 9837381
4 259 9955384 0 1788888446 193068 9899884
5 259 9955325 0 1788888446 193185 9925744
6 131 9975164 0 1788888446 193338 9888554
4 260 9979501 0 1788888446 269988 9925373
5 260 9971380 0 1788888446 270262 9939324
7 130 10001886 0 1788888446 270421 9924365
4 261 10056172 0 1788888446 367932 9996368
5 261 10046349 0 1788888446 368129 10017119
6 132 10061445 0 1788888446 368292 9962906
4 262 10132748 0 1788888446 462618 10076328
5 262 10133344 0 1788888446 463312 10100048
7 131 10139982 0 1788888446 463495 10044238
4 263 10182711 0 1788888446 543308 10131236
5 263 10182723 0 1788888446 543843 10153408
6 133 10185467 0 1788888446 543994 10103920
4 264 10146878 0 1788888446 624927 10098081
5 264 10142327 0 1788888446 625063 10117298
7 132 10248128 0 1788888446 625193 10166070
4 265 10188145 0 1788888446 707812 10132454
5 265 10172307 0 1788888446 708008 10143773
6 134 10217240 0 1788888446 708108 10133926
4 266 10196789 0 1788888446 797469 10138886
5 266 10190623 0 1788888446 798155 10160576
7 133 10254050 0 1788888446 798428 10162940
4 267 10244349 0 1788888446 885432 10190344
5 267 10223987 0 1788888446 885595 10198385
6 135 10260592 0 1788888446 885698 10172200
4 268 10284106 0 1788888446 967341 10229970
5 268 10278653 0 1788888446 967541 10247615
7 134 10299361 0 1788888446 967777 10216852
4 269 10331232 0 1788888447 51195 10279425
5 269 10322700 0 1788888447 51354 10297175
6 136 10344768 0 1788888447 51885 10260036
4 270 10390046 0 1788888447 137483 10335179
5 270 10355831 0 1788888447 137666 10326217
7 135 10392160 0 1788888447 137830 10305382
4 271 10396779 0 1788888447 210332 10350212
5 271 10375525 0 1788888447 210484 10352027
6 137 10405885 0 1788888447 210614 10332555
4 272 10410761 0 1788888447 281404 10362763
5 272 10378791 0 1788888447 281542 10354656
7 136 10419256 0 1788888447 281631 10347789
4 273 10428777 0 1788888447 353816 10383459
5 273 10397019 0 1788888447 354028 10373990
6 138 10429254 0 1788888447 354161 10356340
4 274 10361112 0 1788888447 443928 10301976
5 274 10351361 0 1788888447 444042 10324528
7 137 10442671 0 1788888447 444270 10351968
4 275 10402853 0 1788888447 528317 10347888
5 275 10387832 0 1788888447 528471 10357008
6 139 10405856 0 1788888447 528643 10320961
4 276 10445799 0 1788888447 601542 10395740
5 276 10398826 0 1788888447 601681 10376196
7 138 10453210 0 1788888447 601813 10379534
4 277 10458043 0 1788888447 673736 10409659
5 277 10425239 0 1788888447 673902 10400013
6 140 10465673 0 1788888447 674036 10392854
4 278 10449741 0 1788888447 746711 10401513
5 278 10419571 0 1788888447 746894 10395174
7 139 10489177 0 1788888447 747181 10415563
4 279 10444490 0 1788888447 816629 10399208
5 279 10437861 0 1788888447 816786 10414791
6 141 10476917 0 1788888447 817128 10406329
4 280 10493764 0 1788888447 899723 10431495
5 280 10469581 0 1788888447 899889 10438128
7 140 10496281 0 1788888447 900228 10412522
4 281 10527773 0 1788888447 979737 10474382
5 281 10451504 0 1788888447 980371 10421457
6 142 10530649 0 1788888447 981438 10448732
4 282 10506004 0 1788888448 59564 10458841
5 282 10486333 0 1788888448 59728 10461438
7 141 10514170 0 1788888448 59899 10432603
4 283 10535215 0 1788888448 140361 10481021
5 283 10534270 0 1788888448 140619 10509125
6 143 10563095 0 1788888448 140705 10481782
4 284 10533069 0 1788888448 215415 10483726
5 284 10444353 0 1788888448 215514 10418638
7 142 10578837 0 1788888448 215686 10503213
4 285 10493308 0 1788888448 287451 10447490
5 285 10484847 0 1788888448 287660 10460255
6 144 10496544 0 1788888448 289469 10422333
4 286 10569676 0 1788888448 381275 10511825
5 286 10550848 0 1788888448 381632 10521838
7 143 10573484 0 1788888448 383027 10477705
4 287 10660066 0 1788888448 512705 10567138
5 287 10659498 0 1788888448 512909 10614142
6 145 10676397 0 1788888448 513281 10543845
4 288 10665733 0 1788888448 594475 10616465
5 288 10631107 0 1788888448 595001 10603820
7 144 10741648 0 1788888448 595115 10658957
4 289 10679871 0 1788888448 680454 10622989
5 289 10663852 0 1788888448 680595 10634097
6 146 10715227 0 1788888448 681126 10628360
4 290 10685105 0 1788888448 771118 10626133
5 290 10681411 0 1788888448 771314 10654165
7 145 10728552 0 1788888448 771572 10637242
4 291 10737551 0 1788888448 844133 10688482
5 291 10716701 0 1788888448 844253 10689059
6 147 10750407 0 1788888448 844351 10676956
4 292 10783866 0 1788888448 928542 10732779
5 292 10776951 0 1788888448 928725 10750773
7 146 10800507 0 1788888448 928858 10715593
4 293 10826755 0 1788888449 536 10780036
5 293 10820046 0 1788888449 1187 10798281
6 148 10830933 0 1788888449 1330 10757964
4 294 10865476 0 1788888449 65960 10820862
5 294 10855620 0 1788888449 66134 10834001
7 147 10873856 0 1788888449 66234 10807954
4 295 10887591 0 1788888449 131800 10843303
5 295 10864659 0 1788888449 131940 10840929
6 149 10918813 0 1788888449 132107 10852515
4 296 10870656 0 1788888449 198599 10825595
5 296 10852330 0 1788888449 198772 10829345
7 148 10926552 0 1788888449 198910 10859286
4 297 10828969 0 1788888449 265870 10783203
5 297 10801077 0 1788888449 266481 10777131
6 150 10894461 0 1788888449 266769 10826144
4 298 10794560 0 1788888449 333252 10748869
5 298 10778286 0 1788888449 333393 10755244
7 149 10865969 0 1788888449 333471 10798212
4 299 10826240 0 1788888449 398540 10782517
5 299 10716538 0 1788888449 398670 10694329
6 151 10838173 0 1788888449 398797 10772153
4 300 10750311 0 1788888449 465090 10705074
5 300 10729537 0 1788888449 465265 10706690
7 150 10751301 0 1788888449 465399 10684231
4 301 10766944 0 1788888449 530305 10723051
5 301 10762746 0 1788888449 530900 10740938
6 152 10781112 0 1788888449 531084 10714979
4 302 10824229 0 1788888449 608119 10771179
5 302 10805645 0 1788888449 608277 10780049
7 151 10837485 0 1788888449 608414 10759232
4 303 10808192 0 1788888449 678276 10763841
5 303 10775970 0 1788888449 678392 10752621
6 153 10820882 0 1788888449 678486 10750310
4 304 10817809 0 1788888449 747925 10773768
5 304 10817283 0 1788888449 748041 10794693
7 152 10828943 0 1788888449 748118 10758937
4 305 10805100 0 1788888449 811091 10764374
5 305 10782452 0 1788888449 811364 10761748
6 154 10828710 0 1788888449 811533 10764953
4 306 10834348 0 1788888449 876476 10788920
5 306 10814589 0 1788888449 876627 10787661
7 153 10844396 0 1788888449 876760 10778521
4 307 10795529 0 1788888449 951872 10741206
5 307 10791965 0 1788888449 951985 10768553
6 155 10813068 0 1788888449 952090 10737299
4 308 10855337 0 1788888450 24644 10804883
5 308 10821446 0 1788888450 25177 10794712
7 154 10861945 0 1788888450 25344 10788334
4 309 10858937 0 1788888450 103733 10803468
5 309 10819664 0 1788888450 103930 10788926
6 156 10860692 0 1788888450 104111 10780885
4 310 10845424 0 1788888450 174562 10800408
5 310 10836613 0 1788888450 174794 10813281
7 155 10845990 0 1788888450 174885 10774683
4 311 10811630 0 1788888450 254717 10757654
5 311 10800548 0 1788888450 254899 10767814
6 157 10889887 0 1788888450 255211 10809001
4 312 10860186 0 1788888450 331178 10810547
5 312 10856403 0 1788888450 331363 10826598
7 156 10867229 0 1788888450 331507 10790190
4 313 10896653 0 1788888450 416112 10838011
5 313 10871315 0 1788888450 416210 10841539
6 158 10934844 0 1788888450 416480 10849391
4 314 10920182 0 1788888450 513665 10853824
5 314 10874300 0 1788888450 513896 10832719
7 157 10966395 0 1788888450 513999 10868373
4 315 10943016 0 1788888450 622791 10864263
5 315 10932472 0 1788888450 623063 10892485
6 159 10950555 0 1788888450 623542 10840517
4 316 11004998 0 1788888450 723380 10942422
5 316 10989094 0 1788888450 723584 10963009
7 158 11018429 0 1788888450 724698 10916289
4 317 11052602 0 1788888450 817123 10984713
5 317 11024505 0 1788888450 817374 10990208
6 160 11058230 0 1788888450 817522 10963883
4 318 11091189 0 1788888450 915502 11024112
5 318 11023384 0 1788888450 918651 10985971
7 159 11107315 0 1788888450 918837 11005116
4 319 11075579 0 1788888451 37564 10997311
5 319 11071587 0 1788888451 37791 11030179
6 161 11092498 0 1788888451 37927 10969946
4 320 11164730 0 1788888451 152256 11082179
5 320 11162033 0 1788888451 152393 11121777
7 160 11180074 0 1788888451 153361 11063915
4 321 11217887 0 1788888451 257030 11146589
5 321 11197613 0 1788888451 260743 11163957
6 162 11236308 0 1788888451 261427 11126930
4 322 11268620 0 1788888451 363646 11202134
5 322 11259632 0 1788888451 363841 11221471
7 161 11300788 0 1788888451 363977 11193615
4 323 11321343 0 1788888451 450823 11263536
5 323 11308668 0 1788888451 451099 11274750
6 163 11338636 0 1788888451 451422 11250698
4 324 11392414 0 1788888451 545960 11326448
5 324 11386437 0 1788888451 546231 11358876
7 162 11402404 0 1788888451 548559 11303992
4 325 11424115 0 1788888451 631068 11364266
5 325 11379684 0 1788888451 631226 11348026
6 164 11448061 0 1788888451 631361 11362473
4 326 11484696 0 1788888451 751405 11412568
5 326 11424591 0 1788888451 751621 11394854
7 163 11489184 0 1788888451 752263 11367804
4 327 11499227 0 1788888451 848472 11443432
5 327 11494222 0 1788888451 848642 11464482
6 165 11510242 0 1788888451 848787 11412656
4 328 11581538 0 1788888451 957005 11506320
5 328 11575135 0 1788888451 963821 11525792
7 164 11591607 0 1788888451 963941 11475952
4 329 11675823 0 1788888452 114021 11567953
5 329 11672757 0 1788888452 114434 11617051
6 166 11679964 0 1788888452 114629 11522104
4 330 11799972 0 1788888452 269497 11699790
5 330 11796570 0 1788888452 269841 11750340
7 165 11812437 0 1788888452 269934 11656299
4 331 11908646 0 1788888452 384385 11839070
5 331 11835519 0 1788888452 384581 11803425
6 167 11910439 0 1788888452 384735 11795023
4 332 11913247 0 1788888452 488051 11842147
5 332 11912791 0 1788888452 488850 11878980
7 166 11917103 0 1788888452 489102 11812176
4 333 11924376 0 1788888452 586847 11860309
5 333 11922619 0 1788888452 589406 11887234
6 168 11980770 0 1788888452 589710 11878893
4 334 12037116 0 1788888452 711119 11948359
5 334 12032851 0 1788888452 711316 11985096
7 167 12042921 0 1788888452 711455 11918106
4 335 12181940 0 1788888452 878335 12060434
5 335 12176904 0 1788888452 878469 12113339
6 169 12195070 0 1788888452 878621 12027350
4 336 12275749 0 1788888453 52314 12159923
5 336 12256869 0 1788888453 52931 12191450
7 168 12279896 0 1788888453 53033 12104970
4 337 12417259 0 1788888453 223460 12323872
5 337 12363555 0 1788888453 223677 12321139
6 170 12421080 0 1788888453 223872 12247075
4 338 12409802 0 1788888453 330327 12351291
5 338 12375681 0 1788888453 330447 12345014
7 169 12412063 0 1788888453 330542 12304729
4 339 12496560 0 1788888453 461518 12416002
5 339 12497155 0 1788888453 462785 12452023
6 171 12503292 0 1788888453 467295 12366134
4 340 12556256 0 1788888453 557258 12500587
5 340 12500778 0 1788888453 557654 12474988
7 170 12587701 0 1788888453 558444 12490115
4 341 12554647 0 1788888453 648637 12492414
5 341 12539173 0 1788888453 648822 12507392
6 172 12566547 0 1788888453 648919 12474680
4 342 12585614 0 1788888453 724722 12537737
5 342 12585165 0 1788888453 724842 12561474
7 171 12614032 0 1788888453 724929 12537542
4 343 12634497 0 1788888453 806112 12577943
5 343 12586137 0 1788888453 806265 12558346
6 173 12644746 0 1788888453 806339 12562935
4 344 12654433 0 1788888453 896893 12595220
5 344 12645151 0 1788888453 897084 12613179
7 172 12673074 0 1788888453 897219 12581822
4 345 12712538 0 1788888453 979189 12658772
5 345 12692554 0 1788888453 979398 12665092
6 174 12713115 0 1788888453 979506 12630211
4 346 12758157 0 1788888454 56856 12706677
5 346 12679884 0 1788888454 57109 12656184
7 173 12759466 0 1788888454 57252 12680817
4 347 12710895 0 1788888454 137458 12659893
5 347 12700350 0 1788888454 137672 12674690
6 175 12749592 0 1788888454 137778 12668387
4 348 12714462 0 1788888454 207039 12671719
5 348 12708349 0 1788888454 207228 12686185
7 174 12715303 0 1788888454 207319 12645266
4 349 12761296 0 1788888454 278030 12715724
5 349 12752624 0 1788888454 278828 12728247
6 176 12771174 0 1788888454 279211 12698786
4 350 12800502 0 1788888454 351147 12751582
5 350 12794449 0 1788888454 351253 12768472
7 175 12805912 0 1788888454 351383 12732334
4 351 12864405 0 1788888454 429502 12815916
5 351 12821353 0 1788888454 429692 12796952
6 177 12873913 0 1788888454 431680 12793145
4 352 12830648 0 1788888454 523220 12771261
5 352 12807870 0 1788888454 523539 12778456
7 176 12913415 0 1788888454 523810 12818893
4 353 12885315 0 1788888454 635212 12809659
5 353 12874992 0 1788888454 635328 12830349
6 178 12886729 0 1788888454 635609 12773889
4 354 12916594 0 1788888454 734612 12851792
5 354 12873649 0 1788888454 734793 12838803
7 177 12926239 0 1788888454 734885 12825705
4 355 12952769 0 1788888454 853761 12883304
5 355 12951723 0 1788888454 854045 12922265
6 179 12959868 0 1788888454 854866 12839465
4 356 13050571 0 1788888454 983824 12959725
5 356 13037233 0 1788888454 983979 12986877
7 178 13072878 0 1788888454 987845 12938548
4 357 13134185 0 1788888455 133072 13041870
5 357 13101248 0 1788888455 133683 13052366
6 180 13160897 0 1788888455 133867 13010352
4 358 13162163 0 1788888455 233834 13099589
5 358 13154722 0 1788888455 234008 13124440
7 179 13184193 0 1788888455 234155 13082233
4 359 13254777 0 1788888455 340785 13189400
5 359 13246730 0 1788888455 341414 13218361
6 181 13258978 0 1788888455 341523 13151068
4 360 13338680 0 1788888455 447483 13264462
5 360 13316841 0 1788888455 447677 13275458
7 180 13347291 0 1788888455 447783 13240100
4 361 13356773 0 1788888455 540078 13300829
5 361 13342674 0 1788888455 540239 13314464
6 182 13368319 0 1788888455 540626 13274890
4 362 13365490 0 1788888455 628387 13309936
5 362 13362490 0 1788888455 628633 13336319
7 181 13397075 0 1788888455 628771 13308215
4 363 13401747 0 1788888455 730312 13344041
5 363 13401617 0 1788888455 731468 13372960
6 183 13411410 0 1788888455 731634 13307956
4 364 13502497 0 1788888455 837890 13437648
5 364 13438823 0 1788888455 838120 13404007
7 182 13505642 0 1788888455 838301 13397344
4 365 13444580 0 1788888455 938363 13375120
5 365 13436368 0 1788888455 938550 13405681
6 184 13531019 0 1788888455 938901 13429763
4 366 13440318 0 1788888456 25680 13383780
5 366 13423946 0 1788888456 25876 13391064
7 183 13450227 0 1788888456 25980 13362441
4 367 13472213 0 1788888456 105726 13421273
5 367 13466581 0 1788888456 106322 13442760
6 185 13493835 0 1788888456 106480 13412838
4 368 13512819 0 1788888456 192094 13457413
5 368 13500972 0 1788888456 192296 13470056
7 184 13544355 0 1788888456 192385 13457534
4 369 13512889 0 1788888456 280126 13455611
5 369 13478760 0 1788888456 280397 13446382
6 186 13549717 0 1788888456 280521 13461108
4 370 13547874 0 1788888456 373494 13483325
5 370 13435893 0 1788888456 373622 13400963
7 185 13549868 0 1788888456 373921 13454514
4 371 13431784 0 1788888456 467394 13371303
5 371 13416934 0 1788888456 471171 13384136
6 187 13493186 0 1788888456 471333 13395123
4 372 13485780 0 1788888456 560426 13424265
5 372 13407614 0 1788888456 560573 13372528
7 186 13502894 0 1788888456 560665 13409375
4 373 13446645 0 1788888456 641351 13391430
5 373 13415875 0 1788888456 641656 13390808
6 188 13487853 0 1788888456 642051 13406022
4 374 13468070 0 1788888456 728531 13408689
5 374 13460193 0 1788888456 728658 13432863
7 187 13483665 0 1788888456 728796 13396030
4 375 13535953 0 1788888456 820319 13475108
5 375 13523768 0 1788888456 820770 13488802
6 189 13543067 0 1788888456 821287 13450092
4 376 13606697 0 1788888456 915353 13541152
5 376 13605178 0 1788888456 915535 13571031
7 188 13611716 0 1788888456 915734 13515813
4 377 13650039 0 1788888457 7219 13594521
5 377 13628649 0 1788888457 7445 13601873
6 190 13683432 0 1788888457 7592 13590922
4 378 13714334 0 1788888457 137554 13615698
5 378 13705196 0 1788888457 137728 13642274
7 189 13738530 0 1788888457 137818 13607746
4 379 13839111 0 1788888457 293801 13747717
5 379 13831533 0 1788888457 293916 13797240
6 191 13860545 0 1788888457 294408 13703431
4 380 13856353 0 1788888457 381283 13799933
5 380 13845334 0 1788888457 381502 13819252
7 190 13883908 0 1788888457 381612 13795927
4 381 13910250 0 1788888457 474841 13848721
5 381 13896425 0 1788888457 475320 13866493
6 192 13929648 0 1788888457 476692 13833975
4 382 13933857 0 1788888457 561866 13878001
5 382 13925338 0 1788888457 562059 13896230
7 191 13967137 0 1788888457 562903 13878887
4 383 13926710 0 1788888457 643448 13870766
5 383 13925044 0 1788888457 643638 13898779
6 193 13943854 0 1788888457 643788 13861767
4 384 13993057 0 1788888457 732013 13937009
5 384 13977266 0 1788888457 732230 13951050
7 192 14003746 0 1788888457 732455 13914562
4 385 13978627 0 1788888457 825867 13921868
5 385 13970527 0 1788888457 826039 13939560
6 194 14026526 0 1788888457 826224 13932161
4 386 14002496 0 1788888457 908164 13947215
5 386 13998034 0 1788888457 908333 13973618
7 193 14030825 0 1788888457 910214 13946286
4 387 14028445 0 1788888457 982472 13981486
5 387 14026880 0 1788888457 983059 14001873
6 195 14069707 0 1788888457 983377 13994317
4 388 14068780 0 1788888458 56815 14019377
5 388 14040275 0 1788888458 56940 14012221
7 194 14092330 0 1788888458 57040 14017572
4 389 14083648 0 1788888458 125848 14040317
5 389 14074124 0 1788888458 125946 14052562
6 196 14099748 0 1788888458 126021 14030381
4 390 14108727 0 1788888458 200246 14059873
5 390 14069565 0 1788888458 200547 14044276
7 195 14129253 0 1788888458 201323 14053647
4 391 14094878 0 1788888458 272249 14045837
5 391 14089918 0 1788888458 272446 14061889
6 197 14122061 0 1788888458 272564 14048706
4 392 14102990 0 1788888458 340348 14056329
5 392 14095185 0 1788888458 340458 14073885
7 196 14127486 0 1788888458 340628 14058930
4 393 14087143 0 1788888458 407889 14041959
5 393 14059454 0 1788888458 408063 14039025
6 198 14133991 0 1788888458 408196 14066006
4 394 14093688 0 1788888458 470350 14051650
5 394 14076017 0 1788888458 470998 14055036
7 197 14108062 0 1788888458 471117 14044684
4 395 14077777 0 1788888458 526464 14040470
5 395 14028217 0 1788888458 526634 14009576
6 199 14099295 0 1788888458 526707 14042802
4 396 14051561 0 1788888458 592547 14004823
5 396 14049506 0 1788888458 592684 14025681
7 198 14088506 0 1788888458 593074 14021766
4 397 14096338 0 1788888458 675929 14039211
5 397 14092443 0 1788888458 676242 14062455
6 200 14098851 0 1788888458 676572 14014612
4 398 14171578 0 1788888458 785350 14091695
5 398 14152718 0 1788888458 813086 14072203
7 199 14228660 0 1788888458 813242 14091115
4 399 14210745 0 1788888458 914067 14143377
5 399 14203505 0 1788888458 914270 14175259
6 201 14219334 0 1788888458 914381 14089999
4 400 14226651 0 1788888459 3948 14163555
5 400 14212748 0 1788888459 4105 14180519
7 200 14285347 0 1788888459 4196 14194991
4 401 14236581 0 1788888459 81766 14183516
5 401 14216897 0 1788888459 82749 14191547
6 202 14294055 0 1788888459 87499 14209808
4 402 14272530 0 1788888459 163565 14220322
5 402 14269379 0 1788888459 164520 14241787
7 201 14291515 0 1788888459 164664 14208339
4 403 14300220 0 1788888459 244627 14248811
5 403 14265197 0 1788888459 244905 14236851
6 203 14319609 0 1788888459 245047 14237962
4 404 14318719 0 1788888459 363097 14235294
5 404 14317766 0 1788888459 363220 14279979
7 202 14341173 0 1788888459 364458 14221176
4 405 14359070 0 1788888459 453406 14310316
5 405 14294092 0 1788888459 453619 14268057
6 204 14389213 0 1788888459 453857 14298187
4 406 14341514 0 1788888459 528340 14294316
5 406 14338073 0 1788888459 528971 14316320
7 203 14351887 0 1788888459 529069 14276049
4 407 14398326 0 1788888459 604422 14347475
5 407 14334078 0 1788888459 604593 14308234
6 205 14405982 0 1788888459 604693 14329465
4 408 14377119 0 1788888459 680131 14327816
5 408 14374464 0 1788888459 680290 14348726
7 204 14380010 0 1788888459 680410 14303859
4 409 14352896 0 1788888459 762831 14300363
5 409 14338050 0 1788888459 763107 14310908
6 206 14362315 0 1788888459 763204 14279017
4 410 14399053 0 1788888459 845528 14344192
5 410 14393996 0 1788888459 845665 14370990
7 205 14420323 0 1788888459 845793 14337197
4 411 14416373 0 1788888459 921748 14364219
5 411 14394075 0 1788888459 921930 14366100
6 207 14446155 0 1788888459 922024 14369486
4 412 14389498 0 1788888459 995252 14342218
5 412 14379829 0 1788888459 995442 14355768
7 206 14465680 0 1788888459 995835 14391387
4 413 14429023 0 1788888460 71887 14382308
5 413 14391760 0 1788888460 72024 14367008
6 208 14438045 0 1788888460 72126 14361009
4 414 14408458 0 1788888460 138471 14363387
5 414 14406856 0 1788888460 138658 14381186
7 207 14421031 0 1788888460 138833 14353932
4 415 14367069 0 1788888460 212768 14320147
5 415 14366370 0 1788888460 212984 14342747
6 209 14430686 0 1788888460 213443 14355528
4 416 14409835 0 1788888460 298617 14356164
5 416 14360081 0 1788888460 301526 14333395
7 208 14418597 0 1788888460 301707 14329015
4 417 14346955 0 1788888460 375902 14297186
5 417 14336407 0 1788888460 376058 14308677
6 210 14418335 0 1788888460 376183 14340572
4 418 14318872 0 1788888460 455012 14269138
5 418 14232079 0 1788888460 455208 14205898
7 209 14398563 0 1788888460 455352 14318921
4 419 14260006 0 1788888460 535207 14202722
5 419 14257591 0 1788888460 535545 14228291
6 211 14281987 0 1788888460 535914 14200815
4 420 14322124 0 1788888460 609236 14274104
5 420 14318261 0 1788888460 609972 14289144
7 210 14331698 0 1788888460 610300 14256003
4 421 14346044 0 1788888460 713647 14276408
5 421 14343145 0 1788888460 713808 14307843
6 212 14414756 0 1788888460 714432 14309411
4 422 14430941 0 1788888460 815828 14365928
5 422 14387455 0 1788888460 816506 14358239
7 211 14445742 0 1788888460 816682 14342460
4 423 14447399 0 1788888460 909350 14385226
5 423 14441214 0 1788888460 909536 14405547
6 213 14476840 0 1788888460 911214 14381225
4 424 14533301 0 1788888461 23243 14464123
5 424 14489651 0 1788888461 23552 14457568
7 212 14537509 0 1788888461 23710 14422949
4 425 14582328 0 1788888461 131647 14512803
5 425 14558734 0 1788888461 137104 14519137
6 214 14601086 0 1788888461 138068 14486152
4 426 14668559 0 1788888461 249685 14587885
5 426 14653693 0 1788888461 249887 14610890
7 213 14671238 0 1788888461 250067 14552648
4 427 14706639 0 1788888461 356689 14642736
5 427 14654232 0 1788888461 356819 14622644
6 215 14733282 0 1788888461 356990 14625610
4 428 14727376 0 1788888461 437925 14670425
5 428 14694046 0 1788888461 438190 14665828
7 214 14734504 0 1788888461 438379 14652651
4 429 14766601 0 1788888461 542722 14703787
5 429 14756346 0 1788888461 542921 14726034
6 216 14769859 0 1788888461 543725 14663813
4 430 14806932 0 1788888461 612982 14764513
5 430 14799539 0 1788888461 613186 14778326
7 215 14814656 0 1788888461 613322 14743834
4 431 14812998 0 1788888461 681145 14770358
5 431 14777880 0 1788888461 681324 14756467
6 217 14839890 0 1788888461 681501 14771213
4 432 14817969 0 1788888461 746026 14776660
5 432 14807245 0 1788888461 746159 14785924
7 216 14829621 0 1788888461 746287 14764302
4 433 14863684 0 1788888461 810501 14820794
5 433 14850890 0 1788888461 811029 14830617
6 218 14866537 0 1788888461 811179 14801214
4 434 14900978 0 1788888461 876235 14856939
5 434 14888038 0 1788888461 876389 14866264
7 217 14913119 0 1788888461 876515 14846934
4 435 14917771 0 1788888461 953841 14861820
5 435 14911649 0 1788888461 954108 14881350
6 219 14920956 0 1788888461 954258 14842761
4 436 14960063 0 1788888462 28360 14913010
5 436 14959481 0 1788888462 28490 14935652
7 218 14972898 0 1788888462 28659 14897799
4 437 14950947 0 1788888462 96865 14908050
5 437 14929270 0 1788888462 97368 14907836
6 220 14977841 0 1788888462 97522 14908527
4 438 14926177 0 1788888462 168011 14879676
5 438 14911219 0 1788888462 168196 14887918
7 219 14963327 0 1788888462 168330 14891712
4 439 14937511 0 1788888462 233768 14894093
5 439 14887634 0 1788888462 233916 14866863
6 221 14959271 0 1788888462 234016 14893059
4 440 14907795 0 1788888462 320883 14845448
5 440 14849435 0 1788888462 321099 14813954
7 220 14938234 0 1788888462 321183 14850630
4 441 14915158 0 1788888462 420410 14854668
5 441 14907519 0 1788888462 421280 14872938
6 222 14941005 0 1788888462 421445 14838249
4 442 14922294 0 1788888462 489713 14880159
5 442 14908522 0 1788888462 489885 14886074
7 221 14956118 0 1788888462 489984 14886335
4 443 14957176 0 1788888462 550764 14917952
5 443 14944810 0 1788888462 550916 14924992
6 223 14964332 0 1788888462 554549 14899295
4 444 14991498 0 1788888462 624237 14947119
5 444 14966614 0 1788888462 624383 14942789
7 222 15003153 0 1788888462 624568 14929188
4 445 15015003 0 1788888462 698225 14967901
5 445 14992257 0 1788888462 698403 14970739
6 224 15033337 0 1788888462 698520 14958767
4 446 15015970 0 1788888462 760314 14976336
5 446 14980030 0 1788888462 760438 14960053
7 223 15050248 0 1788888462 760734 14987493
4 447 15013056 0 1788888462 825100 14971679
5 447 15006054 0 1788888462 825237 14985471
6 225 15040826 0 1788888462 825357 14975635
4 448 14995472 0 1788888462 891699 14951895
5 448 14994021 0 1788888462 891885 14971282
7 224 15041393 0 1788888462 891993 14974350
4 449 15027658 0 1788888462 960005 14983681
5 449 15024395 0 1788888462 960182 15002822
6 226 15038142 0 1788888462 960269 14969414
4 450 15063723 0 1788888463 42468 15010961
5 450 15040152 0 1788888463 42557 15013944
7 225 15096711 0 1788888463 42634 15013908
4 451 15076394 0 1788888463 113685 15027808
5 451 15023001 0 1788888463 113851 15001372
6 227 15102157 0 1788888463 113966 15030372
4 452 15041123 0 1788888463 185102 14996817
5 452 15020682 0 1788888463 185292 14998387
7 226 15064511 0 1788888463 185421 14992494
4 453 15071100 0 1788888463 256031 15024376
5 453 15062095 0 1788888463 256292 15035838
6 228 15088491 0 1788888463 256523 15016901
4 454 15088370 0 1788888463 324361 15043425
5 454 15077399 0 1788888463 324550 15053115
7 227 15128756 0 1788888463 324692 15059899
4 455 15143754 0 1788888463 422460 15072735
5 455 15137845 0 1788888463 423299 15101012
6 229 15171287 0 1788888463 423531 15071860
4 456 15144014 0 1788888463 506724 15094400
5 456 15137372 0 1788888463 506887 15112352
7 228 15202923 0 1788888463 510260 15114316
4 457 15213591 0 1788888463 621229 15139955
5 457 15195667 0 1788888463 621350 15153948
6 230 15217153 0 1788888463 621504 15102140
4 458 15309590 0 1788888463 742591 15223315
5 458 15309556 0 1788888463 742800 15266744
7 229 15312345 0 1788888463 743107 15190235
4 459 15352063 0 1788888463 829129 15294584
5 459 15332444 0 1788888463 829310 15304028
6 231 15390635 0 1788888463 829446 15303581
4 460 15374524 0 1788888463 915091 15319404
5 460 15367979 0 1788888463 915249 15341619
7 230 15415845 0 1788888463 916193 15328621
4 461 15418080 0 1788888463 995791 15367214
5 461 15407619 0 1788888463 995943 15378356
6 232 15438727 0 1788888463 996106 15357506
4 462 15473295 0 1788888464 82782 15419901
5 462 15467042 0 1788888464 83016 15439250
7 231 15476756 0 1788888464 83119 15389247
4 463 15447756 0 1788888464 171629 15391503
5 463 15429721 0 1788888464 171828 15406327
6 233 15460477 0 1788888464 174612 15368358
4 464 15490573 0 1788888464 248728 15438958
5 464 15480669 0 1788888464 248984 15451724
7 232 15502764 0 1788888464 249934 15424004
4 465 15512271 0 1788888464 326084 15467655
5 465 15502948 0 1788888464 326284 15478355
6 234 15536951 0 1788888464 326412 15459037
4 466 15544823 0 1788888464 401103 15496355
5 466 15541397 0 1788888464 401240 15516040
7 233 15564667 0 1788888464 401367 15489221
4 467 15566730 0 1788888464 476004 15514210
5 467 15551652 0 1788888464 476204 15524381
6 235 15581187 0 1788888464 476457 15505680
4 468 15616508 0 1788888464 551044 15564535
5 468 15564347 0 1788888464 552226 15535631
7 234 15624746 0 1788888464 552372 15548220
4 469 15592355 0 1788888464 636299 15542577
5 469 15582606 0 1788888464 636480 15561246
6 236 15645803 0 1788888464 636618 15560031
4 470 15617179 0 1788888464 714272 15564079
5 470 15592632 0 1788888464 714442 15566153
7 235 15650346 0 1788888464 714497 15571990
4 471 15610672 0 1788888464 800591 15547526
5 471 15612372 0 1788888464 802569 15578100
6 237 15612924 0 1788888464 802718 15524291
4 472 15658516 0 1788888464 884918 15603163
5 472 15658467 0 1788888464 885692 15626313
7 236 15672894 0 1788888464 885834 15587290
4 473 15753615 0 1788888464 990038 15687201
5 473 15741320 0 1788888464 990172 15706137
6 238 15762633 0 1788888464 990357 15657020
4 474 15768869 0 1788888465 88268 15705638
5 474 15746200 0 1788888465 89165 15710937
7 237 15771763 0 1788888465 89319 15672301
4 475 15829402 0 1788888465 195274 15765246
5 475 15829504 0 1788888465 195579 15794900
6 239 15831282 0 1788888465 195924 15723462
4 476 15907664 0 1788888465 293153 15839290
5 476 15869459 0 1788888465 293840 15835572
7 238 15919947 0 1788888465 293942 15820711
4 477 15931978 0 1788888465 383204 15873017
5 477 15929619 0 1788888465 383445 15895754
6 240 15939077 0 1788888465 383842 15848224
4 478 15996460 0 1788888465 467252 15943835
5 478 15956071 0 1788888465 467426 15928382
7 239 16000913 0 1788888465 467570 15916345
4 479 16037193 0 1788888465 557997 15975497
5 479 16029873 0 1788888465 558266 15998706
6 241 16039768 0 1788888465 558401 15948454
4 480 16084645 0 1788888465 651791 16019403
5 480 16018633 0 1788888465 652170 15989151
7 240 16112390 0 1788888465 652268 16017824
4 481 16082960 0 1788888465 730158 16033091
5 481 16046244 0 1788888465 730328 16018445
6 242 16086568 0 1788888465 730498 16007689
4 482 16077458 0 1788888465 856376 16002305
5 482 16072246 0 1788888465 856670 16041622
7 241 16082109 0 1788888465 856806 15955279
4 483 16152146 0 1788888465 951181 16095774
5 483 16140020 0 1788888465 951297 16113445
6 243 16157272 0 1788888465 951384 16062024
4 484 16217346 0 1788888466 34973 16162224
5 484 16208984 0 1788888466 35125 16177587
7 242 16222625 0 1788888466 35372 16138169
4 485 16279875 0 1788888466 113767 16228634
5 485 16277057 0 1788888466 113962 16249034
6 244 16282616 0 1788888466 114104 16203241
4 486 16334414 0 1788888466 203214 16275899
5 486 16300793 0 1788888466 203416 16271983
7 243 16347206 0 1788888466 203519 16257260
4 487 16368063 0 1788888466 289342 16313551
5 487 16354491 0 1788888466 289553 16327581
6 245 16379536 0 1788888466 293786 16288758
4 488 16435572 0 1788888466 387344 16378959
5 488 16411904 0 1788888466 387499 16383758
7 244 16444156 0 1788888466 387596 16345757
4 489 16449235 0 1788888466 467460 16394739
5 489 16418963 0 1788888466 467602 16388306
6 246 16460385 0 1788888466 467688 16379885
4 490 16467359 0 1788888466 568517 16401466
5 490 16414223 0 1788888466 568650 16379001
7 245 16515405 0 1788888466 568826 16413785
7 246 16434186 0 1788888466 682640 16430037
4 491 16512543 0 1788888466 721737 16393471
5 491 16512022 0 1788888466 727278 16422282
6 247 16536904 0 1788888466 727449 16377787
4 492 16473404 0 1788888466 826784 16411938
5 492 16449001 0 1788888466 827032 16417243
7 247 16485501 0 1788888466 827283 16379252
4 493 16491549 0 1788888466 909787 16436516
5 493 16486975 0 1788888466 910135 16459149
6 248 16505806 0 1788888466 910878 16421475
4 494 16494765 0 1788888466 989504 16441037
5 494 16484891 0 1788888466 990040 16457247
7 248 16513786 0 1788888466 990736 16432613
4 495 16558267 0 1788888467 72802 16507193
5 495 16545377 0 1788888467 74254 16518290
6 249 16567304 0 1788888467 74724 16481910
4 496 16614041 0 1788888467 164699 16551973
5 496 16590669 0 1788888467 164862 16557752
7 249 16631575 0 1788888467 164996 16539195
4 497 16657535 0 1788888467 276069 16581183
5 497 16654088 0 1788888467 276230 16619948
6 250 16685806 0 1788888467 276396 16573904
4 498 16738283 0 1788888467 384400 16675563
5 498 16727654 0 1788888467 384799 16696459
7 250 16740490 0 1788888467 385467 16630952
4 499 16828882 0 1788888467 517480 16745573
5 499 16817216 0 1788888467 519503 16773139
6 251 16839071 0 1788888467 520490 16702751
4 500 16899508 0 1788888467 652879 16829156
5 500 16852635 0 1788888467 653217 16817348
7 251 16907031 0 1788888467 653368 16769585
4 501 16840888 0 1788888467 756141 16777926
5 501 16836064 0 1788888467 756269 16808886
6 252 16892158 0 1788888467 756679 16787789
4 502 16892894 0 1788888467 840700 16839227
5 502 16884233 0 1788888467 840873 16859626
7 252 16894915 0 1788888467 841039 16809794
4 503 16974713 0 1788888467 962433 16882604
5 503 16961884 0 1788888467 962615 16905143
6 253 16989080 0 1788888467 962730 16866893
4 504 17106428 0 1788888468 120374 17028954
5 504 17104989 0 1788888468 120584 17070705
7 253 17112860 0 1788888468 120679 16954422
4 505 17202689 0 1788888468 239995 17119797
5 505 17191514 0 1788888468 240140 17165638
6 254 17222253 0 1788888468 240287 17102155
4 506 17241126 0 1788888468 326529 17182753
5 506 17223449 0 1788888468 326768 17193567
7 254 17250556 0 1788888468 326872 17163471
4 507 17277143 0 1788888468 435606 17199067
5 507 17246706 0 1788888468 435758 17210582
6 255 17325571 0 1788888468 436177 17215680
4 508 17292087 0 1788888468 531931 17231885
5 508 17259046 0 1788888468 532086 17231092
7 255 17312969 0 1788888468 532224 17216139
4 509 17292652 0 1788888468 619192 17231521
5 509 17290716 0 1788888468 619362 17259429
6 256 17302256 0 1788888468 619454 17214521
4 510 17341649 0 1788888468 706622 17286141
5 510 17325170 0 1788888468 706785 17296828
7 256 17348946 0 1788888468 707450 17260524
4 511 17377586 0 1788888468 799610 17313224
5 511 17354571 0 1788888468 799843 17321310
6 257 17409767 0 1788888468 800030 17316189
4 512 17521424 0 1788888468 979552 17389898
5 512 17514024 0 1788888468 979763 17457277
7 257 17527863 0 1788888468 979876 17347374
4 513 17618328 0 1788888469 190465 17472939
5 513 17579895 0 1788888469 190687 17487130
6 258 17672700 0 1788888469 190786 17461271
4 514 17710815 0 1788888469 404975 17578127
5 514 17704207 0 1788888469 409674 17642952
7 258 17776399 0 1788888469 418020 17542336
4 515 17841659 0 1788888469 552754 17751959
5 515 17838135 0 1788888469 553349 17798314
6 259 17847581 0 1788888469 558517 17693472
4 516 17937235 0 1788888469 741718 17797946
5 516 17923002 0 1788888469 741887 17838185
7 259 17964424 0 1788888469 741981 17775050
4 517 18095592 0 1788888469 921823 17976385
5 517 18089836 0 1788888469 922072 18006934
6 260 18100289 0 1788888469 922213 17919564
4 518 18281818 0 1788888470 117574 18161725
5 518 18276570 0 1788888470 117675 18221304
7 260 18287692 0 1788888470 120195 18089071
4 519 18585924 0 1788888470 438382 18353865
5 519 18586005 0 1788888470 438772 18474297
6 261 18587338 0 1788888470 439214 18265567
4 520 18781879 0 1788888470 667209 18649891
5 520 18775451 0 1788888470 668019 18705582
7 261 18801722 0 1788888470 678688 18560497
4 521 18887572 0 1788888470 950394 18731563
5 521 18880415 0 1788888470 954226 18825670
6 262 18968135 0 1788888470 954368 18678490
4 522 19032710 0 1788888471 127340 18906832
5 522 19017069 0 1788888471 131677 18950782
7 262 19051668 0 1788888471 131794 18869986
4 523 19141571 0 1788888471 288881 19039971
5 523 19136807 0 1788888471 289158 19082339
6 263 19167263 0 1788888471 289254 19005226
4 524 19237397 0 1788888471 414731 19160554
5 524 19225288 0 1788888471 414964 19187310
7 263 19240222 0 1788888471 415080 19113569
4 525 19219477 0 1788888471 523000 19147227
5 525 19183386 0 1788888471 523180 19141754
6 264 19268687 0 1788888471 523311 19156920
4 526 19280182 0 1788888471 665634 19189085
5 526 19267458 0 1788888471 666665 19227343
7 264 19322772 0 1788888471 671150 19174238
4 527 19357904 0 1788888471 783538 19284487
5 527 19336937 0 1788888471 783725 19297584
6 265 19362770 0 1788888471 783879 19243648
6 266 19400151 0 1788888471 929468 19397117
4 528 19525130 0 1788888471 996989 19350776
5 528 19504191 0 1788888471 997135 19379998
7 265 19539470 0 1788888471 997226 19325544
4 529 19592410 0 1788888472 151836 19484037
5 529 19585036 0 1788888472 157186 19514588
6 267 19603141 0 1788888472 159576 19440227
4 530 19725021 0 1788888472 303896 19638920
5 530 19723030 0 1788888472 304028 19677814
7 266 19730266 0 1788888472 304642 19569874
4 531 19840340 0 1788888472 444830 19755085
5 531 19816591 0 1788888472 444990 19775867
6 268 19866931 0 1788888472 448878 19721778
4 532 19942665 0 1788888472 597768 19832079
5 532 19940222 0 1788888472 597952 19885674
7 267 19961517 0 1788888472 598156 19807957
5 533 20072351 0 1788888472 742740 20067784
5 534 20102445 0 1788888472 826806 20099023
4 533 20220861 0 1788888472 889924 20019638
6 269 20223627 0 1788888472 890110 19930848
7 268 20188475 0 1788888472 890265 20087792
4 534 20307032 0 1788888473 48577 20200215
5 535 20315516 0 1788888473 48851 20156400
6 270 20292678 0 1788888473 50205 20235275
4 535 20354082 0 1788888473 147102 20295164
5 536 20303649 0 1788888473 147214 20274729
7 269 20372390 0 1788888473 148199 20269320
4 536 20306836 0 1788888473 262860 20236768
5 537 20282766 0 1788888473 263013 20255474
6 271 20307861 0 1788888473 263200 20191476
4 537 20367256 0 1788888473 367153 20297692
5 538 20355229 0 1788888473 367399 20320433
7 270 20381035 0 1788888473 367590 20276146
4 538 20375429 0 1788888473 449376 20323555
5 539 20348530 0 1788888473 449597 20323338
6 272 20402554 0 1788888473 449716 20319632
4 539 20371661 0 1788888473 523622 20321453
5 540 20361800 0 1788888473 523830 20335379
7 271 20406884 0 1788888473 524010 20331902
4 540 20378864 0 1788888473 599449 20327203
5 541 20362706 0 1788888473 599685 20336687
6 273 20429297 0 1788888473 599829 20352880
4 541 20386496 0 1788888473 674100 20338162
5 542 20382148 0 1788888473 674251 20359624
7 272 20425375 0 1788888473 674348 20350066
4 542 20382196 0 1788888473 754834 20327765
5 543 20357194 0 1788888473 755095 20330942
6 274 20410574 0 1788888473 755237 20329263
4 543 20408479 0 1788888473 830142 20358673
5 544 20379610 0 1788888473 830331 20355995
7 273 20424207 0 1788888473 830427 20348457
4 544 20416700 0 1788888473 903949 20370434
5 545 20404331 0 1788888473 904101 20380504
6 275 20431194 0 1788888473 904817 20356336
4 545 20470960 0 1788888473 977193 20420069
5 546 20465935 0 1788888473 977350 20441370
7 274 20476418 0 1788888473 977600 20402579
4 546 20503418 0 1788888474 45034 20456468
5 547 20503560 0 1788888474 45208 20481915
6 276 20525838 0 1788888474 45336 20457529
4 547 20539625 0 1788888474 110382 20496863
5 548 20523496 0 1788888474 110484 20501725
7 275 20560564 0 1788888474 110564 20494881
4 548 20544571 0 1788888474 177154 20500288
5 549 20530896 0 1788888474 177307 20508098
6 277 20582142 0 1788888474 177885 20514472
4 549 20550244 0 1788888474 245354 20505384
5 550 20537249 0 1788888474 245550 20513869
7 276 20566707 0 1788888474 245687 20497996
4 550 20576492 0 1788888474 311702 20534312
5 551 20575638 0 1788888474 311884 20553710
6 278 20595241 0 1788888474 312004 20528252
4 551 20641335 0 1788888474 401057 20576046
5 552 20607946 0 1788888474 401664 20564149
7 277 20656891 0 1788888474 402102 20566330
4 552 20675573 0 1788888474 509773 20604035
5 553 20635907 0 1788888474 509888 20601134
6 279 20685329 0 1788888474 517199 20568486
4 553 20688430 0 1788888474 613785 20630904
5 554 20683463 0 1788888474 614050 20656558
7 278 20734018 0 1788888474 614292 20629365
4 554 20677694 0 1788888474 704031 20613259
5 555 20638772 0 1788888474 704236 20600096
6 280 20728110 0 1788888474 704381 20637323
4 555 20669634 0 1788888474 794386 20613199
5 556 20623456 0 1788888474 794586 20594790
7 279 20695564 0 1788888474 795058 20604333
4 556 20624692 0 1788888474 866381 20580098
5 557 20620193 0 1788888474 867793 20595697
6 281 20647599 0 1788888474 867942 20573865
4 557 20646851 0 1788888474 959287 20584191
5 558 20620569 0 1788888474 959476 20585496
7 280 20703625 0 1788888474 959577 20610158
4 558 20705252 0 1788888475 89748 20620790
5 559 20690877 0 1788888475 90074 20643482
6 282 20751029 0 1788888475 90173 20619945
4 559 20745922 0 1788888475 176883 20691692
5 560 20722439 0 1788888475 176982 20692803
7 281 20771766 0 1788888475 177108 20684205
4 560 20809429 0 1788888475 277768 20738741
5 561 20772799 0 1788888475 278443 20741383
6 283 20815278 0 1788888475 278625 20711302
4 561 20874159 0 1788888475 384772 20801178
5 562 20849278 0 1788888475 384903 20810100
7 282 20877111 0 1788888475 385555 20769063
4 562 20889502 0 1788888475 473343 20831577
5 563 20880955 0 1788888475 473495 20856909
6 284 20930494 0 1788888475 473630 20839503
4 563 20937076 0 1788888475 555381 20880074
5 564 20932313 0 1788888475 555496 20904349
7 283 20954592 0 1788888475 555674 20872024
4 564 20979080 0 1788888475 631335 20927339
5 565 20973335 0 1788888475 631513 20949746
6 285 21005129 0 1788888475 631654 20928673
4 565 21032045 0 1788888475 717971 20972260
5 566 21018368 0 1788888475 718232 20991982
7 284 21054575 0 1788888475 718382 20967363
4 566 21082245 0 1788888475 800722 21028544
5 567 21060249 0 1788888475 801416 21032829
6 286 21083769 0 1788888475 801724 20998619
4 567 21134353 0 1788888475 886176 21078826
5 568 21125616 0 1788888475 886339 21097429
7 285 21138232 0 1788888475 886489 21051653
4 568 21212101 0 1788888475 975227 21158290
5 569 21207447 0 1788888475 975489 21179340
6 287 21214785 0 1788888475 975639 21125123
4 569 21254831 0 1788888476 58693 21204265
5 570 21243580 0 1788888476 58831 21221194
7 286 21262393 0 1788888476 59054 21178364
4 570 21304288 0 1788888476 138387 21251981
5 571 21181492 0 1788888476 138573 21152301
6 288 21313963 0 1788888476 138755 21233734
4 571 21244672 0 1788888476 218978 21189130
5 572 21238020 0 1788888476 219198 21212378
7 287 21247360 0 1788888476 219310 21166217
4 572 21315044 0 1788888476 307321 21259294
5 573 21291016 0 1788888476 307493 21265903
6 289 21326353 0 1788888476 307582 21237463
4 573 21344530 0 1788888476 395762 21281687
5 574 21335498 0 1788888476 395929 21299326
7 288 21375503 0 1788888476 396063 21286511
4 574 21379252 0 1788888476 486839 21318400
5 575 21352868 0 1788888476 488504 21319952
6 290 21405130 0 1788888476 488661 21311992
4 575 21383552 0 1788888476 564875 21333206
5 576 21379364 0 1788888476 565049 21354922
7 289 21410312 0 1788888476 565782 21330708
4 576 21392730 0 1788888476 665586 21325811
5 577 21361435 0 1788888476 666146 21328079
6 291 21441594 0 1788888476 666302 21339870
4 577 21426868 0 1788888476 766238 21364384
5 578 21422735 0 1788888476 766388 21384852
7 290 21456875 0 1788888476 767200 21354337
4 578 21488187 0 1788888476 866183 21421124
5 579 21476576 0 1788888476 866539 21439544
6 292 21500456 0 1788888476 867161 21399396
4 579 21511350 0 1788888476 974344 21446361
5 580 21477574 0 1788888476 974725 21449426
7 291 21566910 0 1788888476 975286 21457085
4 580 21517054 0 1788888477 47644 21467833
5 581 21513115 0 1788888477 47781 21487083
6 293 21534369 0 1788888477 47871 21460660
4 581 21546533 0 1788888477 118822 21500588
5 582 21521286 0 1788888477 119181 21497365
7 292 21550292 0 1788888477 119342 21478424
4 582 21592485 0 1788888477 206353 21534955
5 583 21592667 0 1788888477 206567 21565763
6 294 21605220 0 1788888477 206684 21517122
4 583 21635723 0 1788888477 285932 21584051
5 584 21612547 0 1788888477 286119 21583992
7 293 21647643 0 1788888477 288073 21565719
4 584 21677234 0 1788888477 373106 21621968
5 585 21653374 0 1788888477 373454 21621232
6 295 21685602 0 1788888477 373874 21597049
4 585 21708704 0 1788888477 456047 21654331
5 586 21695268 0 1788888477 456268 21668677
7 294 21724393 0 1788888477 456401 21640182
4 586 21752707 0 1788888477 539744 21697602
5 587 21735560 0 1788888477 540025 21704795
6 296 21763704 0 1788888477 540240 21679221
4 587 21781439 0 1788888477 625405 21722526
5 588 21777216 0 1788888477 627311 21743640
7 295 21788801 0 1788888477 627463 21700905
4 588 21780210 0 1788888477 712741 21722719
5 589 21776412 0 1788888477 712901 21748664
6 297 21858181 0 1788888477 713061 21770345
4 589 21828746 0 1788888477 799030 21769356
5 590 21815115 0 1788888477 799226 21781948
7 296 21840821 0 1788888477 799405 21753982
4 590 21833248 0 1788888477 881605 21779719
5 591 21747889 0 1788888477 881699 21723578
6 298 21893112 0 1788888477 881838 21810071
4 591 21768359 0 1788888477 983759 21704034
5 592 21760321 0 1788888477 984398 21730075
7 297 21819997 0 1788888477 984952 21716562
4 592 21795025 0 1788888478 66465 21740615
5 593 21785669 0 1788888478 66609 21753646
6 299 21799788 0 1788888478 66698 21716703
4 593 21783402 0 1788888478 146888 21733015
5 594 21742074 0 1788888478 147281 21712054
7 298 21847132 0 1788888478 147486 21765966
4 594 21780945 0 1788888478 228617 21728762
5 595 21744090 0 1788888478 229111 21718120
6 300 21819489 0 1788888478 229418 21736762
4 595 21740579 0 1788888478 312706 21691081
5 596 21722238 0 1788888478 313336 21699274
7 299 21804524 0 1788888478 313431 21719468
4 596 21768642 0 1788888478 395741 21714397
5 597 21749192 0 1788888478 395918 21718684
6 301 21800576 0 1788888478 396028 21717081
4 597 21776463 0 1788888478 481195 21725537
5 598 21715329 0 1788888478 481361 21692008
7 300 21823874 0 1788888478 481457 21737994
4 598 21785153 0 1788888478 555690 21736079
5 599 21774752 0 1788888478 556095 21750894
6 302 21788314 0 1788888478 556416 21712858
4 599 21828148 0 1788888478 646119 21767044
5 600 21821425 0 1788888478 646790 21791603
7 301 21850567 0 1788888478 647420 21758525
4 600 21871751 0 1788888478 741101 21811555
5 601 21861615 0 1788888478 741319 21830489
6 303 21907271 0 1788888478 741468 21811560
4 601 21859138 0 1788888478 831910 21803508
5 602 21837260 0 1788888478 832080 21810660
7 302 21924666 0 1788888478 832450 21833127
4 602 21920115 0 1788888478 916505 21866235
5 603 21914324 0 1788888478 916680 21885984
6 304 21921519 0 1788888478 916789 21836435
4 603 21911593 0 1788888479 3471 21852603
5 604 21882695 0 1788888479 3793 21848421
7 303 21935842 0 1788888479 4324 21847855
4 604 21981236 0 1788888479 106073 21915828
5 605 21970540 0 1788888479 106623 21938994
6 305 21984749 0 1788888479 107390 21880467
4 605 22034817 0 1788888479 197841 21978316
5 606 22023929 0 1788888479 198089 21989252
7 304 22038266 0 1788888479 198463 21945314
4 606 22047447 0 1788888479 285934 21988679
5 607 22024539 0 1788888479 286125 21991356
6 306 22088390 0 1788888479 286262 21999798
4 607 22061033 0 1788888479 371337 22009297
5 608 22036137 0 1788888479 371614 22010605
7 305 22103651 0 1788888479 371782 22017606
4 608 22070504 0 1788888479 455815 22014416
5 609 22046042 0 1788888479 455979 22015496
6 307 22103467 0 1788888479 456185 22018371
4 609 22107945 0 1788888479 531830 22056311
5 610 22090257 0 1788888479 532432 22061864
7 306 22115577 0 1788888479 532822 22038318
4 610 22153019 0 1788888479 619247 22096365
5 611 22138998 0 1788888479 619442 22113690
6 308 22172290 0 1788888479 620373 22083428
4 611 22192951 0 1788888479 724509 22121287
5 612 22164985 0 1788888479 724961 22133930
7 307 22206118 0 1788888479 725522 22099604
4 612 22227546 0 1788888479 831389 22147502
5 613 22226272 0 1788888479 831593 22176491
6 309 22252037 0 1788888479 831688 22144098
4 613 22357267 0 1788888479 997751 22286645
5 614 22344894 0 1788888479 997903 22322745
7 308 22370104 0 1788888479 998068 22203112
4 614 22382157 0 1788888480 80642 22329157
5 615 22375091 0 1788888480 80789 22351514
6 310 22428001 0 1788888480 83432 22342152
4 615 22430581 0 1788888480 157964 22381075
5 616 22426300 0 1788888480 158231 22402431
7 309 22444094 0 1788888480 158335 22366227
4 616 22466619 0 1788888480 234635 22412925
5 617 22450867 0 1788888480 234830 22420102
6 311 22484084 0 1788888480 235088 22406735
4 617 22494123 0 1788888480 321680 22432288
5 618 22478037 0 1788888480 321904 22448106
7 310 22524003 0 1788888480 322227 22436168
4 618 22549233 0 1788888480 403622 22492684
5 619 22544080 0 1788888480 403791 22511123
6 312 22557870 0 1788888480 404375 22474925
4 619 22602663 0 1788888480 477579 22553980
5 620 22592214 0 1788888480 477661 22566404
7 311 22606124 0 1788888480 477815 22531672
4 620 22667524 0 1788888480 563812 22608196
5 621 22648684 0 1788888480 564017 22614688
6 313 22672053 0 1788888480 564121 22585372
4 621 22723880 0 1788888480 650264 22663792
5 622 22720527 0 1788888480 650992 22685585
7 312 22731888 0 1788888480 651967 22643436
4 622 22769609 0 1788888480 736867 22713563
5 623 22765300 0 1788888480 737503 22737368
6 314 22771447 0 1788888480 737611 22683659
4 623 22838603 0 1788888480 850129 22750817
5 624 22831774 0 1788888480 850345 22798464
7 313 22871283 0 1788888480 850671 22757321
4 624 22862490 0 1788888480 965097 22780488
5 625 22828740 0 1788888480 965303 22782354
6 315 22910549 0 1788888480 967204 22793243
4 625 22901909 0 1788888481 85378 22826721
5 626 22890307 0 1788888481 85847 22852525
7 314 22947126 0 1788888481 86069 22825934
4 626 23045391 0 1788888481 249892 22938023
5 627 23031116 0 1788888481 250643 22971760
6 316 23050993 0 1788888481 251259 22884579
6 317 23126202 0 1788888481 406230 23123404
4 627 23200279 0 1788888481 445762 23070456
5 628 23180354 0 1788888481 445925 23095849
7 315 23218225 0 1788888481 446054 23021834
4 628 23171141 0 1788888481 533558 23113478
5 629 23126791 0 1788888481 533729 23099898
6 318 23249394 0 1788888481 533922 23161056
4 629 23174988 0 1788888481 611034 23128074
5 630 23153436 0 1788888481 611192 23129840
7 316 23176467 0 1788888481 611330 23098511
4 630 23183485 0 1788888481 681868 23135357
5 631 23177881 0 1788888481 682060 23154299
6 319 23208771 0 1788888481 682199 23137402
4 631 23229997 0 1788888481 757907 23178576
5 632 23223806 0 1788888481 758091 23198133
7 317 23241454 0 1788888481 758651 23164508
4 632 23289273 0 1788888481 831554 23240233
5 633 23253408 0 1788888481 831760 23226986
6 320 23296372 0 1788888481 831853 23221903
4 633 23285146 0 1788888481 898432 23241564
5 634 23259092 0 1788888481 898609 23239056
7 318 23316095 0 1788888481 899259 23248233
4 634 23306885 0 1788888481 973247 23254045
5 635 23268268 0 1788888481 973775 23242287
6 321 23309651 0 1788888481 973908 23234003
4 635 23341959 0 1788888482 64150 23289854
5 636 23301328 0 1788888482 64463 23276767
7 319 23344696 0 1788888482 64722 23253035
4 636 23351666 0 1788888482 149541 23297338
5 637 23345857 0 1788888482 149715 23317616
6 322 23364408 0 1788888482 149850 23278541
4 637 23377798 0 1788888482 222977 23332286
5 638 23374833 0 1788888482 223298 23352843
7 320 23409809 0 1788888482 226696 23332432
4 638 23406200 0 1788888482 327229 23335439
5 639 23350973 0 1788888482 327444 23319489
6 323 23457433 0 1788888482 327594 23352589
4 639 23408545 0 1788888482 419135 23353353
5 640 23398968 0 1788888482 419231 23373593
7 321 23418790 0 1788888482 419350 23326128
4 640 23433439 0 1788888482 501162 23377993
5 641 23422656 0 1788888482 501388 23393039
6 324 23474811 0 1788888482 501486 23392136
4 641 23450898 0 1788888482 589883 23393489
5 642 23429392 0 1788888482 590079 23395876
7 322 23481676 0 1788888482 591283 23391383
4 642 23449261 0 1788888482 677011 23393380
5 643 23384974 0 1788888482 677205 23353372
6 325 23511761 0 1788888482 677697 23423779
4 643 23441622 0 1788888482 759870 23393285
5 644 23395014 0 1788888482 760071 23369481
7 323 23443802 0 1788888482 760264 23360240
4 644 23433815 0 1788888482 839543 23380722
5 645 23416325 0 1788888482 839741 23388758
6 326 23474646 0 1788888482 839901 23394409
4 645 23443550 0 1788888482 931119 23386753
5 646 23420952 0 1788888482 931788 23394870
7 324 23466190 0 1788888482 931893 23373669
4 646 23486458 0 1788888483 11878 23434772
5 647 23485704 0 1788888483 12062 23458932
6 327 23495963 0 1788888483 12266 23414689
4 647 23559557 0 1788888483 137416 23461981
5 648 23523670 0 1788888483 137705 23470366
7 325 23575825 0 1788888483 138305 23449215
4 648 23608792 0 1788888483 250888 23540470
5 649 23566835 0 1788888483 251029 23537194
6 328 23614387 0 1788888483 251141 23500482
4 649 23655145 0 1788888483 349711 23589676
5 650 23651081 0 1788888483 350405 23616631
7 326 23662581 0 1788888483 353845 23559400
4 650 23753179 0 1788888483 471494 23680191
5 651 23740415 0 1788888483 471606 23707617
6 329 23763924 0 1788888483 471748 23641635
4 651 23821264 0 1788888483 567763 23753914
5 652 23820647 0 1788888483 567909 23789979
7 327 23832658 0 1788888483 568027 23735910
4 652 23831642 0 1788888483 657914 23772588
5 653 23819461 0 1788888483 660116 23783293
6 330 23837765 0 1788888483 661445 23743931
4 653 23855119 0 1788888483 759988 23790238
5 654 23853938 0 1788888483 761050 23817472
7 328 23867104 0 1788888483 761166 23763682
4 654 23874329 0 1788888483 834634 23827951
5 655 23859672 0 1788888483 834775 23836454
6 331 23883328 0 1788888483 834863 23808223
4 655 23939347 0 1788888483 929663 23876525
5 656 23924915 0 1788888483 929825 23893182
7 329 23944447 0 1788888483 933517 23845421
4 656 23993852 0 1788888484 21609 23937176
5 657 23964588 0 1788888484 21712 23937047
6 332 24005644 0 1788888484 21795 23913333
4 657 23963720 0 1788888484 102119 23911105
5 658 23936289 0 1788888484 102407 23911965
7 330 23966359 0 1788888484 102513 23885281
4 658 24011771 0 1788888484 188901 23960456
5 659 23983929 0 1788888484 189088 23956624
6 333 24021674 0 1788888484 189249 23934377
4 659 24068172 0 1788888484 280374 24004937
5 660 24049593 0 1788888484 280554 24018468
7 331 24069412 0 1788888484 280896 23977227
4 660 24090889 0 1788888484 363215 24032202
5 661 24082730 0 1788888484 363366 24055402
6 334 24098223 0 1788888484 363827 24014607
4 661 24119240 0 1788888484 448724 24066769
5 662 24118140 0 1788888484 448910 24090846
7 332 24120539 0 1788888484 449287 24034284
4 662 24144035 0 1788888484 522437 24095214
5 663 24138493 0 1788888484 522637 24113760
6 335 24184872 0 1788888484 523009 24110408
4 663 24183810 0 1788888484 604977 24130726
5 664 24166426 0 1788888484 605440 24135786
7 333 24195079 0 1788888484 605888 24111464
4 664 24267283 0 1788888484 706574 24197773
5 665 24257435 0 1788888484 706778 24221079
6 336 24267790 0 1788888484 706876 24165708
4 665 24347563 0 1788888484 815622 24270457
5 666 24278748 0 1788888484 815798 24235014
7 334 24348343 0 1788888484 816126 24238578
4 666 24357953 0 1788888484 908340 24298288
5 667 24346337 0 1788888484 908439 24316715
6 337 24365741 0 1788888484 908521 24272113
4 667 24342355 0 1788888484 999211 24287105
5 668 24259945 0 1788888484 999431 24233504
7 335 24401239 0 1788888484 999684 24309738
4 668 24312762 0 1788888485 88483 24256652
5 669 24312859 0 1788888485 88658 24285510
6 338 24336507 0 1788888485 93587 24241789
4 669 24384485 0 1788888485 186317 24321238
5 670 24332041 0 1788888485 186533 24300685
7 336 24400952 0 1788888485 186711 24302511
4 670 24414291 0 1788888485 277173 24351957
5 671 24410442 0 1788888485 278403 24382182
6 339 24416607 0 1788888485 278672 24324063
4 671 24485894 0 1788888485 370905 24430761
5 672 24485303 0 1788888485 371066 24453155
7 337 24491255 0 1788888485 371158 24397055
4 672 24526753 0 1788888485 458313 24470847
5 673 24517540 0 1788888485 458528 24484400
6 340 24531183 0 1788888485 459245 24442645
4 673 24600948 0 1788888485 554498 24535882
5 674 24599513 0 1788888485 554830 24564213
7 338 24603364 0 1788888485 555202 24506326
4 674 24670324 0 1788888485 647631 24612631
5 675 24665469 0 1788888485 647827 24638190
6 341 24685951 0 1788888485 648202 24592031
4 675 24684891 0 1788888485 724807 24639418
5 676 24652356 0 1788888485 724984 24630044
7 339 24685674 0 1788888485 725122 24607999
4 676 24707278 0 1788888485 799521 24659040
5 677 24667161 0 1788888485 799695 24640908
6 342 24717909 0 1788888485 800294 24642270
4 677 24716856 0 1788888485 869835 24669739
5 678 24706519 0 1788888485 870023 24685127
7 340 24724698 0 1788888485 870182 24653881
4 678 24684105 0 1788888485 938302 24641585
5 679 24680287 0 1788888485 938478 24660123
6 343 24700678 0 1788888485 938617 24631741
4 679 24737648 0 1788888486 11379 24690754
5 680 24724234 0 1788888486 11558 24698784
7 341 24744384 0 1788888486 11651 24670875
4 680 24782244 0 1788888486 85189 24736044
5 681 24778881 0 1788888486 85784 24754419
6 344 24798439 0 1788888486 85924 24723664
4 681 24800373 0 1788888486 158980 24751030
5 682 24789826 0 1788888486 159169 24766600
7 342 24846117 0 1788888486 159263 24771891
4 682 24828172 0 1788888486 227447 24783902
5 683 24800830 0 1788888486 227609 24778285
6 345 24852875 0 1788888486 227891 24783520
4 683 24808602 0 1788888486 298890 24762972
5 684 24790152 0 1788888486 299080 24767319
7 343 24813653 0 1788888486 299200 24741689
4 684 24847532 0 1788888486 374783 24797597
5 685 24819959 0 1788888486 381724 24789159
6 346 24860246 0 1788888486 381839 24777135
4 685 24761158 0 1788888486 455807 24712573
5 686 24750459 0 1788888486 455989 24728317
7 344 24839325 0 1788888486 456257 24757688
4 686 24780550 0 1788888486 531112 24733652
5 687 24755140 0 1788888486 532041 24729268
6 347 24794071 0 1788888486 532205 24717492
4 687 24770548 0 1788888486 605637 24721612
5 688 24761471 0 1788888486 605775 24737122
7 345 24828937 0 1788888486 605881 24754076
4 688 24821037 0 1788888486 689052 24768988
5 689 24819930 0 1788888486 690456 24792009
6 348 24823443 0 1788888486 690557 24738386
4 689 24841650 0 1788888486 771701 24790481
5 690 24807779 0 1788888486 771887 24779707
7 346 24843486 0 1788888486 772103 24760292
4 690 24845023 0 1788888486 849028 24790201
5 691 24811229 0 1788888486 849297 24780196
6 349 24884728 0 1788888486 849438 24806829
4 691 24860846 0 1788888486 935519 24802571
5 692 24844346 0 1788888486 935637 24813931
7 347 24887485 0 1788888486 935723 24800116
4 692 24928820 0 1788888487 23888 24872328
5 693 24923445 0 1788888487 23996 24896921
6 350 24931740 0 1788888487 24415 24842614
4 693 24968558 0 1788888487 102682 24919016
5 694 24967637 0 1788888487 102825 24940407
7 348 24976375 0 1788888487 103370 24896683
4 694 25027307 0 1788888487 184276 24974136
5 695 25023667 0 1788888487 184535 24997470
6 351 25047370 0 1788888487 184642 24965221
4 695 25084365 0 1788888487 265449 25035446
5 696 25081874 0 1788888487 266018 25056387
7 349 25100629 0 1788888487 266149 25018479
4 696 25098031 0 1788888487 349799 25043020
5 697 25083070 0 1788888487 349972 25056191
6 352 25130671 0 1788888487 350109 25045865
4 697 25158040 0 1788888487 449494 25083897
5 698 25119085 0 1788888487 449899 25069951
7 350 25164325 0 1788888487 450047 25063567
4 698 25185264 0 1788888487 526028 25133011
5 699 25180592 0 1788888487 526115 25156330
6 353 25189370 0 1788888487 526217 25112476
4 699 25240973 0 1788888487 602270 25190892
5 700 25199130 0 1788888487 604148 25169903
7 351 25249042 0 1788888487 604270 25170620
4 700 25254175 0 1788888487 699310 25189861
5 701 25201748 0 1788888487 699550 25167884
6 354 25258790 0 1788888487 699662 25160671
4 701 25234344 0 1788888487 789948 25181077
5 702 25223779 0 1788888487 790085 25195949
7 352 25253035 0 1788888487 790230 25161876
4 702 25297555 0 1788888487 877350 25240779
5 703 25232950 0 1788888487 877512 25204607
6 355 25311112 0 1788888487 877646 25223240
4 703 25301753 0 1788888487 961884 25245507
5 704 25275683 0 1788888487 962586 25245224
7 353 25307862 0 1788888487 966199 25218840
4 704 25316133 0 1788888488 40760 25267598
5 705 25300437 0 1788888488 40916 25276395
6 356 25345949 0 1788888488 41041 25266603
4 705 25348351 0 1788888488 116152 25297542
5 706 25340011 0 1788888488 116270 25315087
7 354 25364961 0 1788888488 116362 25289159
4 706 25412455 0 1788888488 204630 25362042
5 707 25407531 0 1788888488 204745 25380713
6 357 25423388 0 1788888488 204873 25334467
4 707 25456126 0 1788888488 291769 25397517
5 708 25437399 0 1788888488 291984 25407498
7 355 25465677 0 1788888488 292612 25377501
4 708 25442007 0 1788888488 382671 25386184
5 709 25430762 0 1788888488 383021 25401704
6 358 25467087 0 1788888488 383175 25375494
4 709 25482307 0 1788888488 469145 25422877
5 710 25479889 0 1788888488 469256 25448057
7 356 25500179 0 1788888488 469334 25413096
4 710 25522519 0 1788888488 549013 25474499
5 711 25508385 0 1788888488 551177 25481232
6 359 25534872 0 1788888488 551334 25452527
4 711 25543502 0 1788888488 629192 25494461
5 712 25531826 0 1788888488 629390 25507749
7 357 25557594 0 1788888488 630098 25475805
4 712 25599535 0 1788888488 712398 25546006
5 713 25570183 0 1788888488 712595 25544700
6 360 25611839 0 1788888488 712797 25528058
4 713 25638760 0 1788888488 802658 25584262
5 714 25637528 0 1788888488 802823 25607282
7 358 25640352 0 1788888488 802951 25549587
4 714 25716087 0 1788888488 886408 25660221
5 715 25714932 0 1788888488 886612 25687016
6 361 25719612 0 1788888488 886742 25635352
4 715 25790536 0 1788888488 986560 25720829
5 716 25760899 0 1788888488 987254 25723975
7 359 25813945 0 1788888488 987395 25712776
4 716 25748403 0 1788888489 63403 25697326
5 717 25728777 0 1788888489 63565 25705305
6 362 25804717 0 1788888489 63957 25727107
4 717 25811533 0 1788888489 153715 25748396
5 718 25793704 0 1788888489 154032 25766721
7 360 25817999 0 1788888489 154302 25726912
4 718 25826497 0 1788888489 237109 25770268
5 719 25825395 0 1788888489 237243 25796529
6 363 25861566 0 1788888489 237637 25777456
4 719 25827685 0 1788888489 311886 25780478
5 720 25818497 0 1788888489 312465 25796500
7 361 25888586 0 1788888489 312602 25812946
4 720 25894878 0 1788888489 405033 25830152
5 721 25892097 0 1788888489 405237 25855070
6 364 25902485 0 1788888489 405497 25808704
4 721 25885592 0 1788888489 486666 25831710
5 722 25838190 0 1788888489 486821 25813388
7 362 25899350 0 1788888489 487128 25817040
4 722 25876439 0 1788888489 558229 25828906
5 723 25845374 0 1788888489 558354 25820636
6 365 25905303 0 1788888489 558526 25833230
4 723 25785844 0 1788888489 627384 25739256
5 724 25773005 0 1788888489 627985 25749210
7 363 25814046 0 1788888489 628158 25743966
4 724 25838223 0 1788888489 705499 25786277
5 725 25827864 0 1788888489 705679 25798071
6 366 25843487 0 1788888489 705814 25764888
4 725 25901149 0 1788888489 789374 25843053
5 726 25892181 0 1788888489 789508 25861140
7 364 25907457 0 1788888489 793495 25819308
4 726 25960971 0 1788888489 879536 25905246
5 727 25901310 0 1788888489 879706 25877837
6 367 25975403 0 1788888489 879799 25884785
4 727 25954064 0 1788888489 964768 25902134
5 728 25947881 0 1788888489 965541 25919675
7 365 25985980 0 1788888489 966286 25899055
4 728 25987985 0 1788888490 32723 25944377
5 729 25966119 0 1788888490 33004 25944336
6 368 25989812 0 1788888490 33170 25921183
4 729 25935207 0 1788888490 100012 25890425
5 730 25916478 0 1788888490 100212 25892068
7 366 26003847 0 1788888490 100316 25936067
4 730 25885379 0 1788888490 167948 25839867
5 731 25882189 0 1788888490 168138 25858135
6 369 25946252 0 1788888490 168358 25877602
4 731 25885336 0 1788888490 234289 25843193
5 732 25882691 0 1788888490 237751 25857107
7 367 25930465 0 1788888490 237919 25860296
4 732 25939123 0 1788888490 301888 25894421
5 733 25910565 0 1788888490 302055 25888758
6 370 25943397 0 1788888490 302152 25875320
4 733 25906248 0 1788888490 367243 25862481
5 734 25867953 0 1788888490 367518 25844867
7 368 25947170 0 1788888490 367728 25881149
4 734 25897821 0 1788888490 432416 25854575
5 735 25867442 0 1788888490 432647 25845213
6 371 25912583 0 1788888490 433044 25846342
4 735 25903557 0 1788888490 502778 25855399
5 736 25872338 0 1788888490 503040 25847543
7 369 25929554 0 1788888490 503178 25857960
4 736 25871636 0 1788888490 580150 25817604
5 737 25848372 0 1788888490 580329 25822285
6 372 25892863 0 1788888490 580432 25815046
4 737 25877052 0 1788888490 652655 25830976
5 738 25867739 0 1788888490 652897 25843499
7 370 25904652 0 1788888490 653059 25831582
4 738 25915261 0 1788888490 724405 25866390
5 739 25908106 0 1788888490 724623 25884808
6 373 25919746 0 1788888490 725220 25847023
4 739 25967448 0 1788888490 803948 25913265
5 740 25961764 0 1788888490 804075 25932547
7 371 25975530 0 1788888490 804257 25895509
4 740 26054850 0 1788888490 899474 25992108
5 741 26043049 0 1788888490 899592 26011437
6 374 26055809 0 1788888490 899762 25959722
4 741 26117680 0 1788888491 882 26046935
5 742 26074527 0 1788888491 1700 26037250
7 372 26145174 0 1788888491 2164 26042100
4 742 26149548 0 1788888491 108848 26076307
5 743 26146525 0 1788888491 115228 26098146
6 375 26177801 0 1788888491 116228 26062268
4 743 26255104 0 1788888491 237434 26174708
5 744 26233711 0 1788888491 237613 26191903
7 373 26263905 0 1788888491 237719 26134806
4 744 26342034 0 1788888491 375361 26261062
5 745 26342073 0 1788888491 375512 26309255
6 376 26344781 0 1788888491 375616 26206349
4 745 26473993 0 1788888491 511245 26378722
5 746 26458218 0 1788888491 513781 26402531
7 374 26476885 0 1788888491 513852 26338211
4 746 26498159 0 1788888491 619041 26435400
5 747 26434973 0 1788888491 621710 26397976
6 377 26507778 0 1788888491 622416 26396111
4 747 26517100 0 1788888491 725204 26444350
5 748 26498924 0 1788888491 725470 26458174
7 375 26525835 0 1788888491 725595 26418986
4 748 26495906 0 1788888491 815712 26439680
5 749 26462596 0 1788888491 815886 26433343
6 378 26577380 0 1788888491 816030 26486119
4 749 26544781 0 1788888491 912632 26473440
5 750 26535621 0 1788888491 912781 26501872
7 376 26553148 0 1788888491 913210 26455421
4 750 26637617 0 1788888492 21699 26568782
5 751 26619800 0 1788888492 22391 26585019
6 379 26644851 0 1788888492 22546 26534763
4 751 26662916 0 1788888492 101316 26612214
5 752 26617620 0 1788888492 101542 26591553
7 377 26680435 0 1788888492 101832 26600097
4 752 26682976 0 1788888492 181736 26630322
5 753 26627574 0 1788888492 182060 26603227
6 380 26688462 0 1788888492 183120 26606460
4 753 26684875 0 1788888492 277871 26619213
5 754 26675052 0 1788888492 278170 26641892
7 378 26716069 0 1788888492 278488 26619138
4 754 26707210 0 1788888492 384979 26636747
5 755 26707571 0 1788888492 386157 26668102
6 381 26764957 0 1788888492 386273 26656361
4 755 26742835 0 1788888492 479007 26690955
5 756 26632801 0 1788888492 479268 26609444
7 379 26768887 0 1788888492 479377 26674218
4 756 26687501 0 1788888492 559769 26638298
5 757 26625495 0 1788888492 559884 26601193
6 382 26709950 0 1788888492 559969 26628762
4 757 26684329 0 1788888492 665191 26618242
5 758 26681695 0 1788888492 665307 26648847
7 380 26695957 0 1788888492 665443 26590072
4 758 26752149 0 1788888492 753582 26706376
5 759 26749922 0 1788888492 754241 26726893
6 383 26767480 0 1788888492 754488 26677985
4 759 26796515 0 1788888492 832507 26744309
5 760 26776593 0 1788888492 832800 26750264
7 381 26809981 0 1788888492 833280 26730070
4 760 26758264 0 1788888492 920381 26699542
5 761 26756603 0 1788888492 920575 26726130
6 384 26863990 0 1788888492 920679 26775660
4 761 26771001 0 1788888493 6236 26719624
5 762 26752777 0 1788888493 6395 26726601
7 382 26779108 0 1788888493 6591 26692675
4 762 26771629 0 1788888493 82824 26723369
5 763 26761566 0 1788888493 83039 26738075
6 385 26799202 0 1788888493 83178 26722016
4 763 26801124 0 1788888493 162656 26750240
5 764 26765864 0 1788888493 162857 26743682
7 383 26833480 0 1788888493 163049 26753085
4 764 26773619 0 1788888493 238618 26726870
5 765 26750081 0 1788888493 238817 26724853
6 386 26804788 0 1788888493 243386 26723904
4 765 26811412 0 1788888493 333858 26748633
5 766 26769293 0 1788888493 334018 26735209
7 384 26838445 0 1788888493 334112 26742726
4 766 26860842 0 1788888493 436894 26791931
5 767 26786479 0 1788888493 437019 26754378
6 387 26870048 0 1788888493 437131 26766584
4 767 26835699 0 1788888493 514505 26783778
5 768 26818298 0 1788888493 514605 26791920
7 385 26845117 0 1788888493 514821 26766993
4 768 26917298 0 1788888493 615663 26853712
5 769 26900334 0 1788888493 615805 26875391
6 388 26918804 0 1788888493 615985 26817158
4 769 26909352 0 1788888493 707741 26848685
5 770 26876717 0 1788888493 707854 26850979
7 386 26964036 0 1788888493 707992 26871531
4 770 26949496 0 1788888493 782720 26901244
5 771 26947848 0 1788888493 783037 26923441
6 389 26951861 0 1788888493 783151 26876332
4 771 26944967 0 1788888493 869759 26892213
5 772 26935919 0 1788888493 869931 26908419
7 387 26967719 0 1788888493 870227 26880050
4 772 26941362 0 1788888493 950495 26893379
5 773 26933744 0 1788888493 950656 26910756
6 390 27008472 0 1788888493 950801 26927087
4 773 26976373 0 1788888494 28962 26923370
5 774 26958465 0 1788888494 29082 26928949
7 388 27012382 0 1788888494 29856 26932861
4 774 27081453 0 1788888494 180321 26971904
5 775 27055189 0 1788888494 188283 26997244
6 391 27096767 0 1788888494 188549 26936975
4 775 27094013 0 1788888494 280902 27036825
5 776 27063676 0 1788888494 281102 27033215
7 389 27143170 0 1788888494 281206 27042105
4 776 27078110 0 1788888494 366881 27019439
5 777 27068610 0 1788888494 367132 27043110
6 392 27095070 0 1788888494 367458 27008342
4 777 27135824 0 1788888494 461157 27074209
5 778 27134091 0 1788888494 461329 27104298
7 390 27140244 0 1788888494 462045 27044914
4 778 27187443 0 1788888494 552026 27126416
5 779 27157434 0 1788888494 552208 27121779
6 393 27202609 0 1788888494 552335 27111238
4 779 27231937 0 1788888494 633034 27181242
5 780 27224664 0 1788888494 633231 27200341
7 391 27235401 0 1788888494 633385 27153807
4 780 27303583 0 1788888494 714984 27249049
5 781 27258664 0 1788888494 715152 27231471
6 394 27306365 0 1788888494 715486 27223741
4 781 27286954 0 1788888494 788956 27237903
5 782 27269672 0 1788888494 789140 27243687
7 392 27303809 0 1788888494 789812 27228768
4 782 27331655 0 1788888494 866289 27281725
5 783 27318706 0 1788888494 866495 27295792
6 395 27338591 0 1788888494 866675 27260641
4 783 27396180 0 1788888494 950743 27339948
5 784 27396261 0 1788888494 950969 27365356
7 393 27402267 0 1788888494 951123 27317240
4 784 27424909 0 1788888495 33427 27372615
5 785 27423354 0 1788888495 33591 27396587
6 396 27429119 0 1788888495 33728 27345948
4 785 27466412 0 1788888495 110280 27414856
5 786 27409965 0 1788888495 110913 27382872
7 394 27484359 0 1788888495 111095 27406525
4 786 27456608 0 1788888495 192733 27398309
5 787 27453577 0 1788888495 192898 27426990
6 397 27471924 0 1788888495 193039 27389007
4 787 27542425 0 1788888495 286281 27476856
5 788 27541384 0 1788888495 286440 27510250
7 395 27544207 0 1788888495 286537 27450250
4 788 27613031 0 1788888495 365310 27565988
5 789 27576429 0 1788888495 365440 27554064
6 398 27617896 0 1788888495 365566 27538344
4 789 27632277 0 1788888495 450776 27575795
5 790 27627996 0 1788888495 453824 27600128
7 396 27645818 0 1788888495 454039 27556903
4 790 27614397 0 1788888495 536800 27556739
5 791 27605790 0 1788888495 537087 27573451
6 399 27670545 0 1788888495 537526 27583550
4 791 27617309 0 1788888495 624258 27560553
5 792 27557005 0 1788888495 624427 27527620
7 397 27683761 0 1788888495 624596 27595615
4 792 27655780 0 1788888495 730193 27585185
5 793 27654410 0 1788888495 730357 27621438
6 400 27660420 0 1788888495 730595 27553817
4 793 27690225 0 1788888495 821988 27636052
5 794 27688395 0 1788888495 823276 27663079
7 398 27711890 0 1788888495 823573 27618420
4 794 27708880 0 1788888495 908021 27650487
5 795 27682117 0 1788888495 908186 27648214
6 401 27714295 0 1788888495 908366 27627072
4 795 27741202 0 1788888495 990714 27686496
5 796 27732421 0 1788888495 990908 27705764
7 399 27761768 0 1788888495 991035 27678597
4 796 27806013 0 1788888496 74688 27750182
5 797 27804260 0 1788888496 74879 27777274
6 402 27808363 0 1788888496 75086 27723798
4 797 27877733 0 1788888496 156767 27820570
5 798 27877437 0 1788888496 156984 27849575
7 400 27882550 0 1788888496 157089 27799950
4 798 27906728 0 1788888496 245332 27843500
5 799 27897795 0 1788888496 245467 27863803
6 403 27953210 0 1788888496 245605 27864123
4 799 27932484 0 1788888496 347944 27864752
5 800 27924981 0 1788888496 348209 27894436
7 401 27984489 0 1788888496 348381 27881174
4 800 27971844 0 1788888496 433844 27920612
5 801 27960224 0 1788888496 434048 27934044
6 404 27991573 0 1788888496 434190 27905015
4 801 28033375 0 1788888496 530145 27978818
5 802 28003531 0 1788888496 530345 27973119
7 402 28040762 0 1788888496 530709 27943706
4 802 28070772 0 1788888496 615023 28015105
5 803 27993450 0 1788888496 615520 27962203
6 405 28083388 0 1788888496 615743 27997562
4 803 28055985 0 1788888496 705599 27993724
5 804 28044526 0 1788888496 705802 28014600
7 403 28077915 0 1788888496 705913 27986719
4 804 28096499 0 1788888496 793534 28036335
5 805 28021504 0 1788888496 793752 27988761
6 406 28131072 0 1788888496 793857 28042527
4 805 28060546 0 1788888496 877057 28005179
5 806 28032442 0 1788888496 877226 28005467
7 404 28096850 0 1788888496 877367 28012845
4 806 28098086 0 1788888496 955819 28048105
5 807 28092341 0 1788888496 956689 28066410
6 407 28100288 0 1788888496 957067 28020121
4 807 28096576 0 1788888497 41419 28040077
5 808 28086713 0 1788888497 41808 28059376
7 405 28155801 0 1788888497 42152 28067911
4 808 28124920 0 1788888497 130076 28061949
5 809 28099719 0 1788888497 130194 28066397
6 408 28129473 0 1788888497 130903 28039773
4 809 28135882 0 1788888497 218648 28085535
5 810 28112537 0 1788888497 218823 28088000
7 406 28138634 0 1788888497 219015 28049524
4 810 28162950 0 1788888497 297037 28110376
5 811 28142304 0 1788888497 297152 28118368
6 409 28166133 0 1788888497 297686 28086931
4 811 28152742 0 1788888497 370207 28104643
5 812 28149363 0 1788888497 370398 28126815
7 407 28202035 0 1788888497 370854 28128050
4 812 28221084 0 1788888497 461814 28160985
5 813 28210121 0 1788888497 462018 28178153
6 410 28222736 0 1788888497 462832 28129902
4 813 28277978 0 1788888497 547525 28226475
5 814 28265572 0 1788888497 547715 28237656
7 408 28283009 0 1788888497 547862 28196615
4 814 28260218 0 1788888497 641354 28200388
5 815 28257599 0 1788888497 641549 28233252
6 411 28303776 0 1788888497 642044 28209100
4 815 28324009 0 1788888497 713287 28275551
5 816 28318302 0 1788888497 713442 28294171
7 409 28327869 0 1788888497 713889 28255030
4 816 28370220 0 1788888497 791499 28318330
5 817 28277182 0 1788888497 792918 28250522
6 412 28393977 0 1788888497 793982 28313122
4 817 28348190 0 1788888497 875146 28297309
5 818 28323693 0 1788888497 875343 28299100
7 410 28356864 0 1788888497 875439 28272700
4 818 28366681 0 1788888497 960207 28310224
5 819 28346021 0 1788888497 960339 28315319
6 413 28388092 0 1788888497 960436 28302326
4 819 28373511 0 1788888498 46793 28315424
5 820 28352894 0 1788888498 47057 28323793
7 411 28420639 0 1788888498 47593 28333044
4 820 28412222 0 1788888498 141396 28345078
5 821 28392213 0 1788888498 142253 28357618
6 414 28441684 0 1788888498 142453 28345800
4 821 28481595 0 1788888498 244428 28413868
5 822 28456899 0 1788888498 244605 28420457
7 412 28493112 0 1788888498 245024 28389220
4 822 28536354 0 1788888498 340720 28478027
5 823 28522649 0 1788888498 340896 28492106
6 415 28552718 0 1788888498 343276 28453658
4 823 28651067 0 1788888498 495289 28541761
5 824 28644103 0 1788888498 495464 28576519
7 413 28677925 0 1788888498 501813 28516455
4 824 28764184 0 1788888498 636742 28681490
5 825 28731388 0 1788888498 637447 28688640
6 416 28772288 0 1788888498 637548 28629903
4 825 28824713 0 1788888498 755481 28750339
5 826 28817007 0 1788888498 755789 28780198
7 414 28847248 0 1788888498 760654 28723167
4 826 28901581 0 1788888498 866040 28827974
5 827 28866667 0 1788888498 866164 28830228
6 417 28917384 0 1788888498 866317 28806266
4 827 28936051 0 1788888498 970569 28868691
5 828 28918970 0 1788888498 970816 28889509
7 415 28966131 0 1788888498 970921 28860830
4 828 28976312 0 1788888499 53651 28922195
5 829 28959234 0 1788888499 54265 28931656
6 418 28991987 0 1788888499 54456 28907920
4 829 28963845 0 1788888499 138387 28904382
5 830 28926003 0 1788888499 138585 28893334
7 416 29011056 0 1788888499 138729 28925808
4 830 28991293 0 1788888499 234648 28927644
5 831 28957201 0 1788888499 234847 28928961
6 419 29005258 0 1788888499 235093 28908340
4 831 29018099 0 1788888499 332761 28951933
5 832 28961270 0 1788888499 332961 28925878
7 417 29045543 0 1788888499 333040 28946990
4 832 29001103 0 1788888499 469926 28905851
5 833 28952568 0 1788888499 470137 28900598
6 420 29060738 0 1788888499 470595 28922652
4 833 28997260 0 1788888499 580177 28922126
5 834 28986218 0 1788888499 580939 28944863
7 418 29005972 0 1788888499 581106 28894400
4 834 29075551 0 1788888499 690958 29001095
5 835 29058985 0 1788888499 691104 29023890
6 421 29085360 0 1788888499 695410 28969935
4 835 29097466 0 1788888499 800361 29026838
5 836 29086488 0 1788888499 800577 29052309
7 419 29100926 0 1788888499 800682 28990915
4 836 29182779 0 1788888499 923326 29103020
5 837 29177523 0 1788888499 923452 29133445
6 422 29194899 0 1788888499 923554 29071091
4 837 29228547 0 1788888500 25041 29168031
5 838 29188882 0 1788888500 25164 29161483
7 420 29249039 0 1788888500 25396 29146788
4 838 29250039 0 1788888500 115907 29190588
5 839 29241661 0 1788888500 116209 29210457
6 423 29264590 0 1788888500 116441 29172900
4 839 29308530 0 1788888500 206084 29252737
5 840 29293636 0 1788888500 206254 29265175
7 421 29323266 0 1788888500 206655 29232341
4 840 29395995 0 1788888500 314836 29330729
5 841 29389352 0 1788888500 315083 29359852
6 424 29401896 0 1788888500 315252 29292553
4 841 29464417 0 1788888500 415345 29399657
5 842 29461633 0 1788888500 415462 29424665
7 422 29469495 0 1788888500 419163 29364931
4 842 29495457 0 1788888500 516168 29429813
5 843 29485202 0 1788888500 516373 29453517
6 425 29523721 0 1788888500 516470 29422402
4 843 29631942 0 1788888500 669901 29534982
5 844 29627030 0 1788888500 670065 29583654
7 423 29638205 0 1788888500 675346 29478751
4 844 29714588 0 1788888500 798235 29644842
5 845 29714223 0 1788888500 798451 29684127
6 426 29748168 0 1788888500 798783 29619042
4 845 29748819 0 1788888500 920842 29671551
5 846 29707033 0 1788888500 920963 29667477
7 424 29793286 0 1788888500 921288 29669977
4 846 29823205 0 1788888501 46917 29751311
5 847 29813901 0 1788888501 47190 29779141
6 427 29829125 0 1788888501 47764 29702074
4 847 29922097 0 1788888501 181443 29832436
5 848 29916292 0 1788888501 181608 29868370
7 425 29923118 0 1788888501 182343 29787481
4 848 30023449 0 1788888501 330746 29936896
5 849 29994032 0 1788888501 330993 29947062
6 428 30056200 0 1788888501 331093 29902950
4 849 30134834 0 1788888501 486720 30022930
5 850 30133669 0 1788888501 487381 30082963
7 426 30143014 0 1788888501 487925 29982738
4 850 30266765 0 1788888501 636688 30163698
5 851 30218421 0 1788888501 643860 30144168
6 429 30287179 0 1788888501 644211 30129553
4 851 30450313 0 1788888501 939201 30292015
5 852 30426132 0 1788888501 941928 30366852
7 427 30476416 0 1788888501 943524 30169350
4 852 30577344 0 1788888502 152461 30429819
5 853 30564845 0 1788888502 159441 30475438
6 430 30589229 0 1788888502 163378 30364466
6 431 30723836 0 1788888502 347032 30716934
6 432 30755966 0 1788888502 395464 30750584
4 853 30848588 0 1788888502 456401 30626852
5 854 30835125 0 1788888502 457630 30663563
7 428 30853080 0 1788888502 458251 30547081
4 854 30914390 0 1788888502 591046 30819454
5 855 30890796 0 1788888502 591676 30847302
6 433 30927630 0 1788888502 603124 30780345
6 434 31096465 0 1788888502 831949 31091677
4 855 31173070 0 1788888502 897443 30960143
5 856 31173563 0 1788888502 903348 31023749
7 429 31188843 0 1788888502 908242 30870029
4 856 31320077 0 1788888503 102865 31192905
5 857 31322525 0 1788888503 107641 31247166
6 435 31339135 0 1788888503 108180 31126147
4 857 31481750 0 1788888503 287020 31373804
5 858 31480891 0 1788888503 287154 31425068
7 430 31493594 0 1788888503 291152 31304763
4 858 31568186 0 1788888503 438601 31465076
5 859 31561985 0 1788888503 439471 31510515
6 436 31588026 0 1788888503 439580 31435234
4 859 31646487 0 1788888503 560539 31565115
5 860 31597224 0 1788888503 560889 31554472
7 431 31662786 0 1788888503 561417 31539835
4 860 31662798 0 1788888503 685234 31580731
5 861 31646226 0 1788888503 685737 31601062
6 437 31718626 0 1788888503 686149 31592602
4 861 31789348 0 1788888503 843144 31679688
5 862 31777669 0 1788888503 843328 31720959
7 432 31789922 0 1788888503 843419 31631187
4 862 31826557 0 1788888503 939969 31823443
5 863 31988710 0 1788888504 124729 31865573
6 438 32020017 0 1788888504 124999 31737550
7 433 31977094 0 1788888504 125103 31909029
4 863 32054295 0 1788888504 240756 31937946
5 864 32037452 0 1788888504 240994 31959749
6 439 32019736 0 1788888504 241098 31985129
4 864 32058494 0 1788888504 367465 31981178
5 865 32058581 0 1788888504 367799 32017976
7 434 32091886 0 1788888504 367954 31964488
4 865 32204543 0 1788888504 541999 32083982
5 866 32173611 0 1788888504 542529 32108996
6 440 32206698 0 1788888504 544139 32029831
4 866 32307387 0 1788888504 699353 32209448
5 867 32305056 0 1788888504 699477 32263924
7 435 32320794 0 1788888504 699621 32162031
4 867 32381890 0 1788888504 811285 32320692
5 868 32368522 0 1788888504 812224 32341189
6 441 32417337 0 1788888504 812405 32304088
4 868 32451164 0 1788888504 936825 32360020
5 869 32450110 0 1788888504 936998 32398494
7 436 32470372 0 1788888504 937129 32344352
4 869 32522410 0 1788888505 105347 32406898
5 870 32515371 0 1788888505 127258 32434191
6 442 32623977 0 1788888505 128500 32432074
4 870 32630782 0 1788888505 285155 32537558
5 871 32615391 0 1788888505 285349 32576345
7 437 32657323 0 1788888505 286590 32475880
4 871 32733092 0 1788888505 414638 32639406
5 872 32712249 0 1788888505 415116 32658505
6 443 32736908 0 1788888505 415339 32606529
6 444 32888418 0 1788888505 638211 32884109
4 872 32975075 0 1788888505 680766 32823696
5 873 32956768 0 1788888505 683423 32860076
7 438 32980380 0 1788888505 683888 32707270
4 873 33027764 0 1788888505 790552 32958335
5 874 33013166 0 1788888505 791368 32977271
6 445 33041184 0 1788888505 791475 32929904
4 874 33091039 0 1788888505 889765 33027896
5 875 33084632 0 1788888505 889922 33048909
7 439 33096427 0 1788888505 890011 32996779
4 875 33099171 0 1788888505 987431 33039137
5 876 33098414 0 1788888505 987627 33066410
6 446 33132832 0 1788888505 987833 33034588
4 876 33169596 0 1788888506 78198 33109706
5 877 33146750 0 1788888506 78360 33116642
7 440 33179349 0 1788888506 78514 33088040
4 877 33204712 0 1788888506 172029 33140470
5 878 33194463 0 1788888506 172259 33160539
6 447 33222454 0 1788888506 172408 33128046
4 878 33251813 0 1788888506 254514 33199256
5 879 33251632 0 1788888506 254702 33221111
7 441 33276453 0 1788888506 254810 33193489
4 879 33287052 0 1788888506 322232 33241226
5 880 33246165 0 1788888506 322379 33220894
6 448 33306213 0 1788888506 322512 33237999
4 880 33300424 0 1788888506 394122 33249734
5 881 33282356 0 1788888506 394317 33253822
7 442 33312695 0 1788888506 394438 33240325
4 881 33315325 0 1788888506 470203 33267405
5 882 33298227 0 1788888506 470370 33272074
6 449 33328354 0 1788888506 470524 33251739
4 882 33351761 0 1788888506 536555 33306993
5 883 33318531 0 1788888506 536746 33294322
7 443 33355595 0 1788888506 536945 33288709
4 883 33375447 0 1788888506 603845 33329650
5 884 33369019 0 1788888506 603948 33344583
6 450 33382583 0 1788888506 604090 33314815
4 884 33423626 0 1788888506 676223 33373573
5 885 33422489 0 1788888506 676353 33395109
7 444 33427775 0 1788888506 676445 33355012
4 885 33444491 0 1788888506 753685 33392958
5 886 33420444 0 1788888506 753854 33395292
6 451 33460530 0 1788888506 753955 33382620
4 886 33479158 0 1788888506 842070 33419576
5 887 33468018 0 1788888506 842397 33441725
7 445 33508174 0 1788888506 844820 33416886
4 887 33509530 0 1788888506 917433 33459199
5 888 33487455 0 1788888506 917629 33462180
6 452 33516740 0 1788888506 917727 33440877
4 888 33532583 0 1788888507 15081 33463799
5 889 33514139 0 1788888507 15194 33475943
7 446 33543663 0 1788888507 15995 33444841
4 889 33577793 0 1788888507 112462 33521257
5 890 33561072 0 1788888507 112577 33537389
6 453 33592983 0 1788888507 112718 33495165
4 890 33608241 0 1788888507 202849 33552146
5 891 33570782 0 1788888507 203094 33545453
7 447 33635627 0 1788888507 203237 33544624
4 891 33645190 0 1788888507 287601 33589240
5 892 33624595 0 1788888507 287807 33596418
6 454 33654961 0 1788888507 287962 33569634
4 892 33699537 0 1788888507 388854 33637767
5 893 33698543 0 1788888507 389064 33666345
7 448 33701458 0 1788888507 389733 33599081
4 893 33767952 0 1788888507 476069 33708088
5 894 33746187 0 1788888507 476232 33720869
6 455 33771920 0 1788888507 476375 33684149
4 894 33826208 0 1788888507 569337 33757007
5 895 33798637 0 1788888507 569569 33758829
7 449 33828293 0 1788888507 569823 33734363
4 895 33890152 0 1788888507 670482 33826786
5 896 33881601 0 1788888507 670664 33855685
6 456 33895928 0 1788888507 670826 33794187
4 896 33905115 0 1788888507 763328 33843194
5 897 33900563 0 1788888507 766290 33866904
7 450 33947968 0 1788888507 766396 33851775
4 897 33967087 0 1788888507 849795 33915005
5 898 33953865 0 1788888507 849992 33928811
6 457 33970277 0 1788888507 850181 33883240
4 898 34035189 0 1788888507 947205 33965866
5 899 34017427 0 1788888507 947444 33992027
7 451 34049338 0 1788888507 947733 33951221
4 899 34095606 0 1788888508 38316 34036137
5 900 34040529 0 1788888508 39475 34009230
6 458 34098856 0 1788888508 39905 34005870
4 900 33952281 0 1788888508 120642 33897324
5 901 33907570 0 1788888508 123012 33876430
7 452 34003385 0 1788888508 123171 33918325
4 901 33900790 0 1788888508 220132 33839207
5 902 33894682 0 1788888508 220338 33871138
6 459 33973895 0 1788888508 220439 33873688
4 902 33930157 0 1788888508 306618 33871297
5 903 33923088 0 1788888508 306830 33890787
7 453 33952095 0 1788888508 307061 33864466
4 903 33888599 0 1788888508 388508 33835494
5 904 33876524 0 1788888508 388703 33849096
6 460 33899763 0 1788888508 388870 33817331
4 904 33944450 0 1788888508 480433 33888794
5 905 33940396 0 1788888508 481032 33909882
7 454 33963434 0 1788888508 481162 33870478
4 905 33985203 0 1788888508 561635 33932632
5 906 33971652 0 1788888508 561791 33940112
6 461 34018456 0 1788888508 562020 33936717
4 906 33987269 0 1788888508 640319 33935636
5 907 33982614 0 1788888508 640512 33953411
7 455 34029177 0 1788888508 640713 33949919
4 907 34027842 0 1788888508 732326 33972869
5 908 33972167 0 1788888508 732690 33941040
6 462 34029476 0 1788888508 733359 33936256
4 908 34033586 0 1788888508 820832 33974221
5 909 34024682 0 1788888508 821034 33995596
7 456 34050027 0 1788888508 821180 33961006
4 909 34003460 0 1788888508 922435 33938791
5 910 33963578 0 1788888508 922569 33932395
6 463 34090915 0 1788888508 922733 33988762
4 910 34029179 0 1788888509 40188 33948583
5 911 34019199 0 1788888509 50065 33965356
7 457 34078142 0 1788888509 50188 33950174
4 911 34105856 0 1788888509 141268 34047478
5 912 34038350 0 1788888509 141437 34009129
6 464 34106773 0 1788888509 141577 34005157
4 912 34103991 0 1788888509 229486 34048734
5 913 34060024 0 1788888509 229691 34033124
7 458 34121226 0 1788888509 229785 34032453
4 913 34113535 0 1788888509 312740 34063391
5 914 34098724 0 1788888509 312942 34075281
6 465 34124348 0 1788888509 313038 34040618
4 914 34169175 0 1788888509 409585 34098281
5 915 34148443 0 1788888509 409790 34108306
7 459 34187244 0 1788888509 409962 34089843
4 915 34225245 0 1788888509 529063 34149327
5 916 34179878 0 1788888509 529218 34143022
6 466 34245361 0 1788888509 529669 34125025
4 916 34234717 0 1788888509 639854 34166294
5 917 34228386 0 1788888509 640053 34194115
7 460 34277305 0 1788888509 644915 34161053
4 917 34313349 0 1788888509 758618 34231689
5 918 34262423 0 1788888509 758876 34227801
6 467 34322357 0 1788888509 759107 34202882
4 918 34381031 0 1788888509 895616 34302660
5 919 34341245 0 1788888509 895785 34305634
7 461 34396996 0 1788888509 895936 34259444
4 919 34410236 0 1788888510 18301 34344764
5 920 34408207 0 1788888510 18473 34384009
6 468 34462432 0 1788888510 19451 34338386
4 920 34459032 0 1788888510 108024 34399723
5 921 34451831 0 1788888510 108218 34423479
7 462 34481304 0 1788888510 108360 34391048
4 921 34509752 0 1788888510 193075 34452640
5 922 34494944 0 1788888510 193429 34466558
6 469 34523363 0 1788888510 193927 34437255
4 922 34460694 0 1788888510 275462 34406095
5 923 34459113 0 1788888510 275736 34432910
7 463 34462601 0 1788888510 276283 34379175
4 923 34528298 0 1788888510 353245 34477390
5 924 34527381 0 1788888510 353448 34502685
6 470 34537304 0 1788888510 355274 34457157
4 924 34539804 0 1788888510 434645 34487933
5 925 34503631 0 1788888510 434810 34478345
7 464 34568928 0 1788888510 434995 34486984
4 925 34557758 0 1788888510 515254 34505317
5 926 34508543 0 1788888510 515396 34486292
6 471 34577371 0 1788888510 515525 34496345
4 926 34554231 0 1788888510 603765 34488489
5 927 34553059 0 1788888510 603932 34525311
7 465 34570381 0 1788888510 604038 34481429
4 927 34596644 0 1788888510 686202 34539782
5 928 34560897 0 1788888510 686421 34534698
6 472 34628371 0 1788888510 687262 34544652
4 928 34623728 0 1788888510 764064 34572678
5 929 34542829 0 1788888510 764219 34520135
7 466 34624492 0 1788888510 764306 34546180
4 929 34588183 0 1788888510 847985 34533977
5 930 34576267 0 1788888510 848126 34547884
6 473 34601140 0 1788888510 848242 34516698
4 930 34589676 0 1788888510 936776 34532414
5 931 34579308 0 1788888510 936909 34550974
7 467 34621677 0 1788888510 937039 34532454
4 931 34641877 0 1788888511 30694 34580808
5 932 34619282 0 1788888511 33331 34586010
6 474 34654692 0 1788888511 33443 34557861
4 932 34729561 0 1788888511 150605 34648601
5 933 34696050 0 1788888511 151188 34653160
7 468 34732126 0 1788888511 151345 34611210
4 933 34777047 0 1788888511 273792 34691214
5 934 34750403 0 1788888511 274085 34705524
6 475 34810912 0 1788888511 274806 34686530
4 934 34870402 0 1788888511 429044 34760027
5 935 34868989 0 1788888511 429291 34807617
7 469 34893635 0 1788888511 429529 34737619
4 935 34904359 0 1788888511 523297 34840570
5 936 34899559 0 1788888511 527576 34866244
6 476 34914126 0 1788888511 527693 34815108
4 936 34959689 0 1788888511 624290 34889385
5 937 34940001 0 1788888511 624507 34901981
7 470 34989506 0 1788888511 624625 34887755
4 937 35063376 0 1788888511 759891 34964091
5 938 35052769 0 1788888511 763224 34982220
6 477 35068873 0 1788888511 763364 34929543
4 938 35160480 0 1788888511 941350 35053657
5 939 35139856 0 1788888511 941528 35101216
7 471 35224880 0 1788888511 941719 35042572
4 939 35214267 0 1788888512 56643 35138436
5 940 35201136 0 1788888512 58294 35157134
6 478 35256081 0 1788888512 59139 35138050
4 940 35272961 0 1788888512 143581 35216984
5 941 35263059 0 1788888512 143694 35234148
7 472 35282581 0 1788888512 143840 35194802
4 941 35325445 0 1788888512 252184 35257573
5 942 35315966 0 1788888512 252354 35283365
6 479 35354508 0 1788888512 252461 35245452
4 942 35393659 0 1788888512 361602 35316342
5 943 35389985 0 1788888512 363390 35346346
7 473 35426772 0 1788888512 363519 35315225
4 943 35486800 0 1788888512 464961 35426200
5 944 35486081 0 1788888512 465119 35457687
6 480 35489641 0 1788888512 465208 35385843
4 944 35568713 0 1788888512 565290 35502199
5 945 35488202 0 1788888512 565635 35455370
7 474 35578894 0 1788888512 565983 35477651
4 945 35469753 0 1788888512 669058 35402001
5 946 35458847 0 1788888512 669257 35426062
6 481 35559911 0 1788888512 669410 35455179
4 946 35439560 0 1788888512 762360 35375850
5 947 35417513 0 1788888512 762524 35386325
7 475 35482668 0 1788888512 762611 35388946
4 947 35428933 0 1788888512 865568 35364464
5 948 35369223 0 1788888512 865797 35339415
6 482 35473938 0 1788888512 865949 35370135
4 948 35484937 0 1788888512 993089 35393778
5 949 35477293 0 1788888512 993259 35438520
7 476 35486952 0 1788888512 993357 35358916
4 949 35522091 0 1788888513 111914 35430947
5 950 35520235 0 1788888513 112195 35466462
6 483 35547956 0 1788888513 112358 35428443
4 950 35594970 0 1788888513 221645 35522575
5 951 35588050 0 1788888513 222112 35551322
7 477 35615797 0 1788888513 222294 35505260
4 951 35691443 0 1788888513 336080 35629488
5 952 35673848 0 1788888513 336234 35643295
6 484 35697963 0 1788888513 336378 35582406
4 952 35637327 0 1788888513 443523 35562843
5 953 35621097 0 1788888513 443785 35576348
7 478 35779882 0 1788888513 443897 35671889
4 953 35712384 0 1788888513 572272 35638897
5 954 35702682 0 1788888513 572439 35668271
6 485 35740766 0 1788888513 572540 35611527
4 954 35757722 0 1788888513 667596 35696324
5 955 35749920 0 1788888513 667793 35718853
7 479 35759274 0 1788888513 668550 35662828
4 955 35765229 0 1788888513 762226 35701855
5 956 35762898 0 1788888513 762403 35727001
6 486 35822809 0 1788888513 762556 35727662
4 956 35863825 0 1788888513 882232 35778443
5 957 35857003 0 1788888513 882429 35805841
7 480 35881445 0 1788888513 882524 35760681
4 957 35945249 0 1788888514 13469 35865843
5 958 35938010 0 1788888514 13651 35906123
6 487 35978763 0 1788888514 13760 35847025
4 958 36048304 0 1788888514 143463 35960123
5 959 36037141 0 1788888514 143645 35995618
7 481 36058986 0 1788888514 144274 35927483
7 482 36117193 0 1788888514 266272 36114281
4 959 36159144 0 1788888514 292685 36062066
5 960 36158389 0 1788888514 293017 36098106
6 488 36185300 0 1788888514 293171 36035346
4 960 36199838 0 1788888514 384623 36136411
5 961 36198859 0 1788888514 384956 36161710
7 483 36207708 0 1788888514 385127 36114982
4 961 36230518 0 1788888514 505789 36145355
5 962 36199176 0 1788888514 505919 36152791
6 489 36272930 0 1788888514 506059 36150827
4 962 36304937 0 1788888514 615661 36237594
5 963 36301868 0 1788888514 616319 36269811
7 484 36307206 0 1788888514 616569 36196015
4 963 36379183 0 1788888514 712797 36310433
5 964 36373688 0 1788888514 713311 36337553
6 490 36393999 0 1788888514 713734 36295704
4 964 36403155 0 1788888514 804795 36343723
5 965 36362809 0 1788888514 804975 36328571
7 485 36443078 0 1788888514 805496 36350162
4 965 36429765 0 1788888514 898561 36371768
5 966 36422008 0 1788888514 898724 36392361
6 491 36449862 0 1788888514 898846 36355584
4 966 36492290 0 1788888515 2554 36422253
5 967 36491091 0 1788888515 2867 36461371
7 486 36509285 0 1788888515 3065 36404597
4 967 36549174 0 1788888515 99121 36483778
5 968 36461529 0 1788888515 99704 36423933
6 492 36566635 0 1788888515 99906 36469034
4 968 36428040 0 1788888515 185830 36368419
5 969 36363558 0 1788888515 186059 36333096
7 487 36531290 0 1788888515 186513 36443501
4 969 36426073 0 1788888515 267314 36372319
5 970 36399516 0 1788888515 267511 36370735
6 493 36433143 0 1788888515 267857 36350944
4 970 36472944 0 1788888515 351299 36417444
5 971 36435479 0 1788888515 351544 36405700
7 488 36483573 0 1788888515 351648 36399074
4 971 36453753 0 1788888515 428980 36399464
5 972 36424410 0 1788888515 429188 36397559
6 494 36470698 0 1788888515 429344 36392451
4 972 36414123 0 1788888515 522427 36350452
5 973 36413950 0 1788888515 522758 36380584
7 489 36436112 0 1788888515 522904 36341893
4 973 36487553 0 1788888515 624506 36417873
5 974 36477844 0 1788888515 624664 36445588
6 495 36497390 0 1788888515 625074 36394535
4 974 36499473 0 1788888515 717002 36443807
5 975 36496454 0 1788888515 717139 36468660
7 490 36541232 0 1788888515 717279 36448289
4 975 36577853 0 1788888515 817943 36510728
5 976 36569598 0 1788888515 818071 36534248
6 496 36593240 0 1788888515 818208 36491863
4 976 36614500 0 1788888515 915065 36551225
5 977 36606746 0 1788888515 915250 36574656
7 491 36643019 0 1788888515 915455 36545066
4 977 36740531 0 1788888516 54738 36652034
5 978 36709522 0 1788888516 54919 36673269
6 497 36746507 0 1788888516 55124 36606175
5 979 36781147 0 1788888516 154765 36777282
4 978 36908482 0 1788888516 265605 36736455
6 498 36886954 0 1788888516 265828 36818255
7 492 36918011 0 1788888516 265986 36706557
4 979 37024130 0 1788888516 420266 36919518
5 980 37033427 0 1788888516 420543 36878194
6 499 37000461 0 1788888516 420694 36943001
4 980 37136724 0 1788888516 583286 37009586
5 981 37128220 0 1788888516 583725 37053997
7 493 37144961 0 1788888516 584219 36972543
4 981 37218470 0 1788888516 687006 37150237
5 982 37168864 0 1788888516 687942 37134113
6 500 37223658 0 1788888516 688091 37117964
4 982 37219758 0 1788888516 785296 37157466
5 983 37194493 0 1788888516 785406 37163914
7 494 37247161 0 1788888516 785950 37147986
4 983 37228997 0 1788888516 877460 37166436
5 984 37210604 0 1788888516 877699 37182419
6 501 37265818 0 1788888516 877863 37173045
4 984 37310802 0 1788888517 3661 37217566
5 985 37310044 0 1788888517 5847 37261928
7 495 37333279 0 1788888517 6306 37204109
4 985 37382082 0 1788888517 124837 37302670
5 986 37372157 0 1788888517 125735 37329778
6 502 37413119 0 1788888517 125829 37289973
4 986 37406751 0 1788888517 228181 37344226
5 987 37404415 0 1788888517 228313 37371022
7 496 37430681 0 1788888517 228417 37326877
4 987 37446607 0 1788888517 336664 37384204
5 988 37402072 0 1788888517 337310 37371082
6 503 37503905 0 1788888517 337472 37394388
4 988 37391121 0 1788888517 435544 37320823
5 989 37372868 0 1788888517 435983 37342516
7 497 37420110 0 1788888517 436122 37320208
4 989 37444496 0 1788888517 542304 37368495
5 990 37418129 0 1788888517 543225 37379234
6 504 37458922 0 1788888517 543522 37350670
4 990 37502023 0 1788888517 653362 37426692
5 991 37467189 0 1788888517 653609 37432805
7 498 37502829 0 1788888517 653767 37391124
4 991 37569661 0 1788888517 757313 37496847
5 992 37569614 0 1788888517 757688 37532514
6 505 37570284 0 1788888517 757843 37465525
4 992 37623145 0 1788888517 859543 37564124
5 993 37602048 0 1788888517 859775 37571001
7 499 37624897 0 1788888517 859943 37522007
4 993 37663681 0 1788888517 956305 37598170
5 994 37654036 0 1788888517 956505 37622496
6 506 37670225 0 1788888517 956652 37572913
4 994 37748680 0 1788888518 73322 37665206
5 995 37717525 0 1788888518 73502 37676800
7 500 37756198 0 1788888518 73608 37638714
4 995 37796942 0 1788888518 170138 37729495
5 996 37736509 0 1788888518 170311 37694584
6 507 37813084 0 1788888518 170724 37715402
4 996 37862553 0 1788888518 309734 37779637
5 997 37855082 0 1788888518 310220 37814226
7 501 37869869 0 1788888518 311988 37727678
4 997 37942048 0 1788888518 422885 37875280
5 998 37940069 0 1788888518 423183 37906784
6 508 37962243 0 1788888518 423295 37848466
4 998 37997074 0 1788888518 529686 37935442
5 999 37992860 0 1788888518 529861 37965907
7 502 38026861 0 1788888518 530013 37919418
4 999 38025439 0 1788888518 608627 37977453
5 1000 38014623 0 1788888518 608823 37992549
6 509 38068268 0 1788888518 608922 37988833
4 1000 38073387 0 1788888518 704813 38009161
5 1001 38064756 0 1788888518 704996 38031654
7 503 38082374 0 1788888518 705616 37985217
4 1001 38108863 0 1788888518 790281 38051005
5 1002 38089694 0 1788888518 790590 38057550
6 510 38113598 0 1788888518 790747 38027497
4 1002 38116351 0 1788888518 873091 38062706
5 1003 38106308 0 1788888518 873240 38077564
7 504 38127287 0 1788888518 873344 38043916
4 1003 38098649 0 1788888518 961451 38047043
5 1004 38094938 0 1788888518 961553 38071974
6 511 38125303 0 1788888518 967261 38030955
4 1004 38144604 0 1788888519 59813 38089655
5 1005 38115842 0 1788888519 60119 38092496
7 505 38153475 0 1788888519 60967 38053783
4 1005 38180481 0 1788888519 148724 38123579
5 1006 38153110 0 1788888519 149136 38123308
6 512 38194003 0 1788888519 149398 38104249
4 1006 38207191 0 1788888519 229917 38154814
5 1007 38173575 0 1788888519 230082 38145726
7 506 38219063 0 1788888519 230186 38135584
4 1007 38132178 0 1788888519 327952 38070179
5 1008 38119574 0 1788888519 328332 38087929
6 513 38243739 0 1788888519 328743 38144634
4 1008 38204645 0 1788888519 425629 38141888
5 1009 38176909 0 1788888519 426273 38147323
7 507 38207465 0 1788888519 426419 38108688
4 1009 38176612 0 1788888519 503842 38128360
5 1010 38175797 0 1788888519 503997 38150075
6 514 38219249 0 1788888519 504088 38140617
4 1010 38252672 0 1788888519 584333 38198384
5 1011 38243300 0 1788888519 584492 38213858
7 508 38253777 0 1788888519 584633 38172711
4 1011 38225069 0 1788888519 657897 38178523
5 1012 38221875 0 1788888519 658042 38199973
6 515 38311938 0 1788888519 659174 38236824
4 1012 38271370 0 1788888519 733380 38222231
5 1013 38270830 0 1788888519 734639 38246494
7 509 38280539 0 1788888519 734736 38203539
4 1013 38342659 0 1788888519 818698 38285457
5 1014 38314507 0 1788888519 819038 38286910
6 516 38350222 0 1788888519 819352 38264023
4 1014 38371256 0 1788888519 913197 38305939
5 1015 38361447 0 1788888519 913443 38329946
7 510 38405108 0 1788888519 913617 38309982
4 1015 38425327 0 1788888520 4449 38370899
5 1016 38404012 0 1788888520 4541 38374873
6 517 38449920 0 1788888520 4696 38358246
4 1016 38438532 0 1788888520 95718 38384260
5 1017 38403582 0 1788888520 96536 38378829
7 511 38460738 0 1788888520 96631 38368295
4 1017 38454727 0 1788888520 189407 38389128
5 1018 38446040 0 1788888520 189495 38416782
6 518 38461739 0 1788888520 191034 38366203
4 1018 38451454 0 1788888520 285609 38387777
5 1019 38436157 0 1788888520 285777 38400665
7 512 38506132 0 1788888520 285890 38409463
4 1019 38506102 0 1788888520 376466 38441923
5 1020 38459882 0 1788888520 376651 38430071
6 519 38519075 0 1788888520 376812 38427669
4 1020 38518461 0 1788888520 461693 38467612
5 1021 38480883 0 1788888520 461847 38456986
7 513 38521711 0 1788888520 461944 38436061
4 1021 38496543 0 1788888520 531733 38452222
5 1022 38489248 0 1788888520 531928 38465680
6 520 38525789 0 1788888520 532119 38455235
4 1022 38555976 0 1788888520 611677 38501179
5 1023 38539299 0 1788888520 611854 38507183
7 514 38564399 0 1788888520 612007 38483920
4 1023 38579519 0 1788888520 695887 38525200
5 1024 38572847 0 1788888520 696067 38548451
6 521 38618734 0 1788888520 696236 38533977
4 1024 38559252 0 1788888520 772784 38508398
5 1025 38549171 0 1788888520 772919 38524485
7 515 38568803 0 1788888520 773065 38491460
4 1025 38586719 0 1788888520 839215 38540252
5 1026 38585904 0 1788888520 839445 38559438
6 522 38593689 0 1788888520 839753 38526566
4 1026 38602024 0 1788888520 920997 38550129
5 1027 38596875 0 1788888520 921241 38568228
7 516 38628946 0 1788888520 921387 38545734
4 1027 38633342 0 1788888521 21515 38565032
5 1028 38633349 0 1788888521 21815 38592344
6 523 38653220 0 1788888521 22464 38551609
4 1028 38692608 0 1788888521 113907 38633940
5 1029 38685766 0 1788888521 114102 38656544
7 517 38713766 0 1788888521 114292 38620750
4 1029 38783918 0 1788888521 219024 38719010
5 1030 38761080 0 1788888521 219185 38730702
6 524 38784920 0 1788888521 219343 38679262
4 1030 38766234 0 1788888521 262060 38762482
5 1031 38845956 0 1788888521 357284 38790014
6 525 38842787 0 1788888521 357638 38816025
7 518 38873487 0 1788888521 357831 38734463
4 1031 38909878 0 1788888521 448225 38818702
5 1032 38914878 0 1788888521 459645 38840691
6 526 38884102 0 1788888521 459852 38837535
4 1032 38972523 0 1788888521 561620 38906498
5 1033 38918538 0 1788888521 561730 38884876
7 519 38974175 0 1788888521 561885 38860325
4 1033 38963882 0 1788888521 643922 38912529
5 1034 38961508 0 1788888521 644045 38936819
6 527 38986190 0 1788888521 644218 38903444
4 1034 39013692 0 1788888521 724680 38964469
5 1035 38996345 0 1788888521 724861 38969279
7 520 39025107 0 1788888521 725006 38943828
4 1035 39016314 0 1788888521 810857 38960078
5 1036 39002606 0 1788888521 811050 38974856
6 528 39043475 0 1788888521 811232 38956755
4 1036 39097269 0 1788888521 910192 39036065
5 1037 39062649 0 1788888521 910578 39033736
7 521 39099750 0 1788888521 910704 38999658
4 1037 39110866 0 1788888521 998608 39052518
5 1038 39092920 0 1788888521 998969 39062107
6 529 39127507 0 1788888521 999195 39037064
4 1038 39172426 0 1788888522 89736 39112949
5 1039 39163863 0 1788888522 89906 39126604
7 522 39182424 0 1788888522 90047 39088914
4 1039 39224012 0 1788888522 202314 39139223
5 1040 39205014 0 1788888522 203479 39157113
6 530 39228419 0 1788888522 203623 39114332
4 1040 39220484 0 1788888522 281674 39169672
5 1041 39194075 0 1788888522 281864 39168794
7 523 39226113 0 1788888522 281952 39146142
4 1041 39285774 0 1788888522 375630 39219793
5 1042 39268131 0 1788888522 375770 39232388
6 531 39286924 0 1788888522 375917 39192506
4 1042 39376459 0 1788888522 488724 39312957
5 1043 39363923 0 1788888522 488877 39332886
7 524 39382342 0 1788888522 490286 39267415
4 1043 39482902 0 1788888522 647878 39371281
5 1044 39464311 0 1788888522 648765 39404125
6 532 39523564 0 1788888522 650094 39362014
4 1044 39548527 0 1788888522 763145 39477705
5 1045 39511885 0 1788888522 763291 39474546
7 525 39560177 0 1788888522 763458 39443757
4 1045 39627541 0 1788888522 886483 39548272
5 1046 39586948 0 1788888522 886627 39548949
6 533 39630366 0 1788888522 886777 39506487
4 1046 39673163 0 1788888522 976127 39616759
5 1047 39645536 0 1788888522 976727 39616290
7 526 39677261 0 1788888522 977204 39586370
4 1047 39702585 0 1788888523 61487 39652174
5 1048 39690349 0 1788888523 61657 39666740
6 534 39715515 0 1788888523 61757 39629716
4 1048 39744915 0 1788888523 139226 39694690
5 1049 39675381 0 1788888523 139382 39648557
7 527 39755987 0 1788888523 139538 39677611
4 1049 39697212 0 1788888523 218524 39646864
5 1050 39693316 0 1788888523 218690 39667798
6 535 39748815 0 1788888523 218805 39668934
4 1050 39617476 0 1788888523 320074 39563246
5 1051 39595779 0 1788888523 321038 39568038
7 528 39784833 0 1788888523 321203 39681947
4 1051 39609779 0 1788888523 413635 39546143
5 1052 39597832 0 1788888523 413820 39566653
6 536 39656564 0 1788888523 413968 39562397
4 1052 39615473 0 1788888523 499347 39561483
5 1053 39607380 0 1788888523 499462 39581233
7 529 39623040 0 1788888523 499598 39536910
4 1053 39671316 0 1788888523 590458 39611608
5 1054 39656381 0 1788888523 592022 39620615
6 537 39701383 0 1788888523 594117 39606414
4 1054 39707272 0 1788888523 674781 39657290
5 1055 39687005 0 1788888523 674957 39659254
7 530 39734362 0 1788888523 675119 39647518
4 1055 39743755 0 1788888523 765095 39684934
5 1056 39741019 0 1788888523 765285 39704773
6 538 39770483 0 1788888523 765435 39679590
4 1056 39807588 0 1788888523 851096 39752917
5 1057 39652597 0 1788888523 851256 39622523
7 531 39820165 0 1788888523 851349 39733734
4 1057 39735415 0 1788888523 941486 39677779
5 1058 39715937 0 1788888523 941648 39688428
6 539 39738053 0 1788888523 942018 39647007
4 1058 39637668 0 1788888524 26009 39578200
5 1059 39625959 0 1788888524 26158 39595598
7 532 39739819 0 1788888524 26294 39654814
4 1059 39666897 0 1788888524 108107 39616195
5 1060 39663968 0 1788888524 108405 39635750
6 540 39683656 0 1788888524 108566 39600946
4 1060 39673429 0 1788888524 186884 39622079
5 1061 39664407 0 1788888524 187187 39636942
7 533 39695242 0 1788888524 188140 39614915
4 1061 39719200 0 1788888524 279695 39654883
5 1062 39711429 0 1788888524 279909 39678074
6 541 39735828 0 1788888524 280748 39641668
4 1062 39790554 0 1788888524 380225 39728340
5 1063 39788484 0 1788888524 380380 39759568
7 534 39796508 0 1788888524 380470 39695520
4 1063 39831325 0 1788888524 465205 39779704
5 1064 39804758 0 1788888524 465323 39781357
6 542 39847985 0 1788888524 465578 39762510
4 1064 39875543 0 1788888524 548935 39824371
5 1065 39859247 0 1788888524 549093 39835401
7 535 39888155 0 1788888524 549238 39803920
4 1065 39903293 0 1788888524 639497 39841455
5 1066 39888770 0 1788888524 639620 39854367
6 543 39944174 0 1788888524 642696 39850244
4 1066 39975177 0 1788888524 762608 39892992
5 1067 39963952 0 1788888524 762749 39917515
7 536 39992001 0 1788888524 763937 39866968
4 1067 40029128 0 1788888524 850236 39970265
5 1068 39969890 0 1788888524 850393 39935457
6 544 40036360 0 1788888524 850515 39948255
4 1068 40058956 0 1788888524 967556 39982009
5 1069 40052295 0 1788888524 970361 40012782
7 537 40082264 0 1788888524 970509 39961816
4 1069 40108216 0 1788888525 56270 40050519
5 1070 40091606 0 1788888525 57320 40059259
6 545 40126879 0 1788888525 57839 40036380
4 1070 40147249 0 1788888525 141093 40092455
5 1071 40135679 0 1788888525 141502 40109424
7 538 40172828 0 1788888525 141670 40085608
4 1071 40135887 0 1788888525 229394 40075779
5 1072 40121421 0 1788888525 229588 40091111
6 546 40216511 0 1788888525 229735 40127688
4 1072 40149180 0 1788888525 300545 40104277
5 1073 40144322 0 1788888525 300768 40122205
7 539 40149860 0 1788888525 300863 40078218
4 1073 40199100 0 1788888525 393191 40141790
5 1074 40197626 0 1788888525 393852 40167428
6 547 40229368 0 1788888525 394206 40135545
4 1074 40261425 0 1788888525 481427 40210005
5 1075 40239702 0 1788888525 481557 40215282
7 540 40271061 0 1788888525 481695 40182380
4 1075 40266485 0 1788888525 558657 40217535
5 1076 40265369 0 1788888525 558872 40240394
6 548 40307863 0 1788888525 559118 40230002
4 1076 40318217 0 1788888525 634530 40269054
5 1077 40285488 0 1788888525 634679 40259869
7 541 40321429 0 1788888525 634996 40244854
4 1077 40305361 0 1788888525 711261 40257648
5 1078 40294713 0 1788888525 711771 40268775
6 549 40331284 0 1788888525 712230 40253388
4 1078 40337913 0 1788888525 791784 40287544
5 1079 40327664 0 1788888525 791981 40303001
7 542 40368565 0 1788888525 792184 40287447
4 1079 40376329 0 1788888525 861795 40329996
5 1080 40370954 0 1788888525 862000 40346654
6 550 40397298 0 1788888525 862062 40326842
4 1080 40446216 0 1788888525 942522 40395606
5 1081 40441428 0 1788888525 944786 40412817
7 543 40452849 0 1788888525 944932 40369557
4 1081 40434849 0 1788888526 24337 40383750
5 1082 40418303 0 1788888526 24433 40392996
6 551 40438875 0 1788888526 24573 40356627
4 1082 40457665 0 1788888526 94738 40411250
5 1083 40443224 0 1788888526 94899 40419152
7 544 40488220 0 1788888526 95133 40417302
4 1083 40502533 0 1788888526 164125 40454027
5 1084 40497915 0 1788888526 164280 40470151
6 552 40510040 0 1788888526 164407 40440213
4 1084 40521065 0 1788888526 231429 40477130
5 1085 40505461 0 1788888526 231555 40484166
7 545 40532094 0 1788888526 232132 40463908
4 1085 40553869 0 1788888526 301526 40507120
5 1086 40553932 0 1788888526 301710 40531086
6 553 40567591 0 1788888526 301837 40497027
4 1086 40599517 0 1788888526 375204 40551643
5 1087 40597471 0 1788888526 375627 40572258
7 546 40622113 0 1788888526 375806 40547668
4 1087 40616458 0 1788888526 449904 40567524
5 1088 40610742 0 1788888526 450123 40585008
6 554 40640274 0 1788888526 450270 40563334
4 1088 40663858 0 1788888526 541854 40604298
5 1089 40634581 0 1788888526 542052 40601832
7 547 40695659 0 1788888526 545130 40600237
5 1090 40726018 0 1788888526 668215 40694450
4 1089 40826037 0 1788888526 755441 40667195
6 555 40839426 0 1788888526 756435 40624624
7 548 40798997 0 1788888526 756754 40756954
4 1090 40896104 0 1788888526 894912 40802636
5 1091 40912764 0 1788888526 895432 40772162
6 556 40876245 0 1788888526 895631 40827262
4 1091 40966615 0 1788888527 475 40898594
5 1092 40946424 0 1788888527 671 40910468
7 549 40977723 0 1788888527 820 40871554
4 1092 41016958 0 1788888527 111467 40938937
5 1093 41014161 0 1788888527 112201 40969966
6 557 41037230 0 1788888527 112318 40925179
4 1093 41074067 0 1788888527 204588 41018902
5 1094 41068056 0 1788888527 204789 41043393
7 550 41099998 0 1788888527 204940 41006336
4 1094 41154182 0 1788888527 308734 41091380
5 1095 41153617 0 1788888527 309076 41118073
6 558 41158736 0 1788888527 309273 41053833
4 1095 41232269 0 1788888527 410255 41160326
5 1096 41231627 0 1788888527 410599 41189656
7 551 41242554 0 1788888527 410750 41140285
4 1096 41276365 0 1788888527 513207 41205542
5 1097 41264865 0 1788888527 513335 41221793
6 559 41284663 0 1788888527 513435 41180982
4 1097 41347424 0 1788888527 632642 41275319
5 1098 41332123 0 1788888527 633128 41296155
7 552 41362460 0 1788888527 633310 41242104
4 1098 41394801 0 1788888527 738147 41325545
5 1099 41375162 0 1788888527 738433 41338725
6 560 41420170 0 1788888527 738554 41313502
4 1099 41447478 0 1788888527 840474 41386093
5 1100 41437269 0 1788888527 840612 41406768
7 553 41468207 0 1788888527 843766 41362179
4 1100 41512458 0 1788888527 941397 41447285
5 1101 41510265 0 1788888527 941510 41481452
6 561 41513467 0 1788888527 941588 41412117
4 1101 41547862 0 1788888528 44923 41479795
5 1102 41547314 0 1788888528 45126 41511906
7 554 41595011 0 1788888528 45577 41490612
4 1102 41638229 0 1788888528 146820 41576981
5 1103 41612545 0 1788888528 146992 41580696
6 562 41647634 0 1788888528 147139 41545089
4 1103 41627355 0 1788888528 239380 41565944
5 1104 41616121 0 1788888528 240859 41587103
7 555 41692746 0 1788888528 243454 41595921
4 1104 41690833 0 1788888528 330248 41632105
5 1105 41680009 0 1788888528 330438 41651138
6 563 41693697 0 1788888528 330536 41602071
4 1105 41740697 0 1788888528 417708 41683470
5 1106 41718035 0 1788888528 417837 41687022
7 556 41748757 0 1788888528 417986 41660736
4 1106 41789087 0 1788888528 504058 41734921
5 1107 41789527 0 1788888528 504615 41758838
6 564 41808303 0 1788888528 514492 41711333
4 1107 41874619 0 1788888528 604090 41816803
5 1108 41857349 0 1788888528 605043 41828818
7 557 41885774 0 1788888528 605186 41783978
4 1108 41949007 0 1788888528 712244 41885943
5 1109 41942037 0 1788888528 712473 41910698
6 565 41951672 0 1788888528 712615 41842942
4 1109 41983064 0 1788888528 818580 41920692
5 1110 41961531 0 1788888528 818743 41929176
7 558 41984532 0 1788888528 818856 41877711
4 1110 42019716 0 1788888528 905911 41962769
5 1111 42005097 0 1788888528 906312 41978021
6 566 42044572 0 1788888528 908709 41954284
4 1111 42066471 0 1788888529 13263 41999087
5 1112 42042714 0 1788888529 14468 42010037
7 559 42080196 0 1788888529 14614 41971318
4 1112 42088929 0 1788888529 110205 42032483
5 1113 42079828 0 1788888529 110415 42054281
6 567 42093486 0 1788888529 111638 41994842
4 1113 42166676 0 1788888529 206059 42096990
5 1114 42160904 0 1788888529 208142 42121936
7 560 42175309 0 1788888529 210306 42074850
4 1114 42204828 0 1788888529 314831 42137449
5 1115 42153191 0 1788888529 315075 42120490
6 568 42254565 0 1788888529 315226 42145179
4 1115 42213860 0 1788888529 397166 42159999
5 1116 42206277 0 1788888529 397342 42176826
7 561 42232250 0 1788888529 397490 42149356
4 1116 42272146 0 1788888529 480206 42219044
5 1117 42253394 0 1788888529 480298 42225652
6 569 42284563 0 1788888529 480376 42201195
4 1117 42282684 0 1788888529 572983 42214262
5 1118 42206122 0 1788888529 573076 42169060
7 562 42291525 0 1788888529 573207 42198358
4 1118 42290657 0 1788888529 667582 42235465
5 1119 42289684 0 1788888529 667729 42263800
6 570 42296723 0 1788888529 667867 42201210
4 1119 42333007 0 1788888529 753328 42278240
5 1120 42326187 0 1788888529 753448 42298572
7 563 42349463 0 1788888529 753637 42263216
4 1120 42400464 0 1788888529 845751 42340056
5 1121 42321857 0 1788888529 846362 42294549
6 571 42402079 0 1788888529 846476 42308755
4 1121 42379092 0 1788888529 925214 42326538
5 1122 42365456 0 1788888529 925392 42341168
7 564 42393772 0 1788888529 927753 42311534
4 1122 42351636 0 1788888530 1646 42301912
5 1123 42331986 0 1788888530 1802 42306218
6 572 42410340 0 1788888530 2474 42332793
4 1123 42390658 0 1788888530 73119 42343452
5 1124 42386220 0 1788888530 73301 42363803
7 565 42401190 0 1788888530 73405 42329264
4 1124 42465163 0 1788888530 157710 42410257
5 1125 42463360 0 1788888530 157914 42433258
6 573 42469277 0 1788888530 158150 42384069
4 1125 42475010 0 1788888530 243066 42421905
5 1126 42458571 0 1788888530 243382 42430453
7 566 42483863 0 1788888530 243721 42397635
4 1126 42456614 0 1788888530 324645 42409345
5 1127 42453175 0 1788888530 324788 42430970
6 574 42479740 0 1788888530 325511 42397011
4 1127 42505168 0 1788888530 409982 42447870
5 1128 42499797 0 1788888530 410465 42466897
7 567 42515507 0 1788888530 410607 42429384
4 1128 42461515 0 1788888530 499754 42403742
5 1129 42455833 0 1788888530 499936 42427254
6 575 42489390 0 1788888530 500314 42398677
4 1129 42533427 0 1788888530 592460 42471649
5 1130 42504671 0 1788888530 592659 42470886
7 568 42540986 0 1788888530 592798 42447762
4 1130 42581028 0 1788888530 681290 42521051
5 1131 42556130 0 1788888530 681495 42520441
6 576 42593549 0 1788888530 682215 42503624
4 1131 42606165 0 1788888530 762356 42551838
5 1132 42558570 0 1788888530 762516 42532002
7 569 42611343 0 1788888530 762672 42529677
4 1132 42647146 0 1788888530 868980 42575979
5 1133 42645143 0 1788888530 869179 42602622
6 577 42659637 0 1788888530 869296 42552449
4 1133 42731907 0 1788888530 969160 42664902
5 1134 42705270 0 1788888530 969329 42671586
7 570 42733516 0 1788888530 969488 42632764
4 1134 42776153 0 1788888531 64504 42713497
5 1135 42772233 0 1788888531 65465 42739032
6 578 42789977 0 1788888531 65581 42693358
4 1135 42886581 0 1788888531 190715 42803103
5 1136 42888185 0 1788888531 192957 42844074
7 571 42896777 0 1788888531 193263 42766339
4 1136 42969053 0 1788888531 302034 42906519
5 1137 42941471 0 1788888531 302265 42911472
6 579 42988595 0 1788888531 302369 42876765
4 1137 43022913 0 1788888531 430891 42943367
5 1138 42972871 0 1788888531 431340 42934723
7 572 43029794 0 1788888531 432606 42898994
4 1138 43092353 0 1788888531 596969 42977188
5 1139 43083254 0 1788888531 599632 43035925
6 580 43121023 0 1788888531 599805 42948862
4 1139 43118397 0 1788888531 735794 43028752
5 1140 43109456 0 1788888531 736144 43066121
7 573 43189554 0 1788888531 736472 43049898
4 1140 43163941 0 1788888531 827869 43105326
5 1141 43158628 0 1788888531 828052 43132752
6 581 43191614 0 1788888531 828192 43098660
4 1141 43217288 0 1788888531 917354 43157189
5 1142 43213852 0 1788888531 917514 43185495
7 574 43232531 0 1788888531 917712 43142268
4 1142 43261149 0 1788888532 12297 43191380
5 1143 43204798 0 1788888532 12468 43166579
6 582 43272597 0 1788888532 12567 43177180
4 1143 43257742 0 1788888532 108930 43195691
5 1144 43229291 0 1788888532 109050 43199589
7 575 43299424 0 1788888532 109751 43201731
4 1144 43332344 0 1788888532 220953 43261288
5 1145 43185130 0 1788888532 221090 43147340
6 583 43335463 0 1788888532 221291 43222900
4 1145 43261818 0 1788888532 341764 43178475
5 1146 43241853 0 1788888532 341998 43205154
7 576 43290754 0 1788888532 342107 43169317
4 1146 43328667 0 1788888532 456798 43249907
5 1147 43310589 0 1788888532 456929 43268102
6 584 43343624 0 1788888532 458264 43226927
4 1147 43428184 0 1788888532 636861 43303043
5 1148 43428265 0 1788888532 637746 43356337
7 577 43435595 0 1788888532 637898 43254316
4 1148 43576926 0 1788888532 841780 43470449
5 1149 43540606 0 1788888532 842286 43497929
6 585 43590994 0 1788888532 842412 43375781
4 1149 43641599 0 1788888532 980818 43562999
5 1150 43613144 0 1788888532 980978 43578201
7 578 43668435 0 1788888532 982426 43527005
4 1150 43691990 0 1788888533 72919 43631073
5 1151 43681409 0 1788888533 73172 43654553
6 586 43698948 0 1788888533 73339 43606215
4 1151 43740948 0 1788888533 155435 43685892
5 1152 43731329 0 1788888533 155626 43702588
7 579 43760762 0 1788888533 155727 43677727
4 1152 43818929 0 1788888533 266714 43741378
5 1153 43817962 0 1788888533 267111 43777685
6 587 43824642 0 1788888533 267690 43712195
4 1153 43956315 0 1788888533 417161 43850520
5 1154 43953234 0 1788888533 417284 43896613
7 580 43968507 0 1788888533 419478 43813058
4 1154 43993504 0 1788888533 517582 43930691
5 1155 43978959 0 1788888533 517832 43945711
6 588 44052367 0 1788888533 517948 43951382
4 1155 44015840 0 1788888533 620756 43947433
5 1156 44007142 0 1788888533 621287 43968727
7 581 44035530 0 1788888533 622472 43930401
4 1156 44110328 0 1788888533 770841 44014156
5 1157 44098090 0 1788888533 771123 44047982
6 589 44147850 0 1788888533 774171 43993358
4 1157 44168535 0 1788888533 869494 44105408
5 1158 44168048 0 1788888533 872696 44129621
7 582 44193454 0 1788888533 872798 44091281
4 1158 44244398 0 1788888533 993538 44161993
5 1159 44211253 0 1788888533 993755 44165746
6 590 44265989 0 1788888533 993921 44141305
4 1159 44228116 0 1788888534 92877 44166389
5 1160 44167416 0 1788888534 93364 44135562
7 583 44290089 0 1788888534 93898 44189494
4 1160 44214770 0 1788888534 209334 44132014
5 1161 44196531 0 1788888534 209485 44153307
6 591 44263149 0 1788888534 209585 44146279
4 1161 44309908 0 1788888534 357236 44211925
5 1162 44297585 0 1788888534 358173 44243818
7 584 44343905 0 1788888534 359255 44193788
4 1162 44324507 0 1788888534 426686 44322095
5 1163 44535883 0 1788888534 655453 44387589
6 592 44563825 0 1788888534 661039 44259787
7 585 44525792 0 1788888534 661157 44424649
4 1163 44721704 0 1788888534 899896 44476961
5 1164 44712376 0 1788888534 900666 44558567
6 593 44691064 0 1788888534 927143 44558636
6 594 44840830 0 1788888535 142896 44837644
4 1164 44920330 0 1788888535 193491 44737058
5 1165 44896897 0 1788888535 194897 44783672
7 586 44929775 0 1788888535 195348 44634138
4 1165 45062394 0 1788888535 388212 44927660
5 1166 45061722 0 1788888535 388387 44984649
6 595 45073260 0 1788888535 388528 44877907
4 1166 45237647 0 1788888535 570309 45123763
5 1167 45225751 0 1788888535 570442 45170774
7 587 45243066 0 1788888535 570884 45060144
4 1167 45444798 0 1788888535 832429 45249684
5 1168 45441950 0 1788888535 832660 45330000
6 596 45466643 0 1788888535 833314 45203288
6 597 45611890 0 1788888536 48642 45606847
4 1168 45699044 0 1788888536 111306 45481926
5 1169 45695819 0 1788888536 111479 45575482
7 588 45703934 0 1788888536 111616 45424143
4 1169 45869738 0 1788888536 325632 45722644
5 1170 45855607 0 1788888536 328920 45784485
6 598 45879494 0 1788888536 329065 45655817
4 1170 46048798 0 1788888536 581869 45878234
5 1171 46042478 0 1788888536 582702 45953325
7 589 46061201 0 1788888536 583371 45801710
4 1171 46168631 0 1788888536 737900 46076941
5 1172 46149774 0 1788888536 740869 46102398
6 599 46185644 0 1788888536 741797 46024974
6 600 46276364 0 1788888536 910886 46272398
4 1172 46338857 0 1788888536 956560 46179856
5 1173 46337225 0 1788888536 956679 46228715
7 590 46356368 0 1788888536 957315 46136165
4 1173 46424656 0 1788888537 95714 46326811
5 1174 46391972 0 1788888537 98765 46335704
6 601 46452187 0 1788888537 105292 46303285
4 1174 46506730 0 1788888537 256812 46418108
5 1175 46500102 0 1788888537 256980 46456819
7 591 46520674 0 1788888537 257089 46357377
4 1175 46577407 0 1788888537 374034 46508952
5 1176 46557873 0 1788888537 374217 46525012
6 602 46585245 0 1788888537 374374 46467511
4 1176 46594211 0 1788888537 509070 46510518
5 1177 46587026 0 1788888537 509359 46551660
7 592 46631767 0 1788888537 509595 46496006
4 1177 46642545 0 1788888537 629601 46566052
5 1178 46642474 0 1788888537 629818 46605342
6 603 46677441 0 1788888537 629922 46556362
4 1178 46742231 0 1788888537 772902 46650472
5 1179 46723623 0 1788888537 773105 46680355
7 593 46776751 0 1788888537 773310 46632814
4 1179 46783074 0 1788888537 872164 46720253
5 1180 46768542 0 1788888537 872676 46736298
6 604 46814236 0 1788888537 872802 46712912
4 1180 46842059 0 1788888537 994353 46759192
5 1181 46836599 0 1788888537 995664 46791044
7 594 46877452 0 1788888537 995951 46753193
4 1181 46950792 0 1788888538 118538 46877268
5 1182 46913707 0 1788888538 118715 46878122
6 605 46956530 0 1788888538 118919 46831682
4 1182 46961808 0 1788888538 262071 46878769
5 1183 46957249 0 1788888538 263106 46926481
7 595 46977433 0 1788888538 263858 46831874
4 1183 47020176 0 1788888538 367779 46947711
5 1184 46948334 0 1788888538 367963 46911960
6 606 47038720 0 1788888538 368232 46932139
4 1184 46988010 0 1788888538 477558 46917129
5 1185 46985656 0 1788888538 477869 46950269
7 596 47025045 0 1788888538 477991 46914625
4 1185 47073080 0 1788888538 576147 47013530
5 1186 47072193 0 1788888538 576277 47042187
6 607 47080063 0 1788888538 576429 46980992
4 1186 47157322 0 1788888538 664460 47098914
5 1187 47153022 0 1788888538 664576 47120863
7 597 47158711 0 1788888538 665159 47069561
4 1187 47237833 0 1788888538 774483 47156742
5 1188 47232134 0 1788888538 774720 47182284
6 608 47239767 0 1788888538 774845 47129193
4 1188 47358826 0 1788888538 935304 47245919
5 1189 47347702 0 1788888538 935632 47293701
7 598 47368225 0 1788888538 936020 47200861
4 1189 47496543 0 1788888539 97642 47409937
5 1190 47493055 0 1788888539 103494 47443749
6 609 47508739 0 1788888539 103901 47339408
4 1190 47605172 0 1788888539 253770 47502859
5 1191 47578806 0 1788888539 254870 47526752
7 599 47612694 0 1788888539 255043 47455119
4 1191 47629723 0 1788888539 341866 47571522
5 1192 47572940 0 1788888539 342078 47543555
6 610 47658800 0 1788888539 342193 47570065
4 1192 47619259 0 1788888539 425492 47562590
5 1193 47602290 0 1788888539 425787 47575334
7 600 47655749 0 1788888539 425938 47571463
4 1193 47623964 0 1788888539 514612 47565147
5 1194 47570511 0 1788888539 514775 47542296
6 611 47625160 0 1788888539 514872 47535606
4 1194 47628194 0 1788888539 605255 47564534
5 1195 47627086 0 1788888539 605974 47592796
7 601 47661793 0 1788888539 606146 47570102
4 1195 47682381 0 1788888539 701101 47624993
5 1196 47667626 0 1788888539 701268 47643374
6 612 47713101 0 1788888539 701436 47616697
4 1196 47704192 0 1788888539 788852 47643710
5 1197 47669741 0 1788888539 789025 47636621
7 602 47715198 0 1788888539 789173 47626935
4 1197 47710525 0 1788888539 876512 47650745
5 1198 47702095 0 1788888539 876677 47674730
6 613 47746659 0 1788888539 876811 47658470
4 1198 47762093 0 1788888539 958871 47713316
5 1199 47726859 0 1788888539 959105 47702785
7 603 47772893 0 1788888539 959246 47689960
4 1199 47813870 0 1788888540 89029 47715500
5 1200 47795267 0 1788888540 89312 47751026
6 614 47818065 0 1788888540 89431 47687320
4 1200 47903220 0 1788888540 285070 47766846
5 1201 47846026 0 1788888540 285247 47758746
7 604 47922079 0 1788888540 285442 47725295
4 1201 47956077 0 1788888540 416055 47876183
5 1202 47919548 0 1788888540 416206 47882167
6 615 47962073 0 1788888540 416355 47830521
4 1202 47969186 0 1788888540 493898 47920868
5 1203 47967969 0 1788888540 494094 47942638
7 605 47993684 0 1788888540 494207 47915286
4 1203 47994076 0 1788888540 586781 47933316
5 1204 47945328 0 1788888540 586974 47914517
6 616 48013178 0 1788888540 587070 47919833
4 1204 47987818 0 1788888540 685235 47921457
5 1205 47957734 0 1788888540 685407 47920861
7 606 48036589 0 1788888540 685540 47937592
4 1205 48041728 0 1788888540 780646 47974226
5 1206 48031702 0 1788888540 781092 47997760
6 617 48046683 0 1788888540 783183 47948556
4 1206 48135961 0 1788888540 903606 48049013
5 1207 48129088 0 1788888540 903805 48089572
7 607 48151401 0 1788888540 903962 48027572
4 1207 48226396 0 1788888541 12867 48149371
5 1208 48204960 0 1788888541 13372 48165443
6 618 48228941 0 1788888541 13925 48118371
4 1208 48190123 0 1788888541 118255 48123815
5 1209 48181185 0 1788888541 118343 48145543
7 608 48278209 0 1788888541 118480 48172123
4 1209 48195046 0 1788888541 160362 48189845
5 1210 48280055 0 1788888541 261795 48211053
6 619 48302406 0 1788888541 264056 48156511
7 609 48281850 0 1788888541 264898 48246885
5 1211 48308644 0 1788888541 312523 48305889
4 1210 48441161 0 1788888541 430238 48272541
6 620 48418420 0 1788888541 430401 48336482
7 610 48416815 0 1788888541 430554 48369074
6 621 48469123 0 1788888541 503124 48466793
4 1211 48531198 0 1788888541 561496 48444767
5 1212 48540107 0 1788888541 561772 48408388
7 611 48524104 0 1788888541 563308 48494580
4 1212 48558579 0 1788888541 654539 48502747
5 1213 48520861 0 1788888541 658354 48490323
6 622 48567823 0 1788888541 658542 48470536
4 1213 48510338 0 1788888541 740502 48455169
5 1214 48413498 0 1788888541 740675 48387198
7 612 48565782 0 1788888541 740849 48479310
4 1214 48409230 0 1788888541 831168 48347453
5 1215 48406658 0 1788888541 831593 48376866
6 623 48443365 0 1788888541 831702 48351843
4 1215 48489077 0 1788888541 920872 48430876
5 1216 48483225 0 1788888541 921039 48456090
7 613 48495076 0 1788888541 922339 48403136
4 1216 48642557 0 1788888542 104301 48545479
5 1217 48597455 0 1788888542 105463 48555469
6 624 48667253 0 1788888542 105748 48482251
4 1217 48654408 0 1788888542 211050 48582216
5 1218 48649604 0 1788888542 213255 48613196
7 614 48662667 0 1788888542 213337 48553441
4 1218 48606573 0 1788888542 306057 48544754
5 1219 48596590 0 1788888542 306225 48566376
6 625 48653195 0 1788888542 311376 48552589
4 1219 48658055 0 1788888542 409935 48595727
5 1220 48641549 0 1788888542 410085 48609326
7 615 48688511 0 1788888542 410180 48584126
4 1220 48739876 0 1788888542 521980 48667365
5 1221 48728384 0 1788888542 522159 48693201
6 626 48746949 0 1788888542 522302 48634341
4 1221 48815252 0 1788888542 617430 48747913
5 1222 48808681 0 1788888542 617554 48769892
7 616 48817731 0 1788888542 617675 48721785
4 1222 48913654 0 1788888542 729654 48845927
5 1223 48909467 0 1788888542 729851 48875772
6 627 48915126 0 1788888542 729992 48802335
4 1223 48945263 0 1788888542 817904 48890407
5 1224 48937103 0 1788888542 818087 48910555
7 617 48966391 0 1788888542 818186 48877690
4 1224 48933899 0 1788888542 889013 48886110
5 1225 48887054 0 1788888542 889180 48863659
6 628 48992006 0 1788888542 889274 48920421
4 1225 48943269 0 1788888542 961347 48897396
5 1226 48933779 0 1788888542 961676 48908810
7 618 48946208 0 1788888542 961774 48873264
4 1226 48967609 0 1788888543 47816 48912910
5 1227 48957043 0 1788888543 47956 48928797
6 629 49015315 0 1788888543 48039 48928418
4 1227 48990895 0 1788888543 143428 48931868
5 1228 48892642 0 1788888543 143630 48861247
7 619 49029136 0 1788888543 144602 48932184
4 1228 48958296 0 1788888543 218842 48907804
5 1229 48954439 0 1788888543 219100 48931447
6 630 48962258 0 1788888543 219213 48886153
4 1229 49009209 0 1788888543 293239 48962550
5 1230 48990424 0 1788888543 293405 48965391
7 620 49027621 0 1788888543 293509 48952804
4 1230 49055505 0 1788888543 361892 49007848
5 1231 49054575 0 1788888543 362076 49027234
6 631 49057040 0 1788888543 362170 48987937
4 1231 49092483 0 1788888543 436675 49041316
5 1232 49090528 0 1788888543 436861 49065882
7 621 49116133 0 1788888543 437501 49040336
4 1232 49154637 0 1788888543 511139 49106267
5 1233 49153594 0 1788888543 511331 49126979
6 632 49155239 0 1788888543 511591 49080156
4 1233 49194358 0 1788888543 611837 49126688
5 1234 49184010 0 1788888543 611964 49151461
7 622 49200309 0 1788888543 615248 49095951
4 1234 49240497 0 1788888543 691945 49194213
5 1235 49220506 0 1788888543 692188 49197325
6 633 49264285 0 1788888543 692293 49183693
4 1235 49275635 0 1788888543 767534 49226531
5 1236 49270740 0 1788888543 769401 49241652
7 623 49290669 0 1788888543 769598 49212826
4 1236 49340480 0 1788888543 844613 49291866
5 1237 49332599 0 1788888543 844788 49309008
6 634 49341375 0 1788888543 844938 49263807
4 1237 49373249 0 1788888543 926334 49318772
5 1238 49369237 0 1788888543 926577 49338891
7 624 49402740 0 1788888543 926721 49320468
4 1238 49379087 0 1788888543 992036 49335893
5 1239 49287050 0 1788888543 992187 49263792
6 635 49434582 0 1788888543 992325 49368306
4 1239 49278330 0 1788888544 62790 49230684
5 1240 49267836 0 1788888544 63500 49243085
7 625 49306031 0 1788888544 63618 49233801
4 1240 49278257 0 1788888544 133149 49233762
5 1241 49260237 0 1788888544 133285 49239007
6 636 49318588 0 1788888544 133361 49247846
4 1241 49198641 0 1788888544 206912 49148657
5 1242 49185483 0 1788888544 207267 49159118
7 626 49224045 0 1788888544 207642 49149396
4 1242 49188791 0 1788888544 286916 49137449
5 1243 49179749 0 1788888544 287382 49153554
6 637 49248855 0 1788888544 287467 49168130
4 1243 49240864 0 1788888544 357132 49195212
5 1244 49223292 0 1788888544 357507 49199096
7 627 49242392 0 1788888544 357998 49171157
4 1244 49229542 0 1788888544 437082 49179048
5 1245 49194958 0 1788888544 437266 49170882
6 638 49259809 0 1788888544 437462 49179220
4 1245 49255165 0 1788888544 517628 49205572
5 1246 49228015 0 1788888544 517769 49205806
7 628 49265157 0 1788888544 517859 49184167
4 1246 49275152 0 1788888544 588521 49232010
5 1247 49261969 0 1788888544 588742 49240289
6 639 49280547 0 1788888544 588845 49209130
4 1247 49329139 0 1788888544 675177 49275473
5 1248 49325591 0 1788888544 675458 49300909
7 629 49337603 0 1788888544 675610 49250362
4 1248 49372075 0 1788888544 779274 49299946
5 1249 49357903 0 1788888544 779408 49319696
6 640 49374742 0 1788888544 781296 49268459
4 1249 49423684 0 1788888544 893051 49349890
5 1250 49394485 0 1788888544 899317 49347977
7 630 49468866 0 1788888544 900448 49347497
4 1250 49466367 0 1788888544 995791 49407379
5 1251 49462809 0 1788888544 995937 49434058
6 641 49469273 0 1788888544 997098 49364665
4 1251 49543754 0 1788888545 98481 49475407
5 1252 49543229 0 1788888545 98691 49506819
7 631 49546482 0 1788888545 98837 49443268
4 1252 49609566 0 1788888545 218013 49524803
5 1253 49598875 0 1788888545 218138 49555824
6 642 49647375 0 1788888545 218206 49527457
4 1253 49685179 0 1788888545 326030 49607913
5 1254 49656910 0 1788888545 326165 49620142
7 632 49698053 0 1788888545 326289 49589638
4 1254 49676789 0 1788888545 435548 49607794
5 1255 49671434 0 1788888545 435877 49633074
6 643 49712724 0 1788888545 436491 49601966
4 1255 49713220 0 1788888545 519269 49663031
5 1256 49700809 0 1788888545 519476 49676692
7 633 49721310 0 1788888545 519566 49637112
4 1256 49773524 0 1788888545 656163 49667584
5 1257 49753912 0 1788888545 656322 49671542
6 644 49791447 0 1788888545 656456 49654050
4 1257 49839713 0 1788888545 790512 49764996
5 1258 49804438 0 1788888545 790665 49770902
7 634 49858946 0 1788888545 790767 49724204
4 1258 49850858 0 1788888545 887552 49786725
5 1259 49845505 0 1788888545 888214 49813293
6 645 49896057 0 1788888545 888362 49798007
4 1259 49905916 0 1788888545 967206 49853633
5 1260 49858874 0 1788888545 967344 49830672
7 635 49912422 0 1788888545 967465 49832335
4 1260 49925485 0 1788888546 41304 49876194
5 1261 49901270 0 1788888546 41404 49875359
6 646 49929460 0 1788888546 41488 49854894
4 1261 49978545 0 1788888546 122146 49930485
5 1262 49960395 0 1788888546 122307 49938560
7 636 49981764 0 1788888546 122403 49900503
4 1262 50049968 0 1788888546 218278 49989968
5 1263 50050478 0 1788888546 219166 50020969
6 647 50057020 0 1788888546 219264 49959749
4 1263 50128209 0 1788888546 308706 50073578
5 1264 50128103 0 1788888546 308983 50097830
7 637 50129316 0 1788888546 309129 50038286
4 1264 50183186 0 1788888546 434229 50102399
5 1265 50182449 0 1788888546 434854 50144224
6 648 50196300 0 1788888546 438841 50065955
4 1265 50270817 0 1788888546 536275 50200026
5 1266 50224673 0 1788888546 536636 50185618
7 638 50280651 0 1788888546 536854 50177624
4 1266 50250537 0 1788888546 625080 50193043
5 1267 50242982 0 1788888546 625289 50217418
6 649 50255739 0 1788888546 625384 50166461
4 1267 50188291 0 1788888546 713899 50128327
5 1268 50185064 0 1788888546 714482 50150231
7 639 50255650 0 1788888546 714753 50165783
4 1268 50238018 0 1788888546 804292 50175494
5 1269 50219042 0 1788888546 804448 50184218
6 650 50244496 0 1788888546 804704 50153357
4 1269 50279146 0 1788888546 896020 50215465
5 1270 50254326 0 1788888546 896226 50223921
7 640 50295092 0 1788888546 896709 50202468
4 1270 50316886 0 1788888546 990500 50266016
5 1271 50305436 0 1788888546 990630 50279225
6 651 50336122 0 1788888546 990732 50241174
4 1271 50333061 0 1788888547 76487 50278559
5 1272 50317581 0 1788888547 76596 50291554
7 641 50384793 0 1788888547 76687 50298447
4 1272 50396074 0 1788888547 159596 50344844
5 1273 50375619 0 1788888547 159802 50350468
6 652 50397889 0 1788888547 159958 50314265
4 1273 50429455 0 1788888547 241367 50378421
5 1274 50427991 0 1788888547 241464 50403851
7 642 50434020 0 1788888547 242110 50351325
4 1274 50516157 0 1788888547 339096 50456470
5 1275 50469894 0 1788888547 339537 50438072
6 653 50517949 0 1788888547 340033 50419136
4 1275 50558521 0 1788888547 432353 50496355
5 1276 50552356 0 1788888547 432567 50524330
7 643 50560176 0 1788888547 432674 50466045
4 1276 50605623 0 1788888547 506574 50557719
5 1277 50575824 0 1788888547 506748 50551301
6 654 50619560 0 1788888547 507145 50544599
4 1277 50574001 0 1788888547 578219 50529632
5 1278 50573872 0 1788888547 578397 50550815
7 644 50597020 0 1788888547 579113 50524322
4 1278 50634110 0 1788888547 663884 50577855
5 1279 50620722 0 1788888547 664084 50592621
6 655 50645869 0 1788888547 664280 50559560
4 1279 50670328 0 1788888547 754059 50612127
5 1280 50623985 0 1788888547 754190 50592653
7 645 50705015 0 1788888547 754344 50613826
4 1280 50669251 0 1788888547 866778 50603272
5 1281 50668120 0 1788888547 867270 50632780
6 656 50696523 0 1788888547 867410 50582956
4 1281 50809182 0 1788888548 16850 50727750
5 1282 50794098 0 1788888548 19471 50751927
7 646 50812252 0 1788888548 19624 50659004
4 1282 50897889 0 1788888548 157251 50804771
5 1283 50833721 0 1788888548 171346 50775637
6 657 50927239 0 1788888548 173017 50768151
4 1283 50906088 0 1788888548 286162 50837213
5 1284 50882674 0 1788888548 286359 50852476
7 647 50908424 0 1788888548 286512 50778805
4 1284 50997028 0 1788888548 420058 50913825
5 1285 50993633 0 1788888548 420308 50941150
6 658 51010352 0 1788888548 420539 50875698
4 1285 51011820 0 1788888548 556299 50917999
5 1286 50934419 0 1788888548 557063 50879721
7 648 51124904 0 1788888548 557266 50987485
4 1286 51049177 0 1788888548 707091 50947290
5 1287 51042484 0 1788888548 707287 50994454
6 659 51079174 0 1788888548 710704 50924556
4 1287 51160147 0 1788888548 861998 51077626
5 1288 51148479 0 1788888548 862178 51097817
7 649 51162548 0 1788888548 863277 51006055
4 1288 51263836 0 1788888549 45433 51145267
5 1289 51230000 0 1788888549 45588 51178364
6 660 51297769 0 1788888549 45676 51113827
4 1289 51254444 0 1788888549 224109 51156361
5 1290 51242251 0 1788888549 224273 51192602
7 650 51383865 0 1788888549 224434 51204674
4 1290 51375697 0 1788888549 424523 51255624
5 1291 51369281 0 1788888549 424732 51305170
6 661 51381164 0 1788888549 425075 51180003
4 1291 51516057 0 1788888549 601099 51396311
5 1292 51499054 0 1788888549 601283 51430135
7 651 51519869 0 1788888549 601728 51341842
4 1292 51635019 0 1788888549 738748 51553576
5 1293 51603848 0 1788888549 742127 51568227
6 662 51639698 0 1788888549 743155 51497173
4 1293 51639397 0 1788888549 845550 51582329
5 1294 51637060 0 1788888549 845672 51609218
7 652 51681573 0 1788888549 846043 51574016
4 1294 51722714 0 1788888549 954149 51644000
5 1295 51716413 0 1788888549 955727 51678957
6 663 51734484 0 1788888549 955990 51623855
4 1295 51773897 0 1788888550 76420 51700779
5 1296 51772316 0 1788888550 76705 51739345
7 653 51837116 0 1788888550 76812 51714231
4 1296 51865787 0 1788888550 190760 51789926
5 1297 51855675 0 1788888550 192984 51820433
6 664 51888091 0 1788888550 206613 51757665
4 1297 51939814 0 1788888550 316887 51870256
5 1298 51906024 0 1788888550 317064 51873795
7 654 51965285 0 1788888550 317174 51838235
4 1298 51872948 0 1788888550 434217 51792967
5 1299 51873030 0 1788888550 434393 51829274
6 665 51911513 0 1788888550 434491 51793667
4 1299 51949205 0 1788888550 537048 51886949
5 1300 51930512 0 1788888550 537163 51898973
7 655 51957849 0 1788888550 537293 51854555
4 1300 52013920 0 1788888550 634422 51949130
5 1301 52015665 0 1788888550 636592 51976679
6 666 52017806 0 1788888550 636753 51917890
4 1301 52091927 0 1788888550 739129 52029144
5 1302 52077165 0 1788888550 739268 52045343
7 656 52094939 0 1788888550 740141 51988675
4 1302 52123398 0 1788888550 849074 52065821
5 1303 52112140 0 1788888550 849192 52084477
6 667 52159820 0 1788888550 849321 52049482
4 1303 52237749 0 1788888550 999982 52147617
5 1304 52174321 0 1788888551 455 52125592
7 657 52245046 0 1788888551 838 52093040
4 1304 52263091 0 1788888551 117686 52185235
5 1305 52247015 0 1788888551 119809 52204894
6 668 52288964 0 1788888551 120350 52168156
4 1305 52354373 0 1788888551 238689 52276249
5 1306 52311095 0 1788888551 238954 52275295
7 658 52356739 0 1788888551 239064 52234790
4 1306 52346309 0 1788888551 359549 52278193
5 1307 52331846 0 1788888551 359701 52294940
6 669 52377522 0 1788888551 360596 52255001
4 1307 52454555 0 1788888551 484631 52372912
5 1308 52442303 0 1788888551 484816 52396094
7 659 52455554 0 1788888551 484926 52330008
4 1308 52513495 0 1788888551 646005 52406937
5 1309 52506744 0 1788888551 646750 52454287
6 670 52594756 0 1788888551 646892 52432211
4 1309 52606665 0 1788888551 756648 52527308
5 1310 52573707 0 1788888551 756873 52534049
7 660 52610284 0 1788888551 757024 52498624
4 1310 52599135 0 1788888551 848984 52538782
5 1311 52596429 0 1788888551 849135 52564200
6 671 52614270 0 1788888551 849429 52521276
4 1311 52697874 0 1788888551 960565 52621603
5 1312 52661176 0 1788888551 960755 52621769
7 661 52699955 0 1788888551 960944 52587764
4 1312 52712454 0 1788888552 58512 52650299
5 1313 52702987 0 1788888552 58988 52672191
6 672 52725218 0 1788888552 59418 52626091
4 1313 52762583 0 1788888552 156340 52699209
5 1314 52755107 0 1788888552 156913 52718710
7 662 52776409 0 1788888552 157024 52677686
4 1314 52810155 0 1788888552 246428 52756192
5 1315 52800862 0 1788888552 246655 52774333
6 673 52820771 0 1788888552 246809 52730163
4 1315 52854733 0 1788888552 338385 52802051
5 1316 52837249 0 1788888552 338534 52812384
7 663 52883530 0 1788888552 338622 52791151
4 1316 52792712 0 1788888552 417131 52737919
5 1317 52784587 0 1788888552 417678 52754460
6 674 52796247 0 1788888552 417784 52716694
4 1317 52818771 0 1788888552 510203 52753812
5 1318 52797495 0 1788888552 510320 52763642
7 664 52870416 0 1788888552 510449 52775536
4 1318 52870486 0 1788888552 619260 52807438
5 1319 52861020 0 1788888552 619426 52833052
6 675 52888352 0 1788888552 619533 52778863
4 1319 52894157 0 1788888552 710543 52832180
5 1320 52886845 0 1788888552 710763 52857372
7 665 52928211 0 1788888552 711487 52835798
4 1320 52905826 0 1788888552 797164 52848496
5 1321 52903832 0 1788888552 797511 52876908
6 676 52907037 0 1788888552 797699 52819671
4 1321 52935268 0 1788888552 910333 52855076
5 1322 52921599 0 1788888552 910665 52887880
7 666 52980159 0 1788888552 911137 52865794
4 1322 52967329 0 1788888552 998919 52915206
5 1323 52865041 0 1788888552 999073 52840593
6 677 53000040 0 1788888552 999210 52910997
4 1323 52939204 0 1788888553 98506 52878252
5 1324 52929263 0 1788888553 103365 52894157
7 667 52947785 0 1788888553 103605 52842887
4 1324 53027558 0 1788888553 213516 52957297
5 1325 53004050 0 1788888553 213766 52963984
6 678 53032819 0 1788888553 213866 52917255
4 1325 53022942 0 1788888553 311879 52958532
5 1326 52980467 0 1788888553 312246 52944864
7 668 53093041 0 1788888553 312355 52991205
4 1326 53024693 0 1788888553 394013 52974234
5 1327 52985108 0 1788888553 394164 52956156
6 679 53041273 0 1788888553 394259 52958713
4 1327 53041788 0 1788888553 483589 52987718
5 1328 53025192 0 1788888553 485197 52996785
7 669 53052326 0 1788888553 485356 52960779
4 1328 53072053 0 1788888553 569314 53016146
5 1329 53058282 0 1788888553 569595 53029569
6 680 53089506 0 1788888553 569906 53002839
6 681 53076241 0 1788888553 714534 53072410
4 1329 53141381 0 1788888553 763728 52973281
5 1330 53143152 0 1788888553 774105 53024612
7 670 53231541 0 1788888553 774607 53025936
4 1330 53213675 0 1788888553 895125 53143692
5 1331 53206598 0 1788888553 895434 53169187
6 682 53219411 0 1788888553 896132 53086860
4 1331 53238239 0 1788888554 14197 53168363
5 1332 53219530 0 1788888554 14440 53189928
7 671 53279121 0 1788888554 14633 53159378
4 1332 53241017 0 1788888554 122689 53173240
5 1333 53228766 0 1788888554 122921 53195064
6 683 53312391 0 1788888554 123689 53202736
4 1333 53298966 0 1788888554 226013 53231659
5 1334 53276209 0 1788888554 226152 53243560
7 672 53320035 0 1788888554 226304 53215767
4 1334 53302140 0 1788888554 319498 53240161
5 1335 53291813 0 1788888554 319655 53259993
6 684 53337064 0 1788888554 322216 53240602
4 1335 53390484 0 1788888554 436758 53305895
5 1336 53334890 0 1788888554 436985 53305963
7 673 53405406 0 1788888554 437095 53284879
4 1336 53413771 0 1788888554 541756 53337110
5 1337 53403544 0 1788888554 541935 53363514
6 685 53418287 0 1788888554 542088 53312689
4 1337 53478023 0 1788888554 640460 53415228
5 1338 53468248 0 1788888554 640560 53436658
7 674 53489262 0 1788888554 640699 53390189
4 1338 53509762 0 1788888554 735895 53450135
5 1339 53456052 0 1788888554 738247 53423815
6 686 53535796 0 1788888554 738563 53437512
4 1339 53530868 0 1788888554 829344 53468409
5 1340 53514393 0 1788888554 829514 53482851
7 675 53542100 0 1788888554 839668 53437508
4 1340 53572306 0 1788888554 928095 53506910
5 1341 53551854 0 1788888554 928216 53514107
6 687 53585698 0 1788888554 928309 53486534
4 1341 53633395 0 1788888555 50533 53559166
5 1342 53617825 0 1788888555 50724 53581807
7 676 53644373 0 1788888555 50868 53521368
4 1342 53677755 0 1788888555 151753 53615754
5 1343 53672441 0 1788888555 153751 53643814
6 688 53703757 0 1788888555 153932 53600153
4 1343 53700719 0 1788888555 236027 53647438
5 1344 53681469 0 1788888555 236898 53653071
7 677 53733318 0 1788888555 237238 53647662
4 1344 53747544 0 1788888555 322215 53691894
5 1345 53738549 0 1788888555 322407 53711660
6 689 53756045 0 1788888555 322537 53669281
4 1345 53771367 0 1788888555 413404 53716600
5 1346 53738573 0 1788888555 413531 53706822
7 678 53778387 0 1788888555 413715 53686632
4 1346 53801303 0 1788888555 513573 53735459
5 1347 53790967 0 1788888555 513746 53760415
6 690 53838301 0 1788888555 514104 53737412
4 1347 53882541 0 1788888555 623151 53813719
5 1348 53864039 0 1788888555 623326 53826600
7 679 53893708 0 1788888555 623483 53783636
4 1348 53885483 0 1788888555 713939 53830285
5 1349 53846063 0 1788888555 714090 53822563
6 691 53922560 0 1788888555 714278 53826567
4 1349 53917055 0 1788888555 815575 53847161
5 1350 53914806 0 1788888555 815767 53880313
7 680 53921110 0 1788888555 815976 53818909
4 1350 53992983 0 1788888555 933752 53917595
5 1351 53987730 0 1788888555 933917 53948051
6 692 54028529 0 1788888555 934058 53909743
4 1351 54077196 0 1788888556 37019 54016496
5 1352 54048955 0 1788888556 37362 54019951
7 681 54086000 0 1788888556 37855 53981691
4 1352 54131274 0 1788888556 145749 54062184
5 1353 54126057 0 1788888556 145874 54091343
6 693 54142088 0 1788888556 146077 54032795
4 1353 54238226 0 1788888556 267665 54162588
5 1354 54213205 0 1788888556 267908 54176889
7 682 54246768 0 1788888556 268673 54123612
4 1354 54292462 0 1788888556 362216 54235186
5 1355 54283768 0 1788888556 362376 54256914
6 694 54301155 0 1788888556 362494 54205950
4 1355 54329790 0 1788888556 462502 54270857
5 1356 54313794 0 1788888556 462639 54284615
7 683 54359900 0 1788888556 462764 54259154
4 1356 54357128 0 1788888556 545382 54305875
5 1357 54349051 0 1788888556 545494 54320121
6 695 54371455 0 1788888556 545588 54288206
4 1357 54425158 0 1788888556 629621 54372221
5 1358 54412580 0 1788888556 629768 54384715
7 684 54428762 0 1788888556 632703 54341270
4 1358 54490970 0 1788888556 714082 54437280
5 1359 54489207 0 1788888556 714265 54466743
6 696 54495378 0 1788888556 714400 54410410
4 1359 54550303 0 1788888556 809756 54485275
5 1360 54549730 0 1788888556 809911 54513922
7 685 54570396 0 1788888556 810057 54474262
4 1360 54518372 0 1788888556 895787 54458640
5 1361 54512562 0 1788888556 895953 54482061
6 697 54574684 0 1788888556 896067 54488155
4 1361 54528298 0 1788888557 726 54459728
5 1362 54521155 0 1788888557 1439 54485756
7 686 54578316 0 1788888557 1595 54472308
4 1362 54555571 0 1788888557 86673 54495273
5 1363 54553286 0 1788888557 87208 54520081
6 698 54590441 0 1788888557 87410 54503541
4 1363 54542768 0 1788888557 186232 54477529
5 1364 54529276 0 1788888557 186455 54493733
7 687 54639901 0 1788888557 186602 54539797
4 1364 54559883 0 1788888557 283401 54498957
5 1365 54558678 0 1788888557 283720 54525592
6 699 54619259 0 1788888557 283963 54521327
4 1365 54632120 0 1788888557 398552 54551197
5 1366 54632466 0 1788888557 400471 54584378
7 688 54663717 0 1788888557 400626 54546276
4 1366 54708078 0 1788888557 501136 54644346
5 1367 54690729 0 1788888557 501299 54662923
6 700 54711193 0 1788888557 501430 54608131
4 1367 54710679 0 1788888557 577221 54662811
5 1368 54675351 0 1788888557 577411 54650107
7 689 54715890 0 1788888557 577594 54639261
4 1368 54683921 0 1788888557 645146 54638483
5 1369 54621740 0 1788888557 645309 54599853
6 701 54685140 0 1788888557 645400 54616784
4 1369 54623011 0 1788888557 725492 54567708
5 1370 54620088 0 1788888557 725795 54590449
7 690 54631721 0 1788888557 726269 54550434
4 1370 54682182 0 1788888557 807179 54623783
5 1371 54654372 0 1788888557 807538 54624985
6 702 54687059 0 1788888557 807691 54604677
4 1371 54709395 0 1788888557 897909 54648932
5 1372 54708053 0 1788888557 898222 54676465
7 691 54735212 0 1788888557 898805 54642763
4 1372 54768486 0 1788888557 979987 54718320
5 1373 54733669 0 1788888557 980293 54705503
6 703 54772665 0 1788888557 980494 54689630
4 1373 54820332 0 1788888558 74859 54759604
5 1374 54806052 0 1788888558 75339 54772573
7 692 54821991 0 1788888558 75808 54725966
4 1374 54853589 0 1788888558 154626 54801710
5 1375 54830211 0 1788888558 154802 54803086
6 704 54867943 0 1788888558 157564 54783675
4 1375 54849583 0 1788888558 234497 54801128
5 1376 54840834 0 1788888558 234821 54816085
7 693 54869578 0 1788888558 235141 54788911
4 1376 54901213 0 1788888558 315426 54845930
5 1377 54885146 0 1788888558 315697 54857884
6 705 54913765 0 1788888558 319579 54828515
4 1377 54947174 0 1788888558 410555 54882578
5 1378 54882877 0 1788888558 410678 54842807
7 694 54975850 0 1788888558 410764 54880340
4 1378 54942092 0 1788888558 489331 54890100
5 1379 54938378 0 1788888558 489563 54915244
6 706 54943218 0 1788888558 489710 54863864
4 1379 55011550 0 1788888558 570436 54960211
5 1380 54996650 0 1788888558 570610 54969333
7 695 55018778 0 1788888558 571110 54936771
4 1380 55066316 0 1788888558 652312 55012052
5 1381 55048985 0 1788888558 652484 55021165
6 707 55070141 0 1788888558 653109 54987243
4 1381 55072925 0 1788888558 737707 55017369
5 1382 55071981 0 1788888558 737871 55042344
7 696 55134277 0 1788888558 738033 55048389
4 1382 55133858 0 1788888558 826914 55070665
5 1383 55128255 0 1788888558 827331 55095423
6 708 55147776 0 1788888558 827437 55057851
4 1383 55131005 0 1788888558 919687 55071812
5 1384 55130508 0 1788888558 919938 55098994
7 697 55201688 0 1788888558 920244 55108138
4 1384 55209488 0 1788888559 12923 55154245
5 1385 55200861 0 1788888559 13580 55174099
6 709 55220413 0 1788888559 13872 55126041
4 1385 55172525 0 1788888559 92982 55124254
5 1386 55160691 0 1788888559 93145 55136522
7 698 55236010 0 1788888559 93289 55155386
4 1386 55215656 0 1788888559 162356 55167999
5 1387 55214440 0 1788888559 162553 55189774
6 710 55225628 0 1788888559 162716 55155722
4 1387 55295700 0 1788888559 263550 55226617
5 1388 55249743 0 1788888559 263838 55203288
7 699 55314141 0 1788888559 264457 55211873
4 1388 55334037 0 1788888559 358443 55273479
5 1389 55334049 0 1788888559 359576 55303447
6 711 55337927 0 1788888559 359765 55237519
4 1389 55322278 0 1788888559 441813 55268736
5 1390 55316725 0 1788888559 442210 55290862
7 700 55349889 0 1788888559 442546 55265547
4 1390 55310373 0 1788888559 518734 55258690
5 1391 55305753 0 1788888559 518990 55281663
6 712 55362572 0 1788888559 520954 55283219
4 1391 55284180 0 1788888559 595659 55233696
5 1392 55283164 0 1788888559 595835 55255500
7 701 55378600 0 1788888559 595971 55301194
4 1392 55351928 0 1788888559 678568 55297881
5 1393 55329811 0 1788888559 678901 55299163
6 713 55359720 0 1788888559 679108 55276082
4 1393 55371059 0 1788888559 765543 55315876
5 1394 55368497 0 1788888559 765736 55342824
7 702 55405908 0 1788888559 766102 55318188
4 1394 55417385 0 1788888559 852833 55359454
5 1395 55411128 0 1788888559 853006 55378926
6 714 55452968 0 1788888559 853098 55365241
4 1395 55400345 0 1788888559 944159 55343862
5 1396 55394510 0 1788888559 944404 55368419
7 703 55471037 0 1788888559 944713 55378836
4 1396 55392893 0 1788888560 37199 55336582
5 1397 55386287 0 1788888560 37319 55363353
6 715 55466652 0 1788888560 37451 55373130
4 1397 55457068 0 1788888560 119364 55401137
5 1398 55446825 0 1788888560 119827 55414971
7 704 55467984 0 1788888560 120500 55384483
4 1398 55523252 0 1788888560 229156 55444280
5 1399 55520356 0 1788888560 229979 55474490
6 716 55525581 0 1788888560 230249 55414513
4 1399 55585187 0 1788888560 317833 55530229
5 1400 55583586 0 1788888560 318148 55555871
7 705 55604750 0 1788888560 318844 55514154
4 1400 55630287 0 1788888560 399189 55582080
5 1401 55629058 0 1788888560 399352 55604359
6 717 55639968 0 1788888560 403291 55554329
4 1401 55706305 0 1788888560 486249 55653110
5 1402 55702290 0 1788888560 486447 55673639
7 706 55713015 0 1788888560 486546 55625335
4 1402 55748929 0 1788888560 560634 55701008
5 1403 55737197 0 1788888560 560821 55712035
6 718 55766107 0 1788888560 560969 55691214
4 1403 55794006 0 1788888560 631926 55748446
5 1404 55744742 0 1788888560 632115 55721519
7 707 55801210 0 1788888560 635397 55726169
4 1404 55781295 0 1788888560 719086 55720903
5 1405 55775466 0 1788888560 719238 55744738
6 719 55790330 0 1788888560 719380 55702716
4 1405 55839802 0 1788888560 810432 55777806
5 1406 55835161 0 1788888560 810571 55802166
7 708 55865382 0 1788888560 810742 55773519
4 1406 55938057 0 1788888560 920080 55862629
5 1407 55926063 0 1788888560 920214 55888820
6 720 55941651 0 1788888560 920378 55831486
4 1407 56026325 0 1788888561 35286 55954260
5 1408 56023683 0 1788888561 35901 55990942
7 709 56041185 0 1788888561 36461 55924532
4 1408 56101579 0 1788888561 145113 56030156
5 1409 56069309 0 1788888561 145507 56029827
6 721 56123228 0 1788888561 146582 56011549
4 1409 56152105 0 1788888561 242018 56089882
5 1410 56145861 0 1788888561 242153 56113358
7 710 56164190 0 1788888561 248341 56059928
4 1410 56119998 0 1788888561 290432 56116690
5 1411 56235855 0 1788888561 425847 56140480
6 722 56302412 0 1788888561 425990 56118300
7 711 56217349 0 1788888561 426096 56167154
4 1411 56320898 0 1788888561 529691 56216778
5 1412 56312560 0 1788888561 529861 56250932
6 723 56304889 0 1788888561 529967 56277147
4 1412 56329080 0 1788888561 610391 56275506
5 1413 56304449 0 1788888561 610530 56279700
7 712 56346452 0 1788888561 610749 56265179
4 1413 56348214 0 1788888561 688618 56297775
5 1414 56347047 0 1788888561 688824 56320376
6 724 56374145 0 1788888561 688933 56295386
4 1414 56364369 0 1788888561 769596 56310921
5 1415 56349531 0 1788888561 769778 56320949
7 713 56398140 0 1788888561 770484 56316084
4 1415 56402086 0 1788888561 855032 56343479
5 1416 56373942 0 1788888561 855934 56346852
6 725 56430219 0 1788888561 856647 56343000
4 1416 56445619 0 1788888561 951588 56380077
5 1417 56423203 0 1788888561 951712 56387569
7 714 56465566 0 1788888561 951856 56368529
4 1417 56466047 0 1788888562 47093 56404755
5 1418 56461585 0 1788888562 48021 56431777
6 726 56473555 0 1788888562 48175 56376809
4 1418 56505661 0 1788888562 128665 56453931
5 1419 56481253 0 1788888562 129030 56456396
7 715 56523199 0 1788888562 131662 56438374
4 1419 56488868 0 1788888562 209307 56437629
5 1420 56487540 0 1788888562 209468 56463995
6 727 56508258 0 1788888562 209767 56426950
4 1420 56537854 0 1788888562 303813 56471963
5 1421 56534524 0 1788888562 304748 56499345
7 716 56557122 0 1788888562 304902 56461294
4 1421 56574830 0 1788888562 422064 56500161
5 1422 56564952 0 1788888562 422295 56527690
6 728 56576217 0 1788888562 422394 56456104
4 1422 56651910 0 1788888562 519955 56597541
5 1423 56645252 0 1788888562 520539 56620766
7 717 56654330 0 1788888562 520678 56555350
4 1423 56668787 0 1788888562 601716 56614507
5 1424 56662424 0 1788888562 601910 56632913
6 729 56714365 0 1788888562 602015 56632113
4 1424 56609809 0 1788888562 686648 56553207
5 1425 56591378 0 1788888562 686840 56562807
7 718 56740256 0 1788888562 687024 56654769
4 1425 56655330 0 1788888562 768461 56603652
5 1426 56600963 0 1788888562 768628 56572146
6 730 56664368 0 1788888562 768729 56582094
4 1426 56655374 0 1788888562 876244 56581001
5 1427 56643470 0 1788888562 877035 56603709
7 719 56672387 0 1788888562 877207 56563482
4 1427 56704726 0 1788888562 993269 56625918
5 1428 56683454 0 1788888562 994140 56643173
6 731 56750404 0 1788888562 995345 56630697
4 1428 56767040 0 1788888563 101294 56699373
5 1429 56709683 0 1788888563 101724 56676350
7 720 56787966 0 1788888563 101834 56678573
4 1429 56716929 0 1788888563 194623 56652954
5 1430 56713897 0 1788888563 194796 56683390
6 732 56751699 0 1788888563 194897 56657932
4 1430 56760938 0 1788888563 284673 56708099
5 1431 56759108 0 1788888563 284828 56731740
7 721 56792711 0 1788888563 284968 56702141
4 1431 56829936 0 1788888563 382334 56765741
5 1432 56826162 0 1788888563 383342 56792719
6 733 56836871 0 1788888563 384044 56737299
4 1432 56857593 0 1788888563 479212 56796715
5 1433 56823043 0 1788888563 479345 56792375
7 722 56905413 0 1788888563 479446 56806323
4 1433 56896967 0 1788888563 622344 56799199
5 1434 56872984 0 1788888563 623706 56830831
6 734 56939060 0 1788888563 623882 56793876
4 1434 56940549 0 1788888563 719976 56886823
5 1435 56936618 0 1788888563 720251 56910982
7 723 56945551 0 1788888563 720342 56847167
4 1435 56995787 0 1788888563 809696 56932457
5 1436 56991288 0 1788888563 809930 56957881
6 735 57008060 0 1788888563 810075 56917781
4 1436 57047152 0 1788888563 906888 56980567
5 1437 56994725 0 1788888563 907098 56960524
7 724 57063076 0 1788888563 907227 56965243
4 1437 57029513 0 1788888563 989981 56978441
5 1438 57027453 0 1788888563 990142 57001238
6 736 57047185 0 1788888563 990872 56963046
4 1438 57083917 0 1788888564 82767 57027564
5 1439 57064978 0 1788888564 84403 57035965
7 725 57117133 0 1788888564 84812 57022142
4 1439 57037893 0 1788888564 168349 56979817
5 1440 56989382 0 1788888564 168467 56959541
6 737 57079718 0 1788888564 168613 56993703
4 1440 57060285 0 1788888564 249351 57004215
5 1441 57044632 0 1788888564 249578 57017182
7 726 57067234 0 1788888564 249856 56985560
4 1441 57032655 0 1788888564 321516 56983764
5 1442 57014910 0 1788888564 321683 56986972
6 738 57097591 0 1788888564 322204 57024595
4 1442 57070140 0 1788888564 392738 57020952
5 1443 57069070 0 1788888564 392931 57043175
7 727 57077036 0 1788888564 393068 57005274
4 1443 57030739 0 1788888564 471817 56979057
5 1444 57007795 0 1788888564 471968 56979553
6 739 57096550 0 1788888564 472206 57016917
4 1444 57062416 0 1788888564 547404 57014313
5 1445 57047420 0 1788888564 547830 57020924
7 728 57075668 0 1788888564 548072 56999204
4 1445 57023442 0 1788888564 619681 56976273
5 1446 57008444 0 1788888564 620363 56982123
6 740 57116483 0 1788888564 620525 57043161
4 1446 57018255 0 1788888564 689406 56972155
5 1447 57005378 0 1788888564 689542 56983135
7 729 57044062 0 1788888564 689673 56973916
4 1447 57055981 0 1788888564 757444 57011265
5 1448 57044829 0 1788888564 757556 57023560
6 741 57058942 0 1788888564 757715 56990467
4 1448 57116310 0 1788888564 837477 57063914
5 1449 57107504 0 1788888564 837710 57081706
7 730 57118564 0 1788888564 838122 57037723
4 1449 57115545 0 1788888564 922860 57057564
5 1450 57098419 0 1788888564 923658 57067466
6 742 57148144 0 1788888564 923799 57061631
4 1450 57137962 0 1788888565 12246 57078664
5 1451 57115765 0 1788888565 12438 57086733
7 731 57176834 0 1788888565 12742 57086787
4 1451 57178035 0 1788888565 112087 57118146
5 1452 57138704 0 1788888565 112194 57108716
6 743 57220623 0 1788888565 119821 57112824
4 1452 57216115 0 1788888565 226231 57139934
5 1453 57191392 0 1788888565 226380 57155308
7 732 57239201 0 1788888565 226515 57124617
4 1453 57302310 0 1788888565 359442 57229380
5 1454 57245883 0 1788888565 359647 57203792
6 744 57308022 0 1788888565 359838 57174236
4 1454 57339137 0 1788888565 522232 57218455
5 1455 57286105 0 1788888565 522366 57203730
7 733 57422046 0 1788888565 535888 57245399
4 1455 57423332 0 1788888565 683460 57316837
5 1456 57395921 0 1788888565 683569 57351358
6 745 57428321 0 1788888565 683655 57266649
4 1456 57517638 0 1788888565 819242 57437401
5 1457 57515432 0 1788888565 819455 57481625
7 734 57521013 0 1788888565 819661 57384593
4 1457 57619379 0 1788888565 953604 57534249
5 1458 57606173 0 1788888565 953719 57561652
6 746 57637315 0 1788888565 953803 57502516
4 1458 57643308 0 1788888566 29148 57640153
5 1459 57767577 0 1788888566 179696 57677529
6 747 57765189 0 1788888566 179871 57719512
7 735 57820135 0 1788888566 180014 57593524
4 1459 57857836 0 1788888566 288021 57749328
5 1460 57838182 0 1788888566 288226 57763177
6 748 57837471 0 1788888566 288339 57804709
4 1460 57937013 0 1788888566 412502 57852802
5 1461 57931776 0 1788888566 413171 57886203
7 736 57939206 0 1788888566 413273 57813671
4 1461 57951019 0 1788888566 511660 57883670
5 1462 57890402 0 1788888566 511821 57856123
6 749 58029618 0 1788888566 511984 57929867
4 1462 57973736 0 1788888566 613648 57912549
5 1463 57960398 0 1788888566 613852 57929842
7 737 57984469 0 1788888566 613961 57881997
4 1463 58020315 0 1788888566 709437 57956780
5 1464 58009819 0 1788888566 709632 57979408
6 750 58040800 0 1788888566 710179 57944093
4 1464 58057169 0 1788888566 821111 57978683
5 1465 58049372 0 1788888566 821963 58006143
7 738 58099047 0 1788888566 822121 57986155
4 1465 58137615 0 1788888566 920582 58077345
5 1466 58124886 0 1788888566 920691 58093428
6 751 58138132 0 1788888566 920775 58038241
4 1466 58147839 0 1788888567 12989 58082412
5 1467 58132030 0 1788888567 13186 58099336
7 739 58193599 0 1788888567 13279 58100704
4 1467 58217115 0 1788888567 120287 58143707
5 1468 58202687 0 1788888567 120418 58163552
6 752 58229017 0 1788888567 120553 58121218
4 1468 58294521 0 1788888567 221386 58227973
5 1469 58293135 0 1788888567 221622 58260191
7 740 58303056 0 1788888567 222217 58200920
4 1469 58323059 0 1788888567 328375 58257495
5 1470 58313203 0 1788888567 328588 58279969
6 753 58334468 0 1788888567 328737 58226877
4 1470 58394874 0 1788888567 429681 58326573
5 1471 58359611 0 1788888567 429834 58333616
7 741 58397910 0 1788888567 429992 58296108
4 1471 58376211 0 1788888567 512725 58323671
5 1472 58364786 0 1788888567 512870 58340212
6 754 58402341 0 1788888567 513007 58318842
4 1472 58400685 0 1788888567 586817 58353681
5 1473 58375015 0 1788888567 587045 58349575
7 742 58417031 0 1788888567 587197 58342396
4 1473 58421659 0 1788888567 661402 58373335
5 1474 58421725 0 1788888567 661552 58398782
6 755 58436193 0 1788888567 661693 58361170
4 1474 58454164 0 1788888567 743670 58401779
5 1475 58453493 0 1788888567 743975 58425867
7 743 58469777 0 1788888567 744127 58386856
4 1475 58546615 0 1788888567 859287 58473855
5 1476 58533968 0 1788888567 859490 58488745
6 756 58572619 0 1788888567 881981 58434054
4 1476 58679207 0 1788888568 60111 58578455
5 1477 58609661 0 1788888568 60222 58553157
7 744 58725228 0 1788888568 60366 58523866
4 1477 58694436 0 1788888568 153559 58637775
5 1478 58667252 0 1788888568 153835 58636484
6 757 58697959 0 1788888568 154913 58602983
4 1478 58695065 0 1788888568 248256 58635144
5 1479 58689983 0 1788888568 248396 58661077
7 745 58713606 0 1788888568 248522 58617704
4 1479 58771078 0 1788888568 339964 58718470
5 1480 58736285 0 1788888568 340134 58706362
6 758 58782392 0 1788888568 340924 58689508
4 1480 58793261 0 1788888568 420599 58743861
5 1481 58764630 0 1788888568 420698 58739918
7 746 58797087 0 1788888568 420785 58715996
4 1481 58810378 0 1788888568 511529 58753741
5 1482 58709700 0 1788888568 511678 58681869
6 759 58812745 0 1788888568 511841 58721300
4 1482 58754557 0 1788888568 596764 58698176
5 1483 58701498 0 1788888568 596961 58673533
7 747 58785149 0 1788888568 597081 58699416
4 1483 58741125 0 1788888568 679890 58682932
5 1484 58722145 0 1788888568 680626 58689149
6 760 58781269 0 1788888568 680773 58697079
4 1484 58751263 0 1788888568 762419 58699312
5 1485 58737074 0 1788888568 762592 58708207
7 748 58760210 0 1788888568 762688 58677252
4 1485 58802402 0 1788888568 841702 58756204
5 1486 58790324 0 1788888568 841876 58767121
6 761 58806375 0 1788888568 841969 58726514
4 1486 58838572 0 1788888568 917717 58787181
5 1487 58832880 0 1788888568 918092 58807735
7 749 58849735 0 1788888568 918238 58773029
4 1487 58833869 0 1788888569 17314 58771436
5 1488 58835000 0 1788888569 18911 58804442
6 762 58881601 0 1788888569 19278 58779825
4 1488 58918300 0 1788888569 107844 58857714
5 1489 58917160 0 1788888569 107963 58889759
7 750 58923761 0 1788888569 111503 58829353
4 1489 58917871 0 1788888569 194249 58864833
5 1490 58917489 0 1788888569 194365 58889586
6 763 58983913 0 1788888569 194462 58897121
4 1490 58951332 0 1788888569 268031 58903433
5 1491 58905765 0 1788888569 268161 58882623
7 751 58960883 0 1788888569 268266 58886757
4 1491 58980445 0 1788888569 362677 58923680
5 1492 58971971 0 1788888569 362829 58943639
6 764 58981641 0 1788888569 362999 58886368
4 1492 59035044 0 1788888569 448267 58980583
5 1493 59034629 0 1788888569 448383 59010312
7 752 59052557 0 1788888569 448867 58966214
4 1493 59067898 0 1788888569 531141 59011621
5 1494 59054546 0 1788888569 531369 59022072
6 765 59115011 0 1788888569 531491 59031594
4 1494 59114313 0 1788888569 612462 59064011
5 1495 59111003 0 1788888569 617360 59084015
7 753 59121816 0 1788888569 617495 59035181
4 1495 59154610 0 1788888569 693453 59106480
5 1496 59148259 0 1788888569 693589 59122213
6 766 59159066 0 1788888569 693717 59077627
4 1496 59208514 0 1788888569 763752 59161094
5 1497 59180281 0 1788888569 763895 59158315
7 754 59213094 0 1788888569 764068 59142319
4 1497 59211877 0 1788888569 838392 59167155
5 1498 59154631 0 1788888569 838610 59131318
6 767 59217777 0 1788888569 838700 59142680
4 1498 59191545 0 1788888569 931350 59129417
5 1499 59174203 0 1788888569 931573 59139215
7 755 59208307 0 1788888569 935133 59111372
4 1499 59244760 0 1788888570 13902 59193972
5 1500 59220372 0 1788888570 14015 59195386
6 768 59246702 0 1788888570 14192 59163738
4 1500 59263157 0 1788888570 96345 59212098
5 1501 59255792 0 1788888570 96537 59232227
7 756 59272055 0 1788888570 96697 59189098
4 1501 59328605 0 1788888570 184319 59262229
5 1502 59325328 0 1788888570 184511 59288430
6 769 59342014 0 1788888570 184623 59253525
4 1502 59396106 0 1788888570 284311 59336596
5 1503 59391125 0 1788888570 284525 59362779
7 757 59418665 0 1788888570 285303 59317470
4 1503 59430470 0 1788888570 365855 59380137
5 1504 59422381 0 1788888570 366046 59397703
6 770 59456637 0 1788888570 366352 59374353
4 1504 59469911 0 1788888570 450802 59413965
5 1505 59427729 0 1788888570 450993 59403240
7 758 59507242 0 1788888570 451203 59421732
4 1505 59481989 0 1788888570 539521 59424705
5 1506 59405355 0 1788888570 539689 59378062
6 771 59502022 0 1788888570 540208 59412429
4 1506 59428678 0 1788888570 610283 59382939
5 1507 59426765 0 1788888570 610873 59404201
7 759 59429969 0 1788888570 611109 59358106
4 1507 59462415 0 1788888570 677089 59418556
5 1508 59452265 0 1788888570 677216 59431985
6 772 59463053 0 1788888570 677285 59395850
4 1508 59461359 0 1788888570 742702 59419756
5 1509 59433375 0 1788888570 742850 59412736
7 760 59472931 0 1788888570 743028 59406836
4 1509 59483119 0 1788888570 812575 59435983
5 1510 59477425 0 1788888570 812746 59451498
6 773 59498005 0 1788888570 812902 59427647
4 1510 59533268 0 1788888570 897981 59476684
5 1511 59492645 0 1788888570 898789 59462676
7 761 59536716 0 1788888570 898976 59450156
4 1511 59541917 0 1788888570 995205 59487074
5 1512 59541185 0 1788888570 995315 59511241
6 774 59545526 0 1788888570 995403 59447854
4 1512 59568985 0 1788888571 83319 59514545
5 1513 59559807 0 1788888571 83775 59532228
7 762 59570157 0 1788888571 83944 59481259
4 1513 59638846 0 1788888571 182052 59572650
5 1514 59629085 0 1788888571 182190 59597230
6 775 59640726 0 1788888571 182289 59541625
4 1514 59702030 0 1788888571 287484 59630193
5 1515 59689643 0 1788888571 287805 59658804
7 763 59723377 0 1788888571 287962 59617281
4 1515 59774029 0 1788888571 388528 59712666
5 1516 59721830 0 1788888571 388710 59691706
6 776 59777783 0 1788888571 388802 59674426
4 1516 59774276 0 1788888571 467577 59725979
5 1517 59774315 0 1788888571 467733 59751969
7 764 59781709 0 1788888571 467882 59702073
4 1517 59801181 0 1788888571 539951 59754519
5 1518 59762975 0 1788888571 540195 59739134
6 777 59823473 0 1788888571 540811 59750071
4 1518 59842924 0 1788888571 664813 59758697
5 1519 59801543 0 1788888571 664973 59759138
7 765 59885461 0 1788888571 665378 59759690
4 1519 59860602 0 1788888571 767643 59805252
5 1520 59815415 0 1788888571 767836 59789853
6 778 59891357 0 1788888571 767987 59787968
4 1520 59808730 0 1788888571 856583 59747753
5 1521 59764484 0 1788888571 857399 59730843
7 766 59879019 0 1788888571 858859 59787641
4 1521 59786539 0 1788888571 943407 59728649
5 1522 59770337 0 1788888571 943606 59740119
6 779 59819319 0 1788888571 944494 59731129
4 1522 59819689 0 1788888572 42730 59750734
5 1523 59817939 0 1788888572 44496 59780630
7 767 59844513 0 1788888572 45069 59742628
4 1523 59936936 0 1788888572 177542 59842421
5 1524 59929059 0 1788888572 177722 59882630
6 780 59948739 0 1788888572 177884 59813272
4 1524 59993157 0 1788888572 267375 59937368
5 1525 59958551 0 1788888572 267536 59930452
7 768 59999740 0 1788888572 267685 59909362
4 1525 60001856 0 1788888572 374467 59937651
5 1526 59997025 0 1788888572 374681 59968088
6 781 60064796 0 1788888572 379232 59952735
4 1526 60077714 0 1788888572 508918 60002012
5 1527 60074395 0 1788888572 509090 60033966
7 769 60091891 0 1788888572 509306 59956804
4 1527 60159895 0 1788888572 618071 60089222
5 1528 60153443 0 1788888572 618329 60116637
6 782 60163437 0 1788888572 618487 60053608
4 1528 60225477 0 1788888572 711826 60162956
5 1529 60223838 0 1788888572 711951 60188689
7 770 60228668 0 1788888572 712056 60134505
4 1529 60374605 0 1788888572 868355 60271936
5 1530 60363358 0 1788888572 869583 60308693
6 783 60378296 0 1788888572 869698 60220281
4 1530 60455175 0 1788888573 17496 60348464
5 1531 60388215 0 1788888573 17741 60329399
7 771 60470007 0 1788888573 17932 60320232
4 1531 60493506 0 1788888573 132384 60422335
5 1532 60487226 0 1788888573 132592 60453219
6 784 60502619 0 1788888573 132920 60386923
4 1532 60559812 0 1788888573 244431 60492331
5 1533 60540760 0 1788888573 244684 60508302
7 772 60570027 0 1788888573 244846 60457364
4 1533 60596044 0 1788888573 364637 60524987
5 1534 60579721 0 1788888573 365263 60550119
6 785 60603615 0 1788888573 365474 60482344
4 1534 60662065 0 1788888573 468669 60591041
5 1535 60624686 0 1788888573 468841 60585212
7 773 60673622 0 1788888573 468943 60569159
4 1535 60666827 0 1788888573 569027 60602818
5 1536 60664295 0 1788888573 569248 60630298
6 786 60714830 0 1788888573 569396 60613759
4 1536 60767194 0 1788888573 683313 60694336
5 1537 60764638 0 1788888573 683435 60725327
7 774 60776644 0 1788888573 683533 60661920
4 1537 60858902 0 1788888573 803872 60779815
5 1538 60843925 0 1788888573 804077 60806862
6 787 60875983 0 1788888573 804264 60754799
4 1538 60888872 0 1788888573 905094 60821214
5 1539 60882802 0 1788888573 905317 60844584
7 775 60909833 0 1788888573 905434 60808056
4 1539 60954369 0 1788888574 18382 60887252
5 1540 60949604 0 1788888574 18583 60916032
6 788 60995314 0 1788888574 23833 60876315
4 1540 61030435 0 1788888574 131937 60960605
5 1541 60983649 0 1788888574 132117 60951372
7 776 61052624 0 1788888574 132788 60938034
4 1541 61017421 0 1788888574 228518 60958196
5 1542 60971503 0 1788888574 228772 60942649
6 789 61018402 0 1788888574 229196 60920942
4 1542 61037219 0 1788888574 319204 60981163
5 1543 61027840 0 1788888574 319388 61002550
7 777 61045357 0 1788888574 319486 60954002
4 1543 61098849 0 1788888574 432515 61025869
5 1544 61080322 0 1788888574 432702 61047579
6 790 61110674 0 1788888574 432863 60996838
4 1544 61192014 0 1788888574 565304 61090885
5 1545 61177246 0 1788888574 565556 61127942
7 778 61201457 0 1788888574 566871 61066913
4 1545 61208869 0 1788888574 665026 61146677
5 1546 61189879 0 1788888574 665193 61157646
6 791 61264045 0 1788888574 665361 61162027
4 1546 61251560 0 1788888574 746855 61196746
5 1547 61251432 0 1788888574 747153 61221611
7 779 61269404 0 1788888574 747298 61183675
4 1547 61316525 0 1788888574 837865 61257994
5 1548 61314024 0 1788888574 838096 61285833
6 792 61320897 0 1788888574 838239 61229308
4 1548 61388973 0 1788888574 929497 61328588
5 1549 61381161 0 1788888574 931293 61346955
7 780 61397041 0 1788888574 931406 61303120
4 1549 61419748 0 1788888575 28143 61353112
5 1550 61411697 0 1788888575 28439 61376952
6 793 61433657 0 1788888575 28603 61334348
4 1550 61472841 0 1788888575 137770 61397099
5 1551 61345647 0 1788888575 138004 61308911
7 781 61474688 0 1788888575 138159 61364429
4 1551 61427653 0 1788888575 255123 61344505
5 1552 61427336 0 1788888575 255360 61384967
6 794 61447513 0 1788888575 255517 61329555
4 1552 61456846 0 1788888575 364045 61393624
5 1553 61449856 0 1788888575 364652 61417706
7 782 61468621 0 1788888575 365025 61358462
4 1553 61469964 0 1788888575 461054 61405211
5 1554 61408355 0 1788888575 461273 61380146
6 795 61522225 0 1788888575 461668 61424405
4 1554 61492977 0 1788888575 565854 61423509
5 1555 61399326 0 1788888575 566073 61365779
7 783 61494346 0 1788888575 566172 61388984
4 1555 61404966 0 1788888575 662831 61336173
5 1556 61393792 0 1788888575 663015 61354492
6 796 61407486 0 1788888575 663182 61309785
4 1556 61401076 0 1788888575 755129 61342327
5 1557 61346572 0 1788888575 755276 61313181
7 784 61457560 0 1788888575 755372 61364863
4 1557 61427135 0 1788888575 854709 61367147
5 1558 61426345 0 1788888575 854896 61398978
6 797 61437636 0 1788888575 855203 61335210
4 1558 61487832 0 1788888575 962442 61417331
5 1559 61466241 0 1788888575 962637 61436365
7 785 61501470 0 1788888575 962795 61393203
4 1559 61533183 0 1788888576 53942 61475121
5 1560 61497537 0 1788888576 54108 61468992
6 798 61538840 0 1788888576 54676 61446400
4 1560 61580173 0 1788888576 165448 61505893
5 1561 61577935 0 1788888576 165680 61541073
7 786 61587929 0 1788888576 165839 61475861
4 1561 61661915 0 1788888576 272507 61587220
5 1562 61654025 0 1788888576 272624 61619602
6 799 61682121 0 1788888576 272779 61574513
4 1562 61753301 0 1788888576 388962 61682930
5 1563 61748499 0 1788888576 389144 61712306
7 787 61758683 0 1788888576 389299 61641016
4 1563 61845668 0 1788888576 524772 61771149
5 1564 61845966 0 1788888576 525125 61809904
6 800 61860324 0 1788888576 527598 61721450
4 1564 61873472 0 1788888576 652151 61788803
5 1565 61860323 0 1788888576 653849 61820008
7 788 61948048 0 1788888576 654003 61818274
4 1565 61930295 0 1788888576 772813 61848928
5 1566 61922663 0 1788888576 772987 61887403
6 801 61972814 0 1788888576 773173 61851455
4 1566 61954603 0 1788888576 867483 61892556
5 1567 61953892 0 1788888576 867842 61920016
7 789 61998130 0 1788888576 868283 61902414
4 1567 62012481 0 1788888576 957760 61954751
5 1568 61950722 0 1788888576 957940 61923793
6 802 62027891 0 1788888576 958595 61936552
4 1568 62007334 0 1788888577 59230 61940318
5 1569 61968710 0 1788888577 59459 61937023
7 790 62047518 0 1788888577 59669 61945435
4 1569 62020793 0 1788888577 144840 61963829
5 1570 62007916 0 1788888577 145157 61979128
6 803 62037620 0 1788888577 145269 61951355
4 1570 62100479 0 1788888577 248282 62030362
5 1571 62095932 0 1788888577 248627 62061729
7 791 62102499 0 1788888577 248739 61998250
4 1571 62142954 0 1788888577 343152 62075080
5 1572 62098156 0 1788888577 345114 62062317
6 804 62189342 0 1788888577 345355 62091961
4 1572 62161767 0 1788888577 454242 62090113
5 1573 62160628 0 1788888577 454474 62122887
7 792 62186254 0 1788888577 454586 62074538
4 1573 62215466 0 1788888577 540299 62157591
5 1574 62199128 0 1788888577 540520 62173035
6 805 62222456 0 1788888577 540626 62135769
4 1574 62269940 0 1788888577 620108 62215771
5 1575 62253311 0 1788888577 620398 62225717
7 793 62276363 0 1788888577 620555 62195870
4 1575 62247987 0 1788888577 705025 62190630
5 1576 62230357 0 1788888577 705726 62201925
6 806 62259255 0 1788888577 705965 62173202
4 1576 62266119 0 1788888577 782070 62216120
5 1577 62246658 0 1788888577 782309 62220042
7 794 62300885 0 1788888577 782907 62222831
4 1577 62304543 0 1788888577 858471 62254170
5 1578 62299466 0 1788888577 858622 62275915
6 807 62313847 0 1788888577 858723 62236722
4 1578 62385979 0 1788888577 957141 62319624
5 1579 62357153 0 1788888577 957374 62321588
7 795 62393887 0 1788888577 961879 62290291
4 1579 62412217 0 1788888578 96117 62319441
5 1580 62391067 0 1788888578 96298 62351072
6 808 62495802 0 1788888578 96449 62356258
4 1580 62487024 0 1788888578 222388 62400659
5 1581 62477436 0 1788888578 222517 62430162
7 796 62515907 0 1788888578 222699 62389111
4 1581 62559314 0 1788888578 345125 62486275
5 1582 62552476 0 1788888578 345425 62518545
6 809 62576429 0 1788888578 345591 62453104
4 1582 62597334 0 1788888578 438499 62534289
5 1583 62597495 0 1788888578 438699 62570566
7 797 62610777 0 1788888578 438851 62516798
4 1583 62580689 0 1788888578 541671 62509202
5 1584 62559495 0 1788888578 541868 62524088
6 810 62637885 0 1788888578 542019 62534166
4 1584 62562932 0 1788888578 628644 62506475
5 1585 62561569 0 1788888578 629013 62533724
7 798 62604514 0 1788888578 631293 62514733
4 1585 62658190 0 1788888578 730210 62591276
5 1586 62646339 0 1788888578 730380 62611995
6 811 62659886 0 1788888578 730529 62557185
4 1586 62720537 0 1788888578 822978 62656788
5 1587 62693087 0 1788888578 823151 62658688
7 799 62730511 0 1788888578 824083 62636387
4 1587 62749928 0 1788888578 943065 62678536
5 1588 62728853 0 1788888578 943237 62691897
6 812 62780567 0 1788888578 943444 62659717
4 1588 62786178 0 1788888579 41366 62726859
5 1589 62784600 0 1788888579 41475 62759982
7 800 62805008 0 1788888579 42083 62705668
4 1589 62843129 0 1788888579 119511 62793077
5 1590 62783671 0 1788888579 119636 62761324
6 813 62858395 0 1788888579 119742 62779848
4 1590 62799807 0 1788888579 192246 62753440
5 1591 62796548 0 1788888579 192353 62773767
7 801 62819811 0 1788888579 193042 62746103
4 1591 62848885 0 1788888579 267936 62797018
5 1592 62828415 0 1788888579 268119 62800224
6 814 62851619 0 1788888579 268214 62775486
4 1592 62864387 0 1788888579 359894 62798274
5 1593 62829507 0 1788888579 360063 62797473
7 802 62882953 0 1788888579 361327 62789381
4 1593 62870223 0 1788888579 454085 62806525
5 1594 62866756 0 1788888579 454291 62829727
6 815 62898738 0 1788888579 454445 62804012
4 1594 62883697 0 1788888579 542818 62828031
5 1595 62863639 0 1788888579 543521 62835630
7 803 62942873 0 1788888579 543793 62852910
4 1595 62904404 0 1788888579 624302 62854191
5 1596 62886137 0 1788888579 624489 62861084
6 816 62914388 0 1788888579 624587 62832409
4 1596 62935062 0 1788888579 702122 62883973
5 1597 62930196 0 1788888579 702413 62906539
7 804 62940570 0 1788888579 702837 62861855
4 1597 62945689 0 1788888579 777700 62893584
5 1598 62945767 0 1788888579 777814 62918504
6 817 62987594 0 1788888579 777952 62911164
4 1598 62991847 0 1788888579 862582 62931958
5 1599 62991639 0 1788888579 863936 62963881
7 805 63018673 0 1788888579 864057 62932103
4 1599 63074513 0 1788888579 951190 63012179
5 1600 63066034 0 1788888579 951371 63032992
6 818 63076446 0 1788888579 951514 62987298
4 1600 63111828 0 1788888580 28418 63062919
5 1601 63092749 0 1788888580 28557 63069212
7 806 63125496 0 1788888580 28685 63047378
4 1601 63014693 0 1788888580 104217 62962143
5 1602 62945211 0 1788888580 104402 62918307
6 819 63153742 0 1788888580 104568 63077437
4 1602 62978184 0 1788888580 183598 62927137
5 1603 62946604 0 1788888580 183863 62919584
7 807 62986731 0 1788888580 184009 62906759
4 1603 62995539 0 1788888580 262233 62941585
5 1604 62980666 0 1788888580 262373 62955492
6 820 62996718 0 1788888580 262498 62917618
4 1604 62983367 0 1788888580 341099 62930138
5 1605 62968282 0 1788888580 341268 62939597
7 808 63030458 0 1788888580 341530 62951006
4 1605 63028098 0 1788888580 430734 62966819
5 1606 62993906 0 1788888580 431185 62967628
6 821 63057209 0 1788888580 431361 62966791
4 1606 63027864 0 1788888580 512012 62972546
5 1607 63013472 0 1788888580 512214 62983716
7 809 63036213 0 1788888580 512364 62954379
4 1607 63041951 0 1788888580 583871 62995834
5 1608 63038795 0 1788888580 584076 63013701
6 822 63056660 0 1788888580 584239 62984210
4 1608 63028937 0 1788888580 652241 62983330
5 1609 63011295 0 1788888580 652434 62985280
7 810 63035709 0 1788888580 653226 62966175
4 1609 63080362 0 1788888580 722847 63036039
5 1610 63079056 0 1788888580 723070 63055890
6 823 63081144 0 1788888580 723613 63009614
4 1610 63138276 0 1788888580 808506 63084667
5 1611 63099181 0 1788888580 808661 63069724
7 811 63139721 0 1788888580 808849 63053540
4 1611 63146454 0 1788888580 910266 63072210
5 1612 63129088 0 1788888580 910509 63091150
6 824 63152764 0 1788888580 910662 63050353
4 1612 63245747 0 1788888581 44231 63145748
5 1613 63237255 0 1788888581 47264 63173042
7 812 63260482 0 1788888581 47528 63123020
4 1613 63317293 0 1788888581 152681 63252044
5 1614 63287453 0 1788888581 153320 63255010
6 825 63325671 0 1788888581 154131 63215294
4 1614 63340318 0 1788888581 270658 63270649
5 1615 63336030 0 1788888581 270809 63298902
7 813 63384817 0 1788888581 270964 63266184
4 1615 63430638 0 1788888581 392877 63346337
5 1616 63360381 0 1788888581 393124 63316044
6 826 63444856 0 1788888581 393728 63321629
4 1616 63470335 0 1788888581 543122 63370344
5 1617 63467248 0 1788888581 543306 63421501
7 814 63498994 0 1788888581 543475 63348157
4 1617 63566995 0 1788888581 657642 63494100
5 1618 63518924 0 1788888581 659358 63483565
6 827 63580094 0 1788888581 659771 63462230
4 1618 63606710 0 1788888581 762832 63550346
5 1619 63593808 0 1788888581 763077 63568294
7 815 63617826 0 1788888581 763185 63512032
4 1619 63666591 0 1788888581 847730 63609927
5 1620 63661003 0 1788888581 847938 63629490
6 828 63667587 0 1788888581 848080 63582132
4 1620 63756596 0 1788888581 944878 63698138
5 1621 63736118 0 1788888581 945039 63709482
7 816 63757538 0 1788888581 945161 63659890
4 1621 63825375 0 1788888582 56180 63761163
5 1622 63821218 0 1788888582 57160 63788338
6 829 63837784 0 1788888582 57354 63725149
4 1622 63857212 0 1788888582 159373 63792285
5 1623 63824759 0 1788888582 159744 63791147
7 817 63863333 0 1788888582 159942 63759379
4 1623 63877992 0 1788888582 254535 63819254
5 1624 63859899 0 1788888582 254741 63827333
6 830 63908943 0 1788888582 254958 63812862
4 1624 63866508 0 1788888582 349276 63804029
5 1625 63856016 0 1788888582 349414 63820187
7 818 63930585 0 1788888582 349568 63835336
4 1625 63946468 0 1788888582 456250 63876992
5 1626 63916059 0 1788888582 456403 63881242
6 831 63953227 0 1788888582 456486 63845800
4 1626 63998616 0 1788888582 561482 63927099
5 1627 63997629 0 1788888582 561649 63965746
7 819 64010065 0 1788888582 561798 63904307
4 1627 64050406 0 1788888582 657071 63991889
5 1628 64036587 0 1788888582 657275 64004847
6 832 64072667 0 1788888582 657547 63976352
4 1628 64081610 0 1788888582 747039 64021202
5 1629 64060050 0 1788888582 747202 64035450
7 820 64114091 0 1788888582 747367 64023617
4 1629 64116255 0 1788888582 830390 64062613
5 1630 64059153 0 1788888582 830519 64034264
6 833 64135203 0 1788888582 830617 64051407
4 1630 64085762 0 1788888582 911701 64030641
5 1631 64079522 0 1788888582 911893 64049332
7 821 64121511 0 1788888582 912188 64039500
4 1631 64102150 0 1788888582 993356 64048670
5 1632 64080906 0 1788888582 993515 64056869
6 834 64161133 0 1788888582 994103 64078469
4 1632 64122306 0 1788888583 71558 64072700
5 1633 64115787 0 1788888583 71763 64090814
7 822 64141358 0 1788888583 72366 64062097
4 1633 64206486 0 1788888583 168988 64136406
5 1634 64206150 0 1788888583 169175 64169090
6 835 64209635 0 1788888583 169259 64111699
4 1634 64292432 0 1788888583 259388 64236758
5 1635 64284717 0 1788888583 259507 64258477
7 823 64296127 0 1788888583 259595 64202423
4 1635 64347728 0 1788888583 339994 64296005
5 1636 64339211 0 1788888583 340214 64312851
6 836 64365032 0 1788888583 340329 64283855
4 1636 64393240 0 1788888583 421698 64340112
5 1637 64387418 0 1788888583 421855 64361331
7 824 64420112 0 1788888583 422571 64337249
4 1637 64445346 0 1788888583 508345 64385113
5 1638 64389723 0 1788888583 508508 64355600
6 837 64446560 0 1788888583 508757 64359294
4 1638 64420181 0 1788888583 610281 64352940
5 1639 64393559 0 1788888583 610627 64360145
7 825 64471560 0 1788888583 610770 64368390
4 1639 64292353 0 1788888583 693533 64244943
5 1640 64267818 0 1788888583 693769 64244167
6 838 64375320 0 1788888583 693951 64290999
4 1640 64320325 0 1788888583 781968 64260116
5 1641 64324914 0 1788888583 787784 64289442
7 826 64327821 0 1788888583 788490 64232609
4 1641 64376989 0 1788888583 882853 64317685
5 1642 64374352 0 1788888583 883192 64341301
6 839 64398765 0 1788888583 883389 64296641
4 1642 64443021 0 1788888583 994259 64371111
5 1643 64427644 0 1788888583 994482 64387587
7 827 64446317 0 1788888583 994659 64334242
4 1643 64474383 0 1788888584 91493 64414123
5 1644 64474564 0 1788888584 91734 64441928
6 840 64507040 0 1788888584 91885 64409080
4 1644 64546156 0 1788888584 186284 64484390
5 1645 64536328 0 1788888584 187339 64504430
7 828 64564055 0 1788888584 187481 64467801
4 1645 64602467 0 1788888584 272259 64546290
5 1646 64594527 0 1788888584 272366 64566570
6 841 64603486 0 1788888584 272459 64516403
4 1646 64626235 0 1788888584 364238 64569082
5 1647 64598813 0 1788888584 364443 64569203
7 829 64683039 0 1788888584 364604 64590579
4 1647 64568499 0 1788888584 457228 64507393
5 1648 64566202 0 1788888584 457471 64536585
6 842 64591950 0 1788888584 457784 64498187
4 1648 64617342 0 1788888584 548054 64560178
5 1649 64616345 0 1788888584 548438 64589052
7 830 64647566 0 1788888584 549089 64555489
4 1649 64707628 0 1788888584 644322 64643482
5 1650 64685193 0 1788888584 644579 64654830
6 843 64711906 0 1788888584 644685 64615041
4 1650 64777795 0 1788888584 763458 64700250
5 1651 64770470 0 1788888584 763624 64729610
7 831 64782847 0 1788888584 763777 64663161
4 1651 64830006 0 1788888584 872134 64765079
5 1652 64815624 0 1788888584 872908 64779585
6 844 64850011 0 1788888584 873304 64739937
4 1652 64911140 0 1788888584 986040 64839467
5 1653 64880710 0 1788888584 986274 64844169
7 832 64926463 0 1788888584 986389 64811954
4 1653 64947741 0 1788888585 101312 64876620
5 1654 64942338 0 1788888585 101525 64906471
6 845 64986625 0 1788888585 101677 64870628
4 1654 64993891 0 1788888585 211118 64919917
5 1655 64984037 0 1788888585 211312 64947974
7 833 64998010 0 1788888585 211434 64887616
4 1655 65100543 0 1788888585 351317 65010656
5 1656 65092793 0 1788888585 351507 65053775
6 846 65118040 0 1788888585 357976 64970919
4 1656 65206357 0 1788888585 481354 65135601
5 1657 65181636 0 1788888585 481448 65151822
7 834 65217177 0 1788888585 491148 65077156
4 1657 65282051 0 1788888585 595512 65213271
5 1658 65279622 0 1788888585 596322 65237722
6 847 65292688 0 1788888585 596465 65177419
4 1658 65384974 0 1788888585 706436 65319593
5 1659 65382982 0 1788888585 706617 65353562
7 835 65386060 0 1788888585 706762 65274106
4 1659 65448048 0 1788888585 796324 65390988
5 1660 65447949 0 1788888585 796532 65419782
6 848 65473254 0 1788888585 797219 65382244
4 1660 65480574 0 1788888585 877949 65427500
5 1661 65441198 0 1788888585 878147 65411213
7 836 65489226 0 1788888585 878248 65407134
4 1661 65533843 0 1788888585 983285 65465282
5 1662 65525553 0 1788888585 983404 65490991
6 849 65538611 0 1788888585 983521 65432860
4 1662 65608320 0 1788888586 80941 65545778
5 1663 65573896 0 1788888586 81167 65544533
7 837 65613720 0 1788888586 81319 65515483
4 1663 65651121 0 1788888586 164727 65595910
5 1664 65591248 0 1788888586 167591 65558912
6 850 65655217 0 1788888586 167790 65568142
4 1664 65658256 0 1788888586 248848 65603883
5 1665 65647312 0 1788888586 249193 65620366
7 838 65666942 0 1788888586 250718 65580786
4 1665 65708797 0 1788888586 333404 65656106
5 1666 65705889 0 1788888586 333751 65677438
6 851 65709948 0 1788888586 334132 65624414
4 1666 65776284 0 1788888586 417331 65722550
5 1667 65707175 0 1788888586 417514 65682509
7 839 65784174 0 1788888586 417625 65699736
4 1667 65697425 0 1788888586 495551 65644993
5 1668 65660017 0 1788888586 496738 65634130
6 852 65722224 0 1788888586 497196 65642166
4 1668 65681187 0 1788888586 573998 65630574
5 1669 65677715 0 1788888586 574167 65651174
7 840 65721645 0 1788888586 574272 65642015
4 1669 65730428 0 1788888586 659148 65671420
5 1670 65713797 0 1788888586 659496 65682668
6 853 65734377 0 1788888586 659836 65648305
4 1670 65682660 0 1788888586 756193 65613001
5 1671 65658528 0 1788888586 756411 65622902
7 841 65775996 0 1788888586 756592 65677741
4 1671 65716182 0 1788888586 841619 65663845
5 1672 65711972 0 1788888586 841954 65685780
6 854 65739673 0 1788888586 842284 65653329
4 1672 65799805 0 1788888586 942292 65726656
5 1673 65774443 0 1788888586 942477 65740790
7 842 65808948 0 1788888586 942616 65707743
4 1673 65699499 0 1788888587 23652 65643191
5 1674 65682489 0 1788888587 24083 65650668
6 855 65803267 0 1788888587 24240 65721129
4 1674 65741085 0 1788888587 105719 65688819
5 1675 65738620 0 1788888587 106273 65710728
7 843 65749011 0 1788888587 106886 65664864
4 1675 65819333 0 1788888587 196070 65759651
5 1676 65789884 0 1788888587 196215 65760804
6 856 65819921 0 1788888587 196350 65728818
4 1676 65839982 0 1788888587 276892 65785234
5 1677 65835058 0 1788888587 283101 65802652
7 844 65875609 0 1788888587 283274 65788218
4 1677 65890355 0 1788888587 373686 65824059
5 1678 65873181 0 1788888587 374117 65843681
6 857 65905006 0 1788888587 374296 65807422
4 1678 65936150 0 1788888587 484023 65862882
5 1679 65908286 0 1788888587 484133 65867703
7 845 65954319 0 1788888587 485769 65842058
4 1679 65974210 0 1788888587 579501 65918080
5 1680 65967110 0 1788888587 579672 65942241
6 858 65997617 0 1788888587 579818 65901707
4 1680 66022906 0 1788888587 654496 65978177
5 1681 66012518 0 1788888587 654707 65990851
7 846 66039222 0 1788888587 654887 65963668
4 1681 66057747 0 1788888587 730598 66009371
5 1682 66048015 0 1788888587 730741 66023401
6 859 66080951 0 1788888587 730870 66004373
4 1682 66087844 0 1788888587 803622 66040815
5 1683 66082646 0 1788888587 804408 66058758
7 847 66117840 0 1788888587 804589 66043655
4 1683 66087578 0 1788888587 892879 66026055
5 1684 66059311 0 1788888587 893079 66027345
6 860 66136461 0 1788888587 893312 66046588
4 1684 66105188 0 1788888587 974379 66055016
5 1685 66091310 0 1788888587 974549 66065109
7 848 66105589 0 1788888587 974714 66023549
4 1685 66147817 0 1788888588 71080 66085077
5 1686 66131705 0 1788888588 71296 66102810
6 861 66161085 0 1788888588 71442 66063805
4 1686 66212502 0 1788888588 174103 66147686
5 1687 66154266 0 1788888588 175256 66118909
7 849 66224933 0 1788888588 179314 66116325
4 1687 66187687 0 1788888588 266616 66130782
5 1688 66186449 0 1788888588 266779 66152521
6 862 66200021 0 1788888588 266973 66106975
4 1688 66243715 0 1788888588 346630 66192139
5 1689 66229818 0 1788888588 346828 66204647
7 850 66252428 0 1788888588 347143 66171736
4 1689 66272348 0 1788888588 421934 66219579
5 1690 66220948 0 1788888588 422059 66190513
6 863 66281889 0 1788888588 422213 66206134
6 864 66276338 0 1788888588 506236 66273529
4 1690 66321436 0 1788888588 543560 66231930
5 1691 66318660 0 1788888588 543726 66253086
7 851 66329568 0 1788888588 544195 66207084
4 1691 66306892 0 1788888588 617427 66256762
5 1692 66293511 0 1788888588 617571 66272257
6 865 66376864 0 1788888588 617709 66302417
4 1692 66249153 0 1788888588 698259 66194552
5 1693 66211573 0 1788888588 698457 66183551
7 852 66313320 0 1788888588 698598 66231982
4 1693 66249689 0 1788888588 774339 66197461
5 1694 66229904 0 1788888588 774836 66201060
6 866 66272503 0 1788888588 775586 66194989
4 1694 66248477 0 1788888588 853964 66196285
5 1695 66141475 0 1788888588 854186 66115900
7 853 66287617 0 1788888588 854344 66207219
4 1695 66169486 0 1788888588 944106 66107258
5 1696 66069155 0 1788888588 944415 66039470
6 867 66226808 0 1788888588 944987 66135468
4 1696 66116311 0 1788888589 40081 66048017
5 1697 66112018 0 1788888589 40309 66077442
7 854 66122509 0 1788888589 40818 66025587
4 1697 66147594 0 1788888589 120374 66095801
5 1698 66143523 0 1788888589 121151 66120271
6 868 66164417 0 1788888589 121352 66082896
4 1698 66176445 0 1788888589 212345 66117414
5 1699 66148481 0 1788888589 212545 66119771
7 855 66207936 0 1788888589 212728 66115427
4 1699 66206264 0 1788888589 296386 66147877
5 1700 66181593 0 1788888589 296567 66152031
6 869 66217621 0 1788888589 296706 66133088
4 1700 66242889 0 1788888589 375004 66192115
5 1701 66237751 0 1788888589 375150 66212299
7 856 66246141 0 1788888589 375239 66167081
4 1701 66319910 0 1788888589 470991 66258199
5 1702 66315189 0 1788888589 471699 66289648
6 870 66326180 0 1788888589 471894 66228883
4 1702 66393647 0 1788888589 562224 66332415
5 1703 66389328 0 1788888589 562437 66356208
7 857 66397332 0 1788888589 562611 66305478
4 1703 66455611 0 1788888589 669713 66382607
5 1704 66448324 0 1788888589 670093 66410614
6 871 66478641 0 1788888589 670502 66370092
4 1704 66495248 0 1788888589 755264 66442511
5 1705 66491678 0 1788888589 755541 66468171
7 858 66500851 0 1788888589 755644 66414612
4 1705 66525228 0 1788888589 829872 66476213
5 1706 66524333 0 1788888589 830029 66498248
6 872 66546723 0 1788888589 830110 66471683
4 1706 66602009 0 1788888589 913868 66546083
5 1707 66584563 0 1788888589 914068 66556048
7 859 66603195 0 1788888589 914464 66518411
4 1707 66524819 0 1788888589 997504 66464366
5 1708 66508769 0 1788888589 997665 66480528
6 873 66652246 0 1788888589 998076 66567753
4 1708 66546130 0 1788888590 86127 66485230
5 1709 66471471 0 1788888590 86285 66437579
7 860 66582528 0 1788888590 86430 66493384
4 1709 66519598 0 1788888590 155236 66474774
5 1710 66476010 0 1788888590 155893 66451458
6 874 66533157 0 1788888590 155992 66463097
4 1710 66528089 0 1788888590 255828 66467662
5 1711 66476936 0 1788888590 256039 66447081
7 861 66544633 0 1788888590 256233 66443478
4 1711 66530180 0 1788888590 339219 66477619
5 1712 66505658 0 1788888590 339871 66480224
6 875 66536231 0 1788888590 343719 66448145
4 1712 66573417 0 1788888590 428659 66513529
5 1713 66553451 0 1788888590 428817 66522624
7 862 66582600 0 1788888590 429776 66491593
4 1713 66697089 0 1788888590 610243 66588915
5 1714 66696087 0 1788888590 610489 66647734
6 876 66728351 0 1788888590 610596 66546219
4 1714 66754547 0 1788888590 708126 66692377
5 1715 66727461 0 1788888590 708250 66697612
7 863 66757464 0 1788888590 709930 66657440
4 1715 66798813 0 1788888590 802085 66746337
5 1716 66739209 0 1788888590 802255 66711716
6 877 66818525 0 1788888590 805398 66721039
4 1716 66822055 0 1788888590 896396 66761048
5 1717 66821393 0 1788888590 896588 66785482
7 864 66832132 0 1788888590 897314 66736726
4 1717 66908518 0 1788888591 224 66847689
5 1718 66905306 0 1788888591 1056 66875938
6 878 66919771 0 1788888591 1206 66814671
4 1718 66999057 0 1788888591 97938 66932575
5 1719 66979889 0 1788888591 98494 66944119
7 865 67000039 0 1788888591 98669 66901316
4 1719 67052632 0 1788888591 235932 66964545
5 1720 67032366 0 1788888591 236086 66978382
6 879 67055357 0 1788888591 236172 66916586
4 1720 67138700 0 1788888591 352432 67067490
5 1721 67123785 0 1788888591 353490 67083602
7 866 67150352 0 1788888591 354315 67031227
4 1721 67202719 0 1788888591 483455 67120995
5 1722 67177594 0 1788888591 483898 67130430
6 880 67245451 0 1788888591 484263 67113392
4 1722 67170207 0 1788888591 562393 67116255
5 1723 67168315 0 1788888591 562598 67142360
7 867 67232814 0 1788888591 562793 67153205
4 1723 67226329 0 1788888591 642010 67172310
5 1724 67199463 0 1788888591 642224 67170035
6 881 67240565 0 1788888591 642411 67160286
4 1724 67269232 0 1788888591 727342 67209429
5 1725 67191973 0 1788888591 729245 67156580
7 868 67277063 0 1788888591 729585 67189280
4 1725 67290651 0 1788888591 834534 67222052
5 1726 67276761 0 1788888591 834692 67241533
6 882 67295283 0 1788888591 835412 67186287
4 1726 67369667 0 1788888591 940741 67303994
5 1727 67361560 0 1788888591 940921 67327226
7 869 67375876 0 1788888591 941025 67269148
4 1727 67413439 0 1788888592 18691 67361143
5 1728 67412916 0 1788888592 18840 67386603
6 883 67431558 0 1788888592 19019 67353106
4 1728 67407637 0 1788888592 96109 67358062
5 1729 67343681 0 1788888592 96295 67317052
7 870 67441180 0 1788888592 96413 67363285
4 1729 67378676 0 1788888592 181949 67325150
5 1730 67364367 0 1788888592 182107 67338074
6 884 67396159 0 1788888592 182201 67309851
4 1730 67439195 0 1788888592 302814 67352663
5 1731 67433151 0 1788888592 303684 67386943
7 871 67460430 0 1788888592 304992 67337223
4 1731 67562284 0 1788888592 445411 67466811
5 1732 67563521 0 1788888592 448816 67511774
6 885 67572808 0 1788888592 448930 67425585
4 1732 67633702 0 1788888592 548157 67561572
5 1733 67632935 0 1788888592 548349 67593666
7 872 67660790 0 1788888592 548473 67557395
4 1733 67661219 0 1788888592 634138 67612264
5 1734 67654174 0 1788888592 634340 67627640
6 886 67715104 0 1788888592 634426 67628637
4 1734 67674698 0 1788888592 708326 67628445
5 1735 67647563 0 1788888592 708491 67625134
7 873 67725798 0 1788888592 708570 67651167
4 1735 67652875 0 1788888592 781385 67606810
5 1736 67637949 0 1788888592 781603 67612245
6 887 67664344 0 1788888592 782423 67590085
4 1736 67703013 0 1788888592 869747 67648477
5 1737 67673837 0 1788888592 870073 67645871
7 874 67723224 0 1788888592 870234 67634158
4 1737 67764788 0 1788888592 968563 67698314
5 1738 67758014 0 1788888592 968663 67726866
6 888 67770876 0 1788888592 968757 67671691
4 1738 67825722 0 1788888593 49967 67772766
5 1739 67805479 0 1788888593 50168 67776268
7 875 67835272 0 1788888593 50260 67753379
4 1739 67860796 0 1788888593 134498 67810722
5 1740 67777334 0 1788888593 134695 67750313
6 889 67887410 0 1788888593 137473 67799598
4 1740 67807337 0 1788888593 223185 67750142
5 1741 67778705 0 1788888593 223438 67747931
7 876 67853825 0 1788888593 227139 67761002
4 1741 67857407 0 1788888593 317233 67798645
5 1742 67829516 0 1788888593 317325 67803113
6 890 67868111 0 1788888593 317494 67773529
4 1742 67909094 0 1788888593 415471 67844400
5 1743 67903796 0 1788888593 415586 67872069
7 877 67927179 0 1788888593 415669 67828645
4 1743 67972210 0 1788888593 492792 67920772
5 1744 67968968 0 1788888593 500563 67935969
6 891 67986020 0 1788888593 500958 67900343
4 1744 68055873 0 1788888593 602918 67979138
5 1745 68012018 0 1788888593 603068 67967552
7 878 68069899 0 1788888593 603148 67959426
4 1745 68015039 0 1788888593 706159 67949063
5 1746 67982674 0 1788888593 706332 67956651
6 892 68042628 0 1788888593 706418 67938895
4 1746 68042490 0 1788888593 783716 67991728
5 1747 68021607 0 1788888593 783893 67995016
7 879 68048702 0 1788888593 784463 67970219
4 1747 68069355 0 1788888593 867758 68015674
5 1748 68048127 0 1788888593 868424 68019267
6 893 68105362 0 1788888593 868566 68020390
4 1748 68145332 0 1788888593 998925 68056758
5 1749 68142666 0 1788888594 3419 68098320
7 880 68178324 0 1788888594 3541 68042376
4 1749 68201157 0 1788888594 113814 68134904
5 1750 68198930 0 1788888594 114580 68169740
6 894 68247751 0 1788888594 114730 68131799
4 1750 68269310 0 1788888594 200195 68211943
5 1751 68218996 0 1788888594 200317 68191063
7 881 68270232 0 1788888594 200771 68183076
4 1751 68279544 0 1788888594 284296 68228158
5 1752 68262729 0 1788888594 284529 68235676
6 895 68292869 0 1788888594 284705 68208142
4 1752 68298374 0 1788888594 371686 68235530
5 1753 68295935 0 1788888594 371871 68262586
7 882 68312386 0 1788888594 372028 68224353
4 1753 68336653 0 1788888594 454761 68281719
5 1754 68273431 0 1788888594 455148 68239966
6 896 68347074 0 1788888594 455252 68263319
4 1754 68299646 0 1788888594 549715 68239141
5 1755 68299694 0 1788888594 549905 68269142
7 883 68310937 0 1788888594 550059 68215464
4 1755 68355658 0 1788888594 628087 68310496
5 1756 68326940 0 1788888594 628246 68304582
6 897 68373895 0 1788888594 628422 68294980
4 1756 68393557 0 1788888594 714636 68335017
5 1757 68380670 0 1788888594 715505 68343209
7 884 68408733 0 1788888594 716393 68320236
4 1757 68414028 0 1788888594 794303 68361741
5 1758 68398659 0 1788888594 794463 68372475
6 898 68456594 0 1788888594 794629 68376367
4 1758 68415437 0 1788888594 885894 68355603
5 1759 68366580 0 1788888594 886285 68335005
7 885 68439207 0 1788888594 887414 68345971
4 1759 68417489 0 1788888594 977818 68358003
5 1760 68414365 0 1788888594 978110 68388032
6 899 68437250 0 1788888594 978296 68344666
4 1760 68442143 0 1788888595 62796 68385585
5 1761 68413423 0 1788888595 63053 68380774
7 886 68492846 0 1788888595 63353 68407125
4 1761 68474093 0 1788888595 145618 68420521
5 1762 68475208 0 1788888595 148022 68444690
6 900 68482924 0 1788888595 148158 68397334
4 1762 68443746 0 1788888595 228311 68388880
5 1763 68426998 0 1788888595 228606 68399925
7 887 68488392 0 1788888595 229473 68404320
4 1763 68485676 0 1788888595 318233 68423952
5 1764 68379175 0 1788888595 318505 68346400
6 901 68506790 0 1788888595 318697 68416237
4 1764 68428053 0 1788888595 404186 68370080
5 1765 68405818 0 1788888595 404423 68375195
7 888 68462196 0 1788888595 404587 68375668
4 1765 68471946 0 1788888595 500649 68412977
5 1766 68450466 0 1788888595 500872 68420193
6 902 68477773 0 1788888595 501275 68380489
4 1766 68461696 0 1788888595 592450 68397373
5 1767 68434361 0 1788888595 595322 68396591
7 889 68507651 0 1788888595 595531 68412538
4 1767 68459549 0 1788888595 698417 68389658
5 1768 68455014 0 1788888595 700464 68419737
6 903 68498113 0 1788888595 702109 68388115
4 1768 68521526 0 1788888595 795676 68466470
5 1769 68509274 0 1788888595 795839 68483415
7 890 68535277 0 1788888595 795943 68437495
4 1769 68570654 0 1788888595 878347 68513930
5 1770 68510971 0 1788888595 878535 68481319
6 904 68583818 0 1788888595 878658 68500660
4 1770 68514280 0 1788888595 960168 68459997
5 1771 68514405 0 1788888595 960778 68484031
7 891 68548702 0 1788888595 961192 68465690
4 1771 68569012 0 1788888596 36881 68519394
5 1772 68565240 0 1788888596 37116 68539471
6 905 68585285 0 1788888596 37224 68508045
4 1772 68635650 0 1788888596 131849 68568000
5 1773 68622821 0 1788888596 132471 68589984
7 892 68641823 0 1788888596 132614 68545866
4 1773 68670803 0 1788888596 214327 68622825
5 1774 68663284 0 1788888596 214510 68638273
6 906 68682367 0 1788888596 214609 68598113
4 1774 68638663 0 1788888596 290353 68589606
5 1775 68589830 0 1788888596 290518 68563244
7 893 68717806 0 1788888596 291123 68640795
4 1775 68656362 0 1788888596 362526 68611399
5 1776 68637911 0 1788888596 362706 68614384
6 907 68659058 0 1788888596 362802 68586404
4 1776 68698382 0 1788888596 430695 68654180
5 1777 68688315 0 1788888596 431228 68665372
7 894 68704626 0 1788888596 431453 68635520
4 1777 68742302 0 1788888596 495795 68701019
5 1778 68695188 0 1788888596 495969 68673507
6 908 68750095 0 1788888596 496108 68684453
4 1778 68753724 0 1788888596 563643 68712155
5 1779 68738258 0 1788888596 563830 68715940
7 895 68754175 0 1788888596 563964 68685852
4 1779 68715154 0 1788888596 637981 68666435
5 1780 68705193 0 1788888596 638229 68677281
6 909 68793698 0 1788888596 638377 68718791
4 1780 68734206 0 1788888596 713150 68683669
5 1781 68711772 0 1788888596 713293 68686324
7 896 68777332 0 1788888596 713423 68701723
4 1781 68774547 0 1788888596 787944 68724903
5 1782 68762237 0 1788888596 788019 68735986
6 910 68786144 0 1788888596 788601 68710536
4 1782 68806426 0 1788888596 868459 68747763
5 1783 68803409 0 1788888596 868708 68769054
7 897 68814960 0 1788888596 868985 68733773
4 1783 68848249 0 1788888596 944552 68794529
5 1784 68843346 0 1788888596 944686 68817159
6 911 68862776 0 1788888596 944749 68786315
4 1784 68876970 0 1788888597 12965 68834118
5 1785 68861689 0 1788888597 13090 68839739
7 898 68888845 0 1788888597 13662 68819610
4 1785 68881311 0 1788888597 85414 68836289
5 1786 68864245 0 1788888597 85637 68839203
6 912 68917940 0 1788888597 86399 68844356
4 1786 68882742 0 1788888597 154570 68836387
5 1787 68868175 0 1788888597 154758 68842664
7 899 68894783 0 1788888597 154896 68825072
4 1787 68931438 0 1788888597 227670 68880878
5 1788 68851550 0 1788888597 228077 68826520
6 913 68934274 0 1788888597 229090 68859579
4 1788 68910100 0 1788888597 312283 68857673
5 1789 68819953 0 1788888597 312479 68792395
7 900 68914564 0 1788888597 312668 68829409
4 1789 68885119 0 1788888597 388551 68834711
5 1790 68855706 0 1788888597 389185 68828876
6 914 68886815 0 1788888597 389465 68809460
4 1790 68833252 0 1788888597 457853 68787111
5 1791 68815587 0 1788888597 458025 68793260
7 901 68844894 0 1788888597 458171 68775095
4 1791 68823474 0 1788888597 527983 68774825
5 1792 68813303 0 1788888597 528103 68791371
6 915 68880866 0 1788888597 528157 68810366
4 1792 68830601 0 1788888597 599230 68785068
5 1793 68801470 0 1788888597 599428 68778372
7 902 68832505 0 1788888597 599769 68760561
4 1793 68864393 0 1788888597 668725 68820069
5 1794 68841281 0 1788888597 669406 68816658
6 916 68869090 0 1788888597 669550 68798563
4 1794 68866884 0 1788888597 731987 68826225
5 1795 68848768 0 1788888597 732164 68827000
7 903 68868614 0 1788888597 732258 68804876
4 1795 68868478 0 1788888597 797840 68827704
5 1796 68864203 0 1788888597 798025 68842993
6 917 68902710 0 1788888597 798124 68836392
4 1796 68887331 0 1788888597 863128 68844613
5 1797 68866560 0 1788888597 863303 68844689
7 904 68904534 0 1788888597 863439 68838779
4 1797 68866207 0 1788888597 927887 68825664
5 1798 68852172 0 1788888597 928037 68831778
6 918 68924715 0 1788888597 928186 68859520
4 1798 68887215 0 1788888598 3822 68839215
5 1799 68880467 0 1788888598 4162 68853854
7 905 68917619 0 1788888598 4323 68841030
4 1799 68931560 0 1788888598 74260 68885693
5 1800 68927333 0 1788888598 74480 68904105
6 919 68944854 0 1788888598 74665 68873830
4 1800 68978977 0 1788888598 147576 68928465
5 1801 68971746 0 1788888598 147669 68949403
7 906 68997363 0 1788888598 147847 68923475
4 1801 69009005 0 1788888598 223500 68958945
5 1802 69003884 0 1788888598 224020 68977326
6 920 69010345 0 1788888598 224113 68933703
4 1802 69045300 0 1788888598 296820 69000848
5 1803 69012313 0 1788888598 297031 68990443
7 907 69060847 0 1788888598 297188 68987009
4 1803 69026519 0 1788888598 365817 68983505
5 1804 69018328 0 1788888598 366331 68996577
6 921 69072204 0 1788888598 366684 69002184
4 1804 69054278 0 1788888598 439262 69009233
5 1805 69040732 0 1788888598 439450 69016451
7 908 69071233 0 1788888598 440052 68996804
4 1805 69067349 0 1788888598 505889 69022637
5 1806 69063497 0 1788888598 506015 69039557
6 922 69097333 0 1788888598 506087 69030117
4 1806 69100619 0 1788888598 571706 69057406
5 1807 69064716 0 1788888598 571917 69041375
7 909 69101532 0 1788888598 572085 69035183
4 1807 69115617 0 1788888598 636502 69073044
5 1808 69106534 0 1788888598 636700 69083785
6 923 69127905 0 1788888598 636865 69062563
4 1808 69134357 0 1788888598 703013 69090087
5 1809 69107721 0 1788888598 703233 69082718
7 910 69176011 0 1788888598 706387 69105838
4 1809 69141690 0 1788888598 779199 69090611
5 1810 69123862 0 1788888598 779481 69100709
6 924 69146712 0 1788888598 779711 69069772
4 1810 69189780 0 1788888598 855488 69143873
5 1811 69177659 0 1788888598 855668 69154212
7 911 69194183 0 1788888598 855770 69117454
4 1811 69235701 0 1788888598 922286 69191773
5 1812 69098159 0 1788888598 922470 69074086
6 925 69243180 0 1788888598 922608 69175894
4 1812 69141189 0 1788888598 993481 69095417
5 1813 69129280 0 1788888598 994081 69106700
7 912 69157297 0 1788888598 994247 69085181
4 1813 69165974 0 1788888599 58170 69122692
5 1814 69160694 0 1788888599 58303 69139121
6 926 69192120 0 1788888599 58467 69126940
4 1814 69201895 0 1788888599 127231 69158346
5 1815 69126076 0 1788888599 127410 69104871
7 913 69208727 0 1788888599 127696 69139047
4 1815 69144591 0 1788888599 195762 69098038
5 1816 69127118 0 1788888599 195909 69104450
6 927 69152141 0 1788888599 196068 69083131
4 1816 69167411 0 1788888599 264638 69124289
5 1817 69166301 0 1788888599 265297 69144168
7 914 69189604 0 1788888599 265434 69119774
4 1817 69181817 0 1788888599 332622 69139615
5 1818 69160182 0 1788888599 332798 69138662
6 928 69200765 0 1788888599 332911 69132340
4 1818 69173050 0 1788888599 399957 69130985
5 1819 69172185 0 1788888599 400122 69150672
7 915 69186924 0 1788888599 400439 69118903
4 1819 69190546 0 1788888599 473606 69142627
5 1820 69184580 0 1788888599 473704 69160849
6 929 69197549 0 1788888599 473822 69123503
4 1820 69195442 0 1788888599 541961 69150926
5 1821 69185615 0 1788888599 542136 69162543
7 916 69235737 0 1788888599 542219 69166979
4 1821 69209114 0 1788888599 606631 69164824
5 1822 69177761 0 1788888599 607104 69154002
6 930 69240304 0 1788888599 607237 69174878
4 1822 69218279 0 1788888599 674963 69172820
5 1823 69193547 0 1788888599 675122 69168930
7 917 69240383 0 1788888599 675237 69171608
4 1823 69251702 0 1788888599 744516 69208135
5 1824 69243755 0 1788888599 744617 69223142
6 931 69251975 0 1788888599 744703 69182079
4 1824 69214800 0 1788888599 813110 69173127
5 1825 69189806 0 1788888599 813279 69169027
7 918 69255225 0 1788888599 813352 69186228
4 1825 69220743 0 1788888599 886141 69175011
5 1826 69205381 0 1788888599 886240 69181924
6 932 69221918 0 1788888599 886317 69148385
4 1826 69225262 0 1788888599 956043 69181945
5 1827 69142133 0 1788888599 956196 69118746
7 919 69256276 0 1788888599 956328 69185731
4 1827 69203634 0 1788888600 23652 69156884
5 1828 69199680 0 1788888600 24005 69175759
6 933 69210272 0 1788888600 24660 69141488
4 1828 69247746 0 1788888600 97280 69200331
5 1829 69222949 0 1788888600 97467 69197765
7 920 69264198 0 1788888600 97589 69190066
4 1829 69242821 0 1788888600 162612 69202954
5 1830 69238434 0 1788888600 162728 69218800
6 934 69285584 0 1788888600 162834 69219840
4 1830 69287513 0 1788888600 226375 69243804
5 1831 69244086 0 1788888600 226549 69223118
7 921 69293880 0 1788888600 226723 69229623
4 1831 69301037 0 1788888600 299948 69251465
5 1832 69281262 0 1788888600 300175 69253189
6 935 69304292 0 1788888600 300749 69229763
4 1832 69330001 0 1788888600 374800 69281315
5 1833 69326809 0 1788888600 375302 69302316
7 922 69337297 0 1788888600 375529 69261559
4 1833 69347307 0 1788888600 451174 69301315
5 1834 69336610 0 1788888600 451393 69313325
6 936 69375264 0 1788888600 451664 69298193
4 1834 69406134 0 1788888600 546233 69337828
5 1835 69396210 0 1788888600 546379 69360836
7 923 69411274 0 1788888600 546503 69315783
4 1835 69421884 0 1788888600 624822 69372172
5 1836 69409365 0 1788888600 625492 69385176
6 937 69447087 0 1788888600 625935 69367224
4 1836 69442360 0 1788888600 703119 69388127
5 1837 69437606 0 1788888600 703323 69410854
7 924 69457494 0 1788888600 703399 69378751
4 1837 69463905 0 1788888600 774789 69419165
5 1838 69447712 0 1788888600 775043 69425285
6 938 69476687 0 1788888600 775177 69404289
4 1838 69478158 0 1788888600 844783 69431053
5 1839 69470149 0 1788888600 845116 69444257
7 925 69493978 0 1788888600 845289 69423326
4 1839 69491715 0 1788888600 948649 69412192
5 1840 69477918 0 1788888600 949358 69438839
6 939 69570356 0 1788888600 950441 69464555
4 1840 69536176 0 1788888601 55579 69465609
5 1841 69514820 0 1788888601 55740 69481080
7 926 69547269 0 1788888601 55829 69439882
4 1841 69601243 0 1788888601 159082 69541798
5 1842 69597164 0 1788888601 159245 69567459
6 940 69617532 0 1788888601 159401 69513461
4 1842 69632672 0 1788888601 209298 69627864
5 1843 69726922 0 1788888601 312474 69658903
6 941 69717124 0 1788888601 312831 69685828
7 927 69743341 0 1788888601 313483 69588589
4 1843 69811094 0 1788888601 411219 69712150
5 1844 69794024 0 1788888601 411448 69733819
6 942 69766232 0 1788888601 411706 69738954
4 1844 69844208 0 1788888601 493719 69798286
5 1845 69798783 0 1788888601 493881 69774649
7 928 69848444 0 1788888601 494000 69765419
4 1845 69826267 0 1788888601 574374 69777853
5 1846 69821237 0 1788888601 574540 69796361
6 943 69827812 0 1788888601 574646 69746728
4 1846 69817856 0 1788888601 646921 69772158
5 1847 69814112 0 1788888601 647170 69792177
7 929 69831054 0 1788888601 647848 69757401
4 1847 69875762 0 1788888601 718622 69831091
5 1848 69849951 0 1788888601 718780 69826724
6 944 69880514 0 1788888601 718866 69808427
4 1848 69852810 0 1788888601 790733 69806742
5 1849 69843999 0 1788888601 790889 69818833
7 930 69917519 0 1788888601 791089 69844858
4 1849 69882861 0 1788888601 864263 69832650
5 1850 69862246 0 1788888601 864419 69838983
6 945 69895607 0 1788888601 864581 69821576
4 1850 69888151 0 1788888601 941030 69834467
5 1851 69863826 0 1788888601 942495 69833573
7 931 69900536 0 1788888601 942745 69821910
4 1851 69911771 0 1788888602 22281 69858994
5 1852 69886947 0 1788888602 24841 69858092
6 946 69919797 0 1788888602 25463 69830722
4 1852 69925035 0 1788888602 119591 69864310
5 1853 69910143 0 1788888602 119692 69885933
7 932 69944193 0 1788888602 120830 69844290
4 1853 69954680 0 1788888602 228627 69885389
5 1854 69897552 0 1788888602 228775 69866887
6 947 70004631 0 1788888602 228916 69895128
4 1854 69946416 0 1788888602 309565 69898692
5 1855 69884932 0 1788888602 310590 69859400
7 933 69950775 0 1788888602 310715 69868435
4 1855 69945528 0 1788888602 394672 69886456
5 1856 69918324 0 1788888602 395171 69884764
6 948 69953570 0 1788888602 395278 69867711
4 1856 70006819 0 1788888602 490662 69946134
5 1857 69985172 0 1788888602 491006 69954829
7 934 70013408 0 1788888602 491473 69915925
4 1857 70022643 0 1788888602 566735 69975760
5 1858 70016603 0 1788888602 566981 69993633
6 949 70034845 0 1788888602 567247 69957751
4 1858 70059229 0 1788888602 636826 70017272
5 1859 69984632 0 1788888602 636939 69963544
7 935 70063011 0 1788888602 637095 69992486
4 1859 70031704 0 1788888602 716240 69982008
5 1860 70027261 0 1788888602 716344 70002290
6 950 70055752 0 1788888602 716520 69975743
4 1860 70011307 0 1788888602 786704 69966693
5 1861 70005599 0 1788888602 786917 69982907
7 936 70036914 0 1788888602 787167 69965818
4 1861 70048823 0 1788888602 860467 70000911
5 1862 70048813 0 1788888602 860611 70024177
6 951 70058095 0 1788888602 860700 69983942
4 1862 70111482 0 1788888602 934697 70063317
5 1863 70071310 0 1788888602 934863 70045960
7 937 70119252 0 1788888602 935106 70044421
4 1863 70018546 0 1788888603 3938 69973814
5 1864 70014836 0 1788888603 4217 69989684
6 952 70136411 0 1788888603 7588 70063235
4 1864 70065703 0 1788888603 80329 70017316
5 1865 70061016 0 1788888603 80542 70033989
7 938 70077000 0 1788888603 80651 70000061
4 1865 70119032 0 1788888603 151160 70077250
5 1866 70117509 0 1788888603 151442 70096034
6 953 70124015 0 1788888603 151938 70052267
4 1866 70179141 0 1788888603 230093 70130671
5 1867 70175272 0 1788888603 230263 70148990
7 939 70184367 0 1788888603 230426 70104819
4 1867 70231542 0 1788888603 297336 70187254
5 1868 70199452 0 1788888603 297516 70178109
6 954 70232746 0 1788888603 297672 70164325
4 1868 70230171 0 1788888603 370526 70179607
5 1869 70183871 0 1788888603 370685 70162263
7 940 70234780 0 1788888603 370917 70161056
4 1869 70237350 0 1788888603 436808 70195083
5 1870 70193313 0 1788888603 437029 70171123
6 955 70253750 0 1788888603 441003 70183166
4 1870 70193040 0 1788888603 542883 70126958
5 1871 70191502 0 1788888603 543091 70158091
7 941 70198568 0 1788888603 543188 70092039
4 1871 70257920 0 1788888603 622262 70207605
5 1872 70219678 0 1788888603 622425 70193855
6 956 70265554 0 1788888603 622675 70181928
4 1872 70287277 0 1788888603 697692 70240729
5 1873 70267906 0 1788888603 697831 70245278
7 942 70291289 0 1788888603 697931 70215442
4 1873 70325189 0 1788888603 769069 70280227
5 1874 70321866 0 1788888603 769715 70300441
6 957 70336600 0 1788888603 770340 70263796
4 1874 70287712 0 1788888603 839849 70243603
5 1875 70285120 0 1788888603 840083 70261539
7 943 70338435 0 1788888603 840225 70267118
4 1875 70339557 0 1788888603 914253 70289751
5 1876 70339289 0 1788888603 914396 70316491
6 958 70345023 0 1788888603 914528 70269694
4 1876 70322994 0 1788888603 981838 70277684
5 1877 70289257 0 1788888603 982025 70265990
7 944 70358896 0 1788888603 982125 70290867
4 1877 70324540 0 1788888604 51514 70276191
5 1878 70312094 0 1788888604 52072 70286764
6 959 70337433 0 1788888604 52228 70266890
4 1878 70372154 0 1788888604 119031 70329498
5 1879 70246009 0 1788888604 119175 70224708
7 945 70377160 0 1788888604 119389 70309134
4 1879 70201177 0 1788888604 193743 70151021
5 1880 70195200 0 1788888604 193896 70168115
6 960 70300461 0 1788888604 194018 70225287
4 1880 70239843 0 1788888604 269285 70188374
5 1881 70219969 0 1788888604 269427 70194119
7 946 70266330 0 1788888604 269552 70190206
4 1881 70223020 0 1788888604 347658 70169791
5 1882 70182238 0 1788888604 347846 70153090
6 961 70278426 0 1788888604 347948 70199580
4 1882 70241974 0 1788888604 419245 70194322
5 1883 70203630 0 1788888604 419405 70180258
7 947 70242547 0 1788888604 419681 70170346
4 1883 70242880 0 1788888604 493835 70197300
5 1884 70242894 0 1788888604 494000 70218628
6 962 70243831 0 1788888604 494159 70168762
4 1884 70304888 0 1788888604 562467 70259005
5 1885 70298090 0 1788888604 562656 70273473
7 948 70306676 0 1788888604 562789 70237490
4 1885 70296141 0 1788888604 638185 70247034
5 1886 70272365 0 1788888604 638320 70247481
6 963 70353690 0 1788888604 638451 70277533
4 1886 70320895 0 1788888604 703993 70277913
5 1887 70315273 0 1788888604 704142 70294125
7 949 70327468 0 1788888604 704402 70261076
4 1887 70278099 0 1788888604 767680 70237237
5 1888 70243616 0 1788888604 767837 70222799
6 964 70343918 0 1788888604 767978 70279786
4 1888 70258841 0 1788888604 836324 70211339
5 1889 70251723 0 1788888604 836433 70226333
7 950 70294669 0 1788888604 837001 70225200
4 1889 70292191 0 1788888604 902342 70250617
5 1890 70211919 0 1788888604 902520 70191546
6 965 70302842 0 1788888604 902667 70236343
4 1890 70182102 0 1788888604 971507 70137019
5 1891 70174548 0 1788888604 971618 70151262
7 951 70208087 0 1788888604 971771 70138503
4 1891 70175452 0 1788888605 35765 70135336
5 1892 70143879 0 1788888605 35903 70122811
6 966 70195616 0 1788888605 36269 70130711
4 1892 70177516 0 1788888605 111990 70129524
5 1893 70047017 0 1788888605 112229 70021884
7 952 70208114 0 1788888605 116281 70127436
4 1893 70062699 0 1788888605 201314 70005520
5 1894 70057445 0 1788888605 201494 70028368
6 967 70082206 0 1788888605 201576 69992210
4 1894 70068572 0 1788888605 276480 70022571
5 1895 70067731 0 1788888605 276673 70043213
7 953 70116877 0 1788888605 276806 70041176
4 1895 70118400 0 1788888605 347851 70071259
5 1896 70113733 0 1788888605 348014 70088467
6 968 70138691 0 1788888605 348453 70066497
4 1896 70189101 0 1788888605 429174 70139120
5 1897 70171040 0 1788888605 429737 70146107
7 954 70191718 0 1788888605 429913 70109490
4 1897 70222069 0 1788888605 505106 70174930
5 1898 70169111 0 1788888605 505243 70145746
6 969 70225509 0 1788888605 505329 70149176
4 1898 70193091 0 1788888605 578316 70144187
5 1899 70192088 0 1788888605 578537 70167754
7 955 70209713 0 1788888605 578843 70135813
4 1899 70171415 0 1788888605 653827 70124684
5 1900 70166387 0 1788888605 654084 70144685
6 970 70187090 0 1788888605 654329 70110829
4 1900 70169590 0 1788888605 738114 70116548
5 1901 70137134 0 1788888605 738741 70104340
7 956 70226157 0 1788888605 740196 70139633
4 1901 70200855 0 1788888605 815893 70150057
5 1902 70183884 0 1788888605 816090 70157782
6 971 70206799 0 1788888605 816272 70128434
4 1902 70207503 0 1788888605 896297 70158358
5 1903 70205767 0 1788888605 896566 70180253
7 957 70248968 0 1788888605 896714 70167992
4 1903 70275739 0 1788888605 969880 70230172
5 1904 70241869 0 1788888605 970006 70220276
6 972 70276222 0 1788888605 