0 1 80993 0 1788888420 815248 22283
1 1 65089 0 1788888420 815875 27267
2 1 64499 0 1788888420 815974 47036
0 2 117129 0 1788888420 888417 68044
1 2 89070 0 1788888420 888497 64128
3 1 120411 0 1788888420 888555 46939
0 3 120217 0 1788888420 976610 60984
1 3 100983 0 1788888420 977430 69316
2 2 165601 0 1788888420 978467 75441
0 4 192441 0 1788888421 86953 113318
1 4 184110 0 1788888421 87065 152455
3 2 197607 0 1788888421 87331 86369
0 5 224916 0 1788888421 151214 183995
1 5 218667 0 1788888421 151330 199982
2 3 241379 0 1788888421 152122 175985
0 6 268643 0 1788888421 243186 213276
1 6 244933 0 1788888421 243346 221057
3 3 304302 0 1788888421 243480 211913
0 7 188795 0 1788888421 307312 146757
1 7 181791 0 1788888421 307460 158316
2 4 292180 0 1788888421 307578 227634
0 8 208365 0 1788888421 360601 177695
1 8 164680 0 1788888421 360734 148904
3 4 210057 0 1788888421 360830 156393
0 9 201100 0 1788888421 414709 167278
1 9 189665 0 1788888421 414823 171363
2 5 202589 0 1788888421 414917 148129
0 10 197829 0 1788888421 478569 156792
1 10 176169 0 1788888421 479421 158275
3 5 230076 0 1788888421 479503 165103
0 11 184109 0 1788888421 528131 153248
1 11 179519 0 1788888421 528327 163830
2 6 188415 0 1788888421 528409 138460
0 12 212392 0 1788888421 579360 180528
1 12 163084 0 1788888421 579502 147764
3 6 227756 0 1788888421 579638 176121
0 13 116150 0 1788888421 634420 79904
1 13 82939 0 1788888421 634534 64893
2 7 145558 0 1788888421 634842 89958
0 14 108721 0 1788888421 691710 69579
1 14 110100 0 1788888421 693747 88058
3 7 128894 0 1788888421 695163 67963
0 15 111799 0 1788888421 800345 34208
1 15 117598 0 1788888421 807043 66902
2 8 162630 0 1788888421 807265 46778
0 16 182478 0 1788888421 919420 101335
1 16 174067 0 1788888421 919496 127306
3 8 204853 0 1788888421 919585 82467
0 17 247373 0 1788888422 22903 187608
1 17 236708 0 1788888422 23032 204113
2 9 278259 0 1788888422 27593 169978
0 18 281711 0 1788888422 120942 224354
1 18 188015 0 1788888422 121360 154227
3 9 312088 0 1788888422 121432 213381
0 19 242620 0 1788888422 213520 181148
1 19 236358 0 1788888422 213978 211881
2 10 279513 0 1788888422 214428 185898
0 20 290255 0 1788888422 305413 223306
1 20 270298 0 1788888422 305532 233837
3 10 324868 0 1788888422 305594 232664
0 21 318998 0 1788888422 399340 260916
1 21 287538 0 1788888422 400016 256722
2 11 331907 0 1788888422 400736 236414
0 22 332137 0 1788888422 507194 260436
1 22 299080 0 1788888422 507324 263967
3 11 377643 0 1788888422 511129 265493
0 23 372656 0 1788888422 605496 306194
1 23 365007 0 1788888422 609219 327409
2 12 397311 0 1788888422 610177 293955
0 24 398114 0 1788888422 692887 337547
1 24 367656 0 1788888422 692994 345710
3 12 440890 0 1788888422 699276 347021
0 25 407422 0 1788888422 794535 342994
1 25 405453 0 1788888422 794685 367003
2 13 433477 0 1788888422 794892 331272
0 26 479052 0 1788888422 897555 416120
1 26 475101 0 1788888422 897688 444137
3 13 493607 0 1788888422 897817 390061
0 27 498575 0 1788888422 987477 442717
1 27 482554 0 1788888422 987561 451459
2 14 524701 0 1788888422 987690 430422
0 28 527800 0 1788888423 80917 460103
1 28 523887 0 1788888423 81160 479688
3 14 551680 0 1788888423 84586 454466
0 29 615617 0 1788888423 178300 551109
1 29 610908 0 1788888423 178416 579659
2 15 624854 0 1788888423 182478 521248
0 30 615556 0 1788888423 285680 545061
1 30 599459 0 1788888423 285860 562063
3 15 639099 0 1788888423 286195 530936
0 31 686799 0 1788888423 402249 608696
1 31 677419 0 1788888423 402520 640084
2 16 713427 0 1788888423 403034 595754
0 32 746491 0 1788888423 521300 671726
1 32 687198 0 1788888423 522090 655867
3 16 790915 0 1788888423 522514 670493
0 33 801421 0 1788888423 645792 723907
1 33 771876 0 1788888423 645972 731393
2 17 809843 0 1788888423 646084 684885
0 34 859469 0 1788888423 782654 776025
1 34 836449 0 1788888423 782797 792467
3 17 903266 0 1788888423 782878 765932
0 35 936855 0 1788888423 914452 854549
1 35 875199 0 1788888423 914869 834000
2 18 960730 0 1788888423 915002 828243
0 36 980001 0 1788888424 34071 898660
1 36 964520 0 1788888424 36074 917558
3 18 991256 0 1788888424 36755 868733
0 37 1024081 0 1788888424 151082 958265
1 37 1000481 0 1788888424 151245 969433
2 19 1051401 0 1788888424 151377 933978
0 38 1056402 0 1788888424 233009 1002134
1 38 1049043 0 1788888424 233358 1024807
3 19 1060197 0 1788888424 233540 977008
0 39 1086212 0 1788888424 303177 1041186
1 39 1083321 0 1788888424 303380 1061671
2 20 1113299 0 1788888424 303543 1042603
0 40 1069976 0 1788888424 372955 1028185
1 40 1050345 0 1788888424 373087 1029161
3 20 1137070 0 1788888424 373302 1066765
0 41 1059702 0 1788888424 447720 1011075
1 41 1059572 0 1788888424 447942 1034221
2 21 1107718 0 1788888424 448139 1032374
0 42 1111978 0 1788888424 539514 1052982
1 42 1091341 0 1788888424 539687 1059081
3 21 1146977 0 1788888424 539921 1054566
0 43 1086106 0 1788888424 643351 1019934
1 43 1077945 0 1788888424 643585 1040740
2 22 1153278 0 1788888424 643770 1048796
0 44 1136013 0 1788888424 719607 1090840
1 44 1113721 0 1788888424 719754 1091764
3 22 1153089 0 1788888424 719912 1076310
0 45 1135270 0 1788888424 786478 1092565
1 45 1134919 0 1788888424 787179 1113935
2 23 1173936 0 1788888424 787354 1106010
0 46 1195684 0 1788888424 851845 1152090
1 46 1184789 0 1788888424 852020 1163525
3 23 1199554 0 1788888424 852152 1133692
0 47 1185089 0 1788888424 924276 1134072
1 47 1175258 0 1788888424 924452 1149222
2 24 1194408 0 1788888424 924546 1121554
0 48 1174999 0 1788888424 997977 1128067
1 48 1159524 0 1788888424 998572 1133995
3 24 1203282 0 1788888424 999215 1128160
0 49 1123540 0 1788888425 64916 1079264
1 49 1124246 0 1788888425 67293 1097379
2 25 1223742 0 1788888425 67471 1154036
0 50 1171436 0 1788888425 134811 1125812
1 50 1108287 0 1788888425 135245 1082931
3 25 1187931 0 1788888425 136328 1116263
0 51 1143492 0 1788888425 213267 1092891
1 51 1137708 0 1788888425 213506 1111764
2 26 1174273 0 1788888425 213663 1095054
0 52 1153271 0 1788888425 295088 1097315
1 52 1140006 0 1788888425 295290 1113552
3 26 1173061 0 1788888425 295391 1090379
0 53 1225382 0 1788888425 381864 1167822
1 53 1183243 0 1788888425 382068 1153937
2 27 1227308 0 1788888425 383047 1138949
0 54 1271295 0 1788888425 475231 1208476
1 54 1256918 0 1788888425 475397 1225099
3 27 1273863 0 1788888425 475503 1180020
0 55 1360092 0 1788888425 617936 1246591
1 55 1354926 0 1788888425 618085 1297763
2 28 1385002 0 1788888425 618190 1241831
0 56 1425839 0 1788888425 741149 1351145
1 56 1408243 0 1788888425 741313 1381297
3 28 1455390 0 1788888425 741408 1331685
0 57 1473649 0 1788888425 829143 1416876
1 57 1431345 0 1788888425 829513 1400900
2 29 1497098 0 1788888425 833972 1404122
0 58 1477767 0 1788888425 940186 1406758
1 58 1465918 0 1788888425 940336 1433985
3 29 1523132 0 1788888425 940419 1411255
0 59 1504391 0 1788888426 21853 1459162
1 59 1446939 0 1788888426 22015 1424227
2 30 1512800 0 1788888426 22182 1430596
0 60 1393368 0 1788888426 100259 1341738
1 60 1312705 0 1788888426 103846 1283325
3 30 1457135 0 1788888426 104212 1374591
0 61 1335413 0 1788888426 194279 1274589
1 61 1317829 0 1788888426 194480 1287163
2 31 1337300 0 1788888426 194623 1242760
0 62 1311993 0 1788888426 277462 1256562
1 62 1301734 0 1788888426 277623 1274558
3 31 1347283 0 1788888426 277729 1263663
0 63 1374823 0 1788888426 359384 1322299
1 63 1372825 0 1788888426 359533 1344628
2 32 1376137 0 1788888426 359670 1293761
0 64 1436050 0 1788888426 437839 1387189
1 64 1427640 0 1788888426 438004 1402113
3 32 1436588 0 1788888426 438131 1357529
0 65 1487858 0 1788888426 509624 1438305
1 65 1468707 0 1788888426 509895 1446344
2 33 1488911 0 1788888426 510019 1416564
0 66 1509019 0 1788888426 582075 1463681
1 66 1476053 0 1788888426 582419 1452262
3 33 1538234 0 1788888426 582531 1465075
0 67 1516741 0 1788888426 653156 1468752
1 67 1511239 0 1788888426 653273 1486652
2 34 1537205 0 1788888426 653400 1465124
0 68 1606417 0 1788888426 771643 1516805
1 68 1599330 0 1788888426 771890 1560495
3 34 1618624 0 1788888426 771989 1499649
0 69 1695705 0 1788888426 872441 1637819
1 69 1693429 0 1788888426 872599 1664510
2 35 1697216 0 1788888426 872701 1595966
0 70 1737767 0 1788888426 945589 1689139
1 70 1722099 0 1788888426 946187 1697416
3 35 1758961 0 1788888426 946287 1684939
0 71 1780326 0 1788888427 27397 1726100
1 71 1772829 0 1788888427 27582 1749910
2 36 1793001 0 1788888427 27830 1710575
0 72 1839703 0 1788888427 110506 1785676
1 72 1821372 0 1788888427 110615 1795153
3 36 1845798 0 1788888427 110793 1762183
0 73 1894925 0 1788888427 191612 1844572
1 73 1888932 0 1788888427 191798 1865074
2 37 1899583 0 1788888427 191898 1818024
0 74 1955041 0 1788888427 270701 1903984
1 74 1918870 0 1788888427 271411 1891864
3 37 1959949 0 1788888427 271587 1879806
0 75 1918366 0 1788888427 345202 1867811
1 75 1866980 0 1788888427 345350 1846202
2 38 1955581 0 1788888427 345480 1880524
0 76 1915280 0 1788888427 411588 1872654
1 76 1889643 0 1788888427 411736 1869059
3 38 1932837 0 1788888427 411836 1866045
0 77 1916165 0 1788888427 476311 1875599
1 77 1891740 0 1788888427 476434 1871574
2 39 1938435 0 1788888427 476542 1873325
0 78 1933160 0 1788888427 537365 1892499
1 78 1920427 0 1788888427 537502 1901158
3 39 1951469 0 1788888427 540639 1886962
0 79 1939355 0 1788888427 603620 1896483
1 79 1933968 0 1788888427 603748 1913621
2 40 1947431 0 1788888427 603853 1880780
0 80 1931813 0 1788888427 661964 1893036
1 80 1864159 0 1788888427 662149 1845764
3 40 1986259 0 1788888427 662223 1927507
0 81 1918483 0 1788888427 724977 1878972
1 81 1916743 0 1788888427 725143 1897638
2 41 1923781 0 1788888427 725230 1860367
0 82 1976661 0 1788888427 789306 1932691
1 82 1966207 0 1788888427 789427 1943894
3 41 1978089 0 1788888427 790026 1912894
0 83 2009931 0 1788888427 859034 1961772
1 83 1975087 0 1788888427 859188 1954802
2 42 2021665 0 1788888427 859420 1951400
0 84 1919397 0 1788888427 924422 1875733
1 84 1879404 0 1788888427 924586 1859494
3 42 1977754 0 1788888427 924722 1911868
0 85 1909588 0 1788888427 992430 1861976
1 85 1907299 0 1788888427 992635 1885853
2 43 1936719 0 1788888427 992803 1868169
0 86 1943514 0 1788888428 60553 1900822
1 86 1873864 0 1788888428 60702 1853425
3 43 1971785 0 1788888428 60835 1903229
0 87 1928863 0 1788888428 128787 1882252
1 87 1919990 0 1788888428 128957 1897873
2 44 1934454 0 1788888428 129089 1865776
0 88 1965916 0 1788888428 196594 1921564
1 88 1938408 0 1788888428 196742 1917121
3 44 1984864 0 1788888428 196881 1916611
0 89 1918855 0 1788888428 272735 1871838
1 89 1903834 0 1788888428 272917 1878467
2 45 1933180 0 1788888428 273046 1856563
0 90 1938477 0 1788888428 346464 1887003
1 90 1932937 0 1788888428 346767 1908241
3 45 1966148 0 1788888428 347181 1891556
0 91 1960661 0 1788888428 427083 1909522
1 91 1909737 0 1788888428 427271 1883383
2 46 1992264 0 1788888428 427453 1910658
0 92 1962986 0 1788888428 506052 1911383
1 92 1946775 0 1788888428 506229 1920105
3 46 1975033 0 1788888428 506330 1895541
0 93 1983990 0 1788888428 589608 1925452
1 93 1979120 0 1788888428 589731 1948779
2 47 1997699 0 1788888428 589869 1913690
0 94 2020083 0 1788888428 668319 1964927
1 94 1938627 0 1788888428 668638 1909533
3 47 2058811 0 1788888428 670237 1978003
0 95 1959518 0 1788888428 753899 1905746
1 95 1951376 0 1788888428 755320 1923074
2 48 1995642 0 1788888428 755875 1907382
0 96 2028896 0 1788888428 856149 1952044
1 96 2028083 0 1788888428 856308 1983701
3 48 2041444 0 1788888428 856499 1938492
0 97 2132954 0 1788888428 976452 2047263
1 97 2128683 0 1788888428 976629 2086587
2 49 2145700 0 1788888428 976828 2024778
0 98 2123177 0 1788888429 46514 2080407
1 98 2105090 0 1788888429 46738 2082872
3 49 2137113 0 1788888429 46833 2066473
0 99 2142998 0 1788888429 123269 2093107
1 99 2140532 0 1788888429 123865 2114951
2 50 2164789 0 1788888429 124016 2087038
0 100 2159286 0 1788888429 206742 2106292
1 100 2144235 0 1788888429 206988 2115122
3 50 2219312 0 1788888429 207229 2135176
0 101 2218022 0 1788888429 288725 2160178
1 101 2204581 0 1788888429 288845 2176703
2 51 2223509 0 1788888429 288943 2141127
0 102 2274899 0 1788888429 373334 2215230
1 102 2261328 0 1788888429 373461 2232705
3 51 2288903 0 1788888429 373561 2203770
0 103 2339914 0 1788888429 454372 2287654
1 103 2331390 0 1788888429 454602 2303152
2 52 2342195 0 1788888429 455251 2260042
0 104 2357778 0 1788888429 540167 2309241
1 104 2355900 0 1788888429 540305 2330902
3 52 2414960 0 1788888429 540424 2328634
0 105 2416900 0 1788888429 616049 2367927
1 105 2394244 0 1788888429 617837 2369344
2 53 2423767 0 1788888429 618094 2345696
0 106 2446748 0 1788888429 694113 2394235
1 106 2430159 0 1788888429 694280 2399955
3 53 2460700 0 1788888429 694381 2382016
0 107 2499432 0 1788888429 775030 2443779
1 107 2494853 0 1788888429 775201 2468276
2 54 2503114 0 1788888429 775881 2421156
0 108 2543994 0 1788888429 856991 2493700
1 108 2497612 0 1788888429 857168 2471630
3 54 2548588 0 1788888429 857302 2466020
0 109 2554153 0 1788888429 952365 2494138
1 109 2534682 0 1788888429 952543 2503669
2 55 2577068 0 1788888429 952842 2481048
0 110 2613063 0 1788888430 33253 2565314
1 110 2592781 0 1788888430 33500 2568942
3 55 2616808 0 1788888430 35972 2532155
0 111 2685769 0 1788888430 157078 2603379
1 111 2627706 0 1788888430 157246 2584881
2 56 2692087 0 1788888430 157978 2567157
0 112 2727412 0 1788888430 269342 2655387
1 112 2721540 0 1788888430 269665 2693266
3 56 2736821 0 1788888430 271290 2622410
0 113 2797478 0 1788888430 378688 2728201
1 113 2793437 0 1788888430 379196 2759105
2 57 2823906 0 1788888430 379305 2713649
0 114 2785884 0 1788888430 473201 2730408
1 114 2772458 0 1788888430 473390 2746546
3 57 2804993 0 1788888430 473544 2708771
0 115 2815541 0 1788888430 548842 2765492
1 115 2806672 0 1788888430 549405 2783485
2 58 2839901 0 1788888430 550339 2762601
0 116 2874496 0 1788888430 625298 2828933
1 116 2872196 0 1788888430 625446 2849080
3 58 2876631 0 1788888430 625552 2799687
0 117 2901393 0 1788888430 696235 2854322
1 117 2885482 0 1788888430 696387 2863010
2 59 2915163 0 1788888430 696563 2843743
0 118 2940885 0 1788888430 774829 2886273
1 118 2940481 0 1788888430 775078 2913261
3 59 2944504 0 1788888430 775169 2865340
0 119 2983680 0 1788888430 861591 2924293
1 119 2959958 0 1788888430 861753 2931904
2 60 2985823 0 1788888430 861904 2898529
0 120 3022005 0 1788888430 964577 2953167
1 120 2962935 0 1788888430 964778 2929039
3 60 3025799 0 1788888430 965059 2922218
0 121 3058248 0 1788888431 95367 2971404
1 121 3018382 0 1788888431 95479 2980329
2 61 3059548 0 1788888431 95624 2928200
0 122 3105783 0 1788888431 212474 3031708
1 122 3090991 0 1788888431 212614 3059978
3 61 3129039 0 1788888431 212765 3011355
0 123 3184535 0 1788888431 330824 3115757
1 123 3175473 0 1788888431 331592 3142464
2 62 3189716 0 1788888431 331798 3070175
0 124 3211353 0 1788888431 411672 3162272
1 124 3200762 0 1788888431 411820 3177675
3 62 3231911 0 1788888431 411955 3150603
0 125 3237714 0 1788888431 495055 3176950
1 125 3224892 0 1788888431 495211 3189352
2 63 3265455 0 1788888431 495426 3181529
0 126 3222282 0 1788888431 586353 3161673
1 126 3207017 0 1788888431 586562 3175307
3 63 3287982 0 1788888431 586826 3195982
0 127 3243515 0 1788888431 662608 3192724
1 127 3199752 0 1788888431 663339 3172485
2 64 3266568 0 1788888431 663681 3189007
0 128 3257128 0 1788888431 748199 3200156
1 128 3220797 0 1788888431 748367 3188936
3 64 3259431 0 1788888431 748511 3173294
0 129 3253581 0 1788888431 831250 3202024
1 129 3249672 0 1788888431 831387 3224436
2 65 3283719 0 1788888431 831885 3199838
0 130 3271542 0 1788888431 912156 3217776
1 130 3264220 0 1788888431 912314 3234177
3 65 3298059 0 1788888431 912548 3216632
0 131 3193468 0 1788888431 999172 3139664
1 131 3177352 0 1788888431 999362 3151435
2 66 3213645 0 1788888431 999714 3125896
0 132 3256367 0 1788888432 90871 3192822
1 132 3254888 0 1788888432 91584 3215104
3 66 3265736 0 1788888432 91807 3172787
0 133 3301596 0 1788888432 175196 3241044
1 133 3277615 0 1788888432 175391 3247393
2 67 3322911 0 1788888432 175554 3238044
0 134 3327679 0 1788888432 253234 3279408
1 134 3283934 0 1788888432 253462 3262667
3 67 3333938 0 1788888432 253617 3255344
0 135 3324129 0 1788888432 328685 3273695
1 135 3277671 0 1788888432 328834 3248031
2 68 3352509 0 1788888432 328935 3276576
0 136 3323418 0 1788888432 396789 3277552
1 136 3323820 0 1788888432 397379 3302958
3 68 3334795 0 1788888432 397544 3265753
0 137 3382140 0 1788888432 509901 3316380
1 137 3370159 0 1788888432 510125 3333851
2 69 3430710 0 1788888432 510266 3317072
0 138 3446329 0 1788888432 632748 3359939
1 138 3430712 0 1788888432 632896 3388527
3 69 3459309 0 1788888432 633006 3335894
0 139 3493908 0 1788888432 730761 3440777
1 139 3488598 0 1788888432 730911 3463323
2 70 3519888 0 1788888432 731352 3421149
0 140 3537065 0 1788888432 813723 3483363
1 140 3530401 0 1788888432 814417 3500929
3 70 3555510 0 1788888432 814539 3471513
0 141 3522012 0 1788888432 883655 3476586
1 141 3517767 0 1788888432 883774 3495047
2 71 3570483 0 1788888432 884026 3500014
0 142 3535634 0 1788888432 967327 3483345
1 142 3530022 0 1788888432 967984 3503511
3 71 3598524 0 1788888432 968490 3513519
0 143 3611434 0 1788888433 74373 3538936
1 143 3599917 0 1788888433 77056 3557090
2 72 3637961 0 1788888433 77277 3527502
0 144 3678261 0 1788888433 177843 3602144
1 144 3676041 0 1788888433 178006 3633255
3 72 3694591 0 1788888433 181439 3586342
0 145 3766790 0 1788888433 296738 3692337
1 145 3758706 0 1788888433 296903 3723776
2 73 3778657 0 1788888433 297161 3659106
0 146 3837659 0 1788888433 386815 3778929
1 146 3813865 0 1788888433 386955 3783469
3 73 3852832 0 1788888433 391841 3757575
0 147 3822423 0 1788888433 469802 3769140
1 147 3817953 0 1788888433 469993 3793869
2 74 3838563 0 1788888433 470120 3755079
0 148 3853982 0 1788888433 561635 3797487
1 148 3849446 0 1788888433 561892 3820150
3 74 3898168 0 1788888433 563094 3804598
0 149 3920480 0 1788888433 645181 3862160
1 149 3861525 0 1788888433 645368 3828848
2 75 3923940 0 1788888433 645505 3839863
0 150 3900349 0 1788888433 731362 3839903
1 150 3900266 0 1788888433 731797 3869565
3 75 3910060 0 1788888433 732179 3822849
0 151 3968700 0 1788888433 830651 3908319
1 151 3962098 0 1788888433 830836 3931323
2 76 3998240 0 1788888433 830963 3898155
0 152 4042002 0 1788888433 937190 3964228
1 152 3966781 0 1788888433 937315 3933228
3 76 4055522 0 1788888433 938507 3947526
0 153 4060286 0 1788888434 64904 3964817
1 153 4041023 0 1788888434 67848 3979061
2 77 4076040 0 1788888434 67985 3944741
0 154 4125177 0 1788888434 198461 4039364
1 154 4120191 0 1788888434 198621 4072321
3 77 4162451 0 1788888434 198740 4028412
0 155 4190935 0 1788888434 376411 4070543
1 155 4189878 0 1788888434 376959 4127297
2 78 4267882 0 1788888434 377073 4089119
0 156 4291856 0 1788888434 533610 4195957
1 156 4266708 0 1788888434 533729 4225993
3 78 4316403 0 1788888434 534664 4157953
0 157 4351731 0 1788888434 650586 4275648
1 157 4340872 0 1788888434 650747 4303991
2 79 4358771 0 1788888434 650998 4240881
0 158 4391824 0 1788888434 745876 4326784
1 158 4369575 0 1788888434 746016 4336835
3 79 4402868 0 1788888434 746104 4307145
0 159 4444226 0 1788888434 836176 4384995
1 159 4435149 0 1788888434 836440 4402314
2 80 4451735 0 1788888434 836747 4360649
0 160 4570992 0 1788888434 987284 4483051
1 160 4538649 0 1788888434 987578 4505976
3 80 4572756 0 1788888434 987725 4420862
0 161 4622042 0 1788888435 94076 4552920
1 161 4618554 0 1788888435 94509 4578323
2 81 4625699 0 1788888435 95071 4517445
0 162 4537381 0 1788888435 200588 4469519
1 162 4526209 0 1788888435 201397 4489643
3 81 4645430 0 1788888435 202046 4537083
0 163 4596837 0 1788888435 317825 4517777
1 163 4576597 0 1788888435 322014 4526380
2 82 4614060 0 1788888435 322139 4491622
0 164 4648182 0 1788888435 472350 4545359
1 164 4646688 0 1788888435 472521 4603604
3 82 4689787 0 1788888435 472714 4534538
0 165 4720432 0 1788888435 576279 4658814
1 165 4717036 0 1788888435 576437 4687726
2 83 4721900 0 1788888435 576545 4617487
0 166 4819068 0 1788888435 681661 4750971
1 166 4818085 0 1788888435 681832 4784596
3 83 4820625 0 1788888435 682159 4714545
0 167 4848339 0 1788888435 780521 4785736
1 167 4774181 0 1788888435 780691 4743044
2 84 4854768 0 1788888435 780796 4755462
0 168 4854562 0 1788888435 869846 4795614
1 168 4849123 0 1788888435 870043 4821884
3 84 4859695 0 1788888435 870382 4769637
0 169 4955285 0 1788888435 992462 4868479
1 169 4903096 0 1788888435 995694 4853193
2 85 4973750 0 1788888435 995874 4847505
0 170 4988190 0 1788888436 109938 4921840
1 170 4985742 0 1788888436 110139 4951968
3 85 4992779 0 1788888436 110241 4874723
0 171 5065780 0 1788888436 196703 5011125
1 171 5056734 0 1788888436 196849 5030276
2 86 5066182 0 1788888436 196987 4978903
0 172 5144466 0 1788888436 307909 5065100
1 172 5135885 0 1788888436 308137 5100722
3 86 5162406 0 1788888436 308287 5050628
0 173 5199944 0 1788888436 402603 5135549
1 173 5193030 0 1788888436 403356 5160639
2 87 5230774 0 1788888436 403573 5134806
0 174 5247209 0 1788888436 500768 5177979
1 174 5239487 0 1788888436 503323 5194302
3 87 5264995 0 1788888436 503588 5163683
0 175 5365350 0 1788888436 677471 5239929
1 175 5241937 0 1788888436 677676 5177681
2 88 5401518 0 1788888436 679309 5222815
0 176 5406381 0 1788888436 860269 5279040
1 176 5398688 0 1788888436 860400 5334786
3 88 5415247 0 1788888436 860551 5231031
0 177 5540747 0 1788888437 33052 5442317
1 177 5526251 0 1788888437 34373 5474336
2 89 5549138 0 1788888437 35056 5374108
0 178 5624661 0 1788888437 166422 5538234
1 178 5606333 0 1788888437 167182 5553085
3 89 5653436 0 1788888437 167294 5518979
0 179 5669766 0 1788888437 313163 5560768
1 179 5667451 0 1788888437 313671 5619716
2 90 5751904 0 1788888437 313835 5603516
0 180 5795644 0 1788888437 466610 5696762
1 180 5790566 0 1788888437 470429 5743019
3 90 5819252 0 1788888437 470626 5661533
0 181 5888826 0 1788888437 653618 5770945
1 181 5871486 0 1788888437 653782 5816942
2 91 5959086 0 1788888437 656370 5769024
0 182 6000089 0 1788888437 790412 5925111
1 182 5925452 0 1788888437 790826 5879248
3 91 6004893 0 1788888437 791177 5867108
0 183 6042735 0 1788888437 936119 5937496
1 183 6010214 0 1788888437 937959 5952749
2 92 6056616 0 1788888437 938419 5905711
0 184 6141706 0 1788888438 101193 6038109
1 184 6125055 0 1788888438 101514 6071515
3 92 6154150 0 1788888438 101683 5985616
0 185 6251863 0 1788888438 256114 6150468
1 185 6231402 0 1788888438 256287 6187075
2 93 6263847 0 1788888438 257991 6106807
0 186 6359336 0 1788888438 408656 6260909
1 186 6337451 0 1788888438 408803 6297588
3 93 6381360 0 1788888438 408896 6228326
0 187 6465175 0 1788888438 550658 6373374
1 187 6447347 0 1788888438 550792 6402075
2 94 6480440 0 1788888438 551858 6337005
0 188 6531206 0 1788888438 688508 6442773
1 188 6530967 0 1788888438 688979 6489133
3 94 6545987 0 1788888438 689595 6406864
0 189 6595898 0 1788888438 832003 6498342
1 189 6591552 0 1788888438 832231 6543617
2 95 6604124 0 1788888438 837172 6455226
0 190 6712434 0 1788888438 986116 6614413
1 190 6682080 0 1788888438 986756 6634117
3 95 6732907 0 1788888438 986922 6577775
0 191 6764363 0 1788888439 149760 6647312
1 191 6691714 0 1788888439 149888 6624578
2 96 6798155 0 1788888439 154418 6629064
0 192 6855922 0 1788888439 364549 6730601
1 192 6822207 0 1788888439 365049 6762842
3 96 6877009 0 1788888439 365362 6661038
0 193 6896589 0 1788888439 474008 6878182
1 193 7177328 0 1788888439 765483 6944663
2 97 7191466 0 1788888439 768012 6787674
3 97 7178313 0 1788888439 768120 7031161
0 194 7352732 0 1788888439 972288 7144961
1 194 7346900 0 1788888439 972555 7218061
2 98 7317357 0 1788888439 972808 7248032
0 195 7421792 0 1788888440 88321 7345262
1 195 7400072 0 1788888440 91342 7352336
3 98 7429283 0 1788888440 91685 7309756
0 196 7450591 0 1788888440 218670 7371735
1 196 7402876 0 1788888440 218837 7364906
2 99 7489479 0 1788888440 218993 7357642
0 197 7457174 0 1788888440 323173 7389259
1 197 7450684 0 1788888440 323337 7416245
3 99 7476639 0 1788888440 324539 7370253
0 198 7556517 0 1788888440 460392 7466086
1 198 7534237 0 1788888440 460752 7494062
2 100 7561761 0 1788888440 460908 7423547
0 199 7643827 0 1788888440 576947 7567539
1 199 7628925 0 1788888440 579232 7592213
3 100 7652546 0 1788888440 579399 7533338
0 200 7658545 0 1788888440 664571 7601844
1 200 7640325 0 1788888440 664747 7610163
2 101 7714372 0 1788888440 667381 7623726
0 201 7670768 0 1788888440 743861 7620365
1 201 7646184 0 1788888440 744016 7621793
3 101 7716561 0 1788888440 745385 7635349
0 202 7731646 0 1788888440 838850 7676386
1 202 7648692 0 1788888440 839077 7619535
2 102 7736095 0 1788888440 839224 7640455
0 203 7732266 0 1788888440 951534 7655071
1 203 7621865 0 1788888440 951862 7577882
3 102 7737269 0 1788888440 955984 7619946
0 204 7700986 0 1788888441 65179 7631229
1 204 7673432 0 1788888441 65363 7641807
2 103 7729176 0 1788888441 65462 7614743
0 205 7759476 0 1788888441 176908 7687760
1 205 7737507 0 1788888441 177029 7708165
3 103 7760757 0 1788888441 178082 7647708
0 206 7827431 0 1788888441 275173 7762654
1 206 7826363 0 1788888441 275333 7792031
2 104 7829552 0 1788888441 275471 7730853
0 207 7900028 0 1788888441 354753 7849331
1 207 7889656 0 1788888441 354902 7864661
3 104 7902800 0 1788888441 355128 7822673
0 208 7923972 0 1788888441 423307 7877880
1 208 7915735 0 1788888441 423486 7892924
2 105 7924714 0 1788888441 423666 7855632
0 209 7913046 0 1788888441 489896 7868121
1 209 7878188 0 1788888441 490086 7857191
3 105 7942773 0 1788888441 490645 7875269
0 210 7917432 0 1788888441 552429 7875142
1 210 7886819 0 1788888441 552601 7864843
2 106 7928596 0 1788888441 552701 7865634
0 211 7959411 0 1788888441 635615 7904184
1 211 7940745 0 1788888441 635714 7911716
3 106 7967869 0 1788888441 637862 7882275
0 212 7998991 0 1788888441 710830 7951172
1 212 7989608 0 1788888441 711022 7969415
2 107 8012751 0 1788888441 711157 7937021
0 213 8030113 0 1788888441 777866 7985184
1 213 8023836 0 1788888441 778036 8002716
3 107 8049100 0 1788888441 778213 7981551
0 214 8054301 0 1788888441 847396 8008542
1 214 8042262 0 1788888441 847826 8018636
2 108 8079288 0 1788888441 848666 8008338
0 215 8087808 0 1788888441 918060 8041394
1 215 8053341 0 1788888441 918618 8027710
3 108 8102468 0 1788888441 919474 8030185
0 216 8087350 0 1788888442 12913 8019364
1 216 8033292 0 1788888442 13051 8000394
2 109 8095388 0 1788888442 13139 8000109
0 217 8061352 0 1788888442 92633 8008157
1 217 7962757 0 1788888442 92811 7939666
3 109 8080674 0 1788888442 92917 8000462
0 218 8020183 0 1788888442 169772 7969225
1 218 7990465 0 1788888442 169961 7964462
2 110 8028256 0 1788888442 170062 7950681
0 219 8052390 0 1788888442 236338 8007166
1 219 8051543 0 1788888442 236516 8027690
3 110 8053824 0 1788888442 236651 7986770
0 220 8114355 0 1788888442 310647 8061945
1 220 8109000 0 1788888442 310748 8084390
2 111 8115890 0 1788888442 310827 8041241
0 221 8150215 0 1788888442 398762 8093269
1 221 8141637 0 1788888442 399493 8111148
3 111 8194449 0 1788888442 399610 8105240
0 222 8198727 0 1788888442 485756 8141817
1 222 8191522 0 1788888442 485867 8163208
2 112 8224921 0 1788888442 485971 8136797
0 223 8250287 0 1788888442 560343 8200703
1 223 8244795 0 1788888442 560486 8220510
3 112 8263412 0 1788888442 563970 8185058
0 224 8318109 0 1788888442 670087 8244098
1 224 8316025 0 1788888442 670399 8275810
2 113 8341903 0 1788888442 670545 8231542
0 225 8359939 0 1788888442 764313 8293580
1 225 8331196 0 1788888442 764453 8295900
3 113 8375238 0 1788888442 764599 8280450
0 226 8363156 0 1788888442 845455 8312821
1 226 8341186 0 1788888442 845658 8315687
2 114 8402621 0 1788888442 845817 8320901
0 227 8363657 0 1788888442 933366 8309584
1 227 8336187 0 1788888442 933515 8310970
3 114 8410828 0 1788888442 933647 8322367
0 228 8387988 0 1788888443 10217 8337282
1 228 8372694 0 1788888443 10370 8349225
2 115 8394486 0 1788888443 10690 8316798
0 229 8372048 0 1788888443 106348 8312745
1 229 8336520 0 1788888443 106569 8306880
3 115 8375324 0 1788888443 106676 8278702
0 230 8387337 0 1788888443 226309 8298568
1 230 8342767 0 1788888443 227124 8296171
2 116 8448847 0 1788888443 227230 8327792
0 231 8433320 0 1788888443 334867 8365072
1 231 8425141 0 1788888443 335126 8395379
3 116 8449741 0 1788888443 335276 8340068
0 232 8442077 0 1788888443 445879 8360546
1 232 8428120 0 1788888443 446023 8389778
2 117 8505834 0 1788888443 446119 8394323
0 233 8416234 0 1788888443 552641 8360895
1 233 8415650 0 1788888443 552888 8391239
3 117 8512943 0 1788888443 553043 8405639
0 234 8491198 0 1788888443 650035 8427973
1 234 8491955 0 1788888443 651803 8455503
2 118 8503649 0 1788888443 652050 8404030
0 235 8547873 0 1788888443 733665 8491496
1 235 8530821 0 1788888443 733944 8502177
3 118 8569977 0 1788888443 734088 8484963
0 236 8530334 0 1788888443 829954 8470767
1 236 8497596 0 1788888443 830117 8469674
2 119 8587590 0 1788888443 830373 8490633
0 237 8566745 0 1788888443 920401 8502477
1 237 8562674 0 1788888443 920575 8531990
3 119 8578514 0 1788888443 920763 8487542
0 238 8636345 0 1788888444 21345 8564335
1 238 8635064 0 1788888444 22589 8597967
2 120 8664340 0 1788888444 22736 8561677
0 239 8762402 0 1788888444 164722 8655305
1 239 8760845 0 1788888444 164885 8706305
3 120 8776559 0 1788888444 165029 8632745
0 240 8877700 0 1788888444 289526 8799063
1 240 8877749 0 1788888444 289685 8841461
2 121 8880514 0 1788888444 289852 8755202
0 241 8970321 0 1788888444 393294 8899492
1 241 8963720 0 1788888444 393444 8929124
3 121 8981190 0 1788888444 393627 8876898
0 242 9056635 0 1788888444 512586 8979334
1 242 9036213 0 1788888444 513221 8998335
2 122 9073378 0 1788888444 513309 8953176
0 243 9103447 0 1788888444 642799 9027336
1 243 9033808 0 1788888444 643096 9003601
3 122 9122613 0 1788888444 643460 8991499
0 244 9110413 0 1788888444 768009 9035728
1 244 9109145 0 1788888444 768213 9073775
2 123 9121525 0 1788888444 768500 8995584
0 245 9184678 0 1788888444 864254 9119464
1 245 9164269 0 1788888444 864368 9130640
3 123 9200537 0 1788888444 864464 9103746
0 246 9227079 0 1788888444 964112 9164321
1 246 9221844 0 1788888444 964828 9197855
2 124 9234832 0 1788888444 964979 9133948
0 247 9213699 0 1788888445 39808 9165691
1 247 9212481 0 1788888445 39964 9187645
3 124 9225265 0 1788888445 40064 9149152
0 248 9269420 0 1788888445 112596 9220024
1 248 9246022 0 1788888445 112777 9223184
2 125 9281374 0 1788888445 112988 9208027
0 249 9310597 0 1788888445 183324 9262282
1 249 9307964 0 1788888445 183511 9287609
3 125 9311004 0 1788888445 183643 9239777
0 250 9335281 0 1788888445 253731 9288862
1 250 9189548 0 1788888445 253941 9164527
2 126 9358433 0 1788888445 255071 9286527
0 251 9235964 0 1788888445 327259 9187035
1 251 9210836 0 1788888445 327463 9183571
3 126 9243999 0 1788888445 327604 9169936
0 252 9290951 0 1788888445 414240 9229992
1 252 9286953 0 1788888445 414431 9251715
2 127 9296488 0 1788888445 414530 9209015
0 253 9360506 0 1788888445 512971 9298880
1 253 9343728 0 1788888445 513168 9310914
3 127 9363121 0 1788888445 513285 9263910
0 254 9421661 0 1788888445 631807 9347598
1 254 9392252 0 1788888445 632035 9353871
2 128 9455320 0 1788888445 632865 9335207
0 255 9484259 0 1788888445 729785 9416073
1 255 9461039 0 1788888445 729993 9421951
3 128 9486395 0 1788888445 730149 9387817
0 256 9548747 0 1788888445 825943 9484720
1 256 9538645 0 1788888445 826103 9504675
2 129 9551486 0 1788888445 826243 9454889
0 257 9617622 0 1788888445 924462 9549295
1 257 9602755 0 1788888445 924660 9568836
3 129 9619183 0 1788888445 924759 9520192
0 258 9664825 0 1788888446 15353 9612706
1 258 9645891 0 1788888446 15563 9619063
2 130 9666794 0 1788888446 16166 9574864
0 259 9699466 0 1788888446 101201 9645917
1 259 9695878 0 1788888446 101611 9670325
3 130 9717324 0 1788888446 102157 9630233
0 260 9746147 0 1788888446 181512 9699068
1 260 9706800 0 1788888446 181700 9685021
2 131 9757064 0 1788888446 181796 9676337
0 261 9752540 0 1788888446 251102 9707450
1 261 9748703 0 1788888446 251284 9724565
3 131 9763347 0 1788888446 251381 9693325
0 262 9809340 0 1788888446 349148 9747954
1 262 9810403 0 1788888446 351744 9777894
2 132 9854183 0 1788888446 356861 9748149
0 263 9841611 0 1788888446 444153 9792514
1 263 9809211 0 1788888446 444273 9782091
3 132 9892792 0 1788888446 444420 9796572
0 264 9867259 0 1788888446 531795 9812585
1 264 9849516 0 1788888446 531985 9818628
2 133 9869945 0 1788888446 532171 9781722
0 265 9802427 0 1788888446 614395 9755768
1 265 9800717 0 1788888446 614538 9779025
3 133 9925563 0 1788888446 614664 9842489
0 266 9873796 0 1788888446 699497 9815769
1 266 9860771 0 1788888446 699598 9830295
2 134 9880228 0 1788888446 700467 9793990
0 267 9886243 0 1788888446 785624 9830909
1 267 9877354 0 1788888446 785711 9850873
3 134 9930289 0 1788888446 785769 9843647
0 268 9936680 0 1788888446 864706 9890695
1 268 9915900 0 1788888446 864821 9893955
2 135 9953233 0 1788888446 864921 9873779
0 269 9930135 0 1788888446 959781 9876350
1 269 9903825 0 1788888446 960003 9874492
3 135 9978141 0 1788888446 960255 9882408
0 270 9928573 0 1788888447 40110 9877155
1 270 9891659 0 1788888447 40309 9867004
2 136 9929225 0 1788888447 40449 9848351
0 271 9947945 0 1788888447 118742 9898238
1 271 9935363 0 1788888447 118963 9914061
3 136 9958178 0 1788888447 119105 9878922
0 272 9961711 0 1788888447 198850 9911612
1 272 9957318 0 1788888447 199076 9935305
2 137 9985610 0 1788888447 199212 9904987
0 273 9962393 0 1788888447 271786 9911592
1 273 9949642 0 1788888447 272217 9921791
3 137 9965085 0 1788888447 272353 9891417
0 274 9977938 0 1788888447 341299 9934109
1 274 9964121 0 1788888447 341489 9941314
2 138 9981541 0 1788888447 341633 9911342
0 275 10026139 0 1788888447 422800 9969733
1 275 10020960 0 1788888447 423073 9992275
3 138 10031997 0 1788888447 423266 9949856
0 276 10078512 0 1788888447 504288 10020943
1 276 10063424 0 1788888447 504573 10034287
2 139 10083012 0 1788888447 504687 10000925
0 277 10132478 0 1788888447 586511 10079249
1 277 10121707 0 1788888447 586649 10093287
3 139 10138806 0 1788888447 587067 10055760
0 278 10166777 0 1788888447 660084 10119778
1 278 10149094 0 1788888447 660268 10124397
2 140 10167293 0 1788888447 660448 10093207
0 279 10214813 0 1788888447 728548 10168883
1 279 10214718 0 1788888447 728698 10191490
3 140 10216139 0 1788888447 728827 10147184
0 280 10251844 0 1788888447 807455 10197921
1 280 10247403 0 1788888447 808121 10219562
2 141 10255051 0 1788888447 808352 10175048
0 281 10288616 0 1788888447 880756 10239922
1 281 10282418 0 1788888447 881004 10260044
3 141 10308578 0 1788888447 881276 10234581
0 282 10348389 0 1788888447 970086 10292285
1 282 10348144 0 1788888447 970204 10319569
2 142 10372616 0 1788888447 973403 10279792
0 283 10368885 0 1788888448 49775 10320882
1 283 10365786 0 1788888448 49938 10343899
3 142 10414281 0 1788888448 50034 10334114
0 284 10432206 0 1788888448 134446 10378921
1 284 10400043 0 1788888448 134608 10374839
2 143 10441317 0 1788888448 134695 10356238
0 285 10460515 0 1788888448 209336 10412428
1 285 10459068 0 1788888448 209530 10433152
3 143 10468158 0 1788888448 209801 10392583
0 286 10512623 0 1788888448 280399 10467382
1 286 10511498 0 1788888448 280577 10490065
2 144 10524509 0 1788888448 281219 10452447
0 287 10575802 0 1788888448 370323 10522453
1 287 10535591 0 1788888448 370684 10512705
3 144 10579461 0 1788888448 371048 10488649
0 288 10612069 0 1788888448 485434 10527335
1 288 10604080 0 1788888448 485612 10567053
2 145 10641628 0 1788888448 485753 10526023
0 289 10627557 0 1788888448 576696 10574386
1 289 10559974 0 1788888448 576955 10534586
3 145 10664408 0 1788888448 577102 10572544
0 290 10618312 0 1788888448 668141 10559283
1 290 10611419 0 1788888448 668514 10583733
2 146 10621383 0 1788888448 669190 10528750
0 291 10694131 0 1788888448 757193 10634840
1 291 10675543 0 1788888448 757349 10647782
3 146 10699967 0 1788888448 759324 10608568
0 292 10723794 0 1788888448 827057 10680289
1 292 10697762 0 1788888448 827203 10674195
2 147 10728014 0 1788888448 827332 10657645
0 293 10754890 0 1788888448 907278 10700890
1 293 10747642 0 1788888448 907449 10720369
3 147 10760292 0 1788888448 907643 10679454
0 294 10770555 0 1788888448 985916 10721562
1 294 10759315 0 1788888448 988263 10736952
2 148 10790044 0 1788888448 988475 10708604
0 295 10750299 0 1788888449 52873 10709840
1 295 10727489 0 1788888449 53009 10707572
3 148 10768321 0 1788888449 53099 10700987
0 296 10784007 0 1788888449 119929 10742273
1 296 10723386 0 1788888449 120146 10702455
2 149 10790162 0 1788888449 120251 10722636
0 297 10788473 0 1788888449 193459 10744020
1 297 10760943 0 1788888449 193592 10737569
3 149 10793281 0 1788888449 193728 10719319
0 298 10764764 0 1788888449 260741 10719549
1 298 10760696 0 1788888449 261353 10736019
2 150 10802879 0 1788888449 261518 10734631
0 299 10702113 0 1788888449 329429 10655557
1 299 10688151 0 1788888449 329554 10664296
3 150 10715060 0 1788888449 329677 10645972
0 300 10716966 0 1788888449 393856 10674350
1 300 10714795 0 1788888449 393994 10691839
2 151 10750504 0 1788888449 394106 10685676
0 301 10761464 0 1788888449 460870 10716994
1 301 10759759 0 1788888449 461068 10736441
3 151 10768845 0 1788888449 461203 10701271
0 302 10768688 0 1788888449 531963 10721669
1 302 10739545 0 1788888449 532711 10717317
2 152 10812528 0 1788888449 532806 10740436
0 303 10749950 0 1788888449 608640 10697063
1 303 10747199 0 1788888449 609002 10722040
3 152 10785294 0 1788888449 610762 10706266
0 304 10781303 0 1788888449 679313 10736186
1 304 10777878 0 1788888449 679501 10754283
2 153 10794172 0 1788888449 679596 10723045
0 305 10820763 0 1788888449 741832 10778887
1 305 10782372 0 1788888449 742107 10760160
3 153 10840586 0 1788888449 742285 10777457
0 306 10790707 0 1788888449 802757 10752052
1 306 10770199 0 1788888449 802884 10751034
2 154 10830372 0 1788888449 803008 10769037
0 307 10833910 0 1788888449 867003 10793755
1 307 10763228 0 1788888449 867212 10741949
3 154 10834500 0 1788888449 867432 10769676
0 308 10824710 0 1788888449 943680 10771558
1 308 10790227 0 1788888449 943986 10766164
2 155 10837072 0 1788888449 944155 10759693
0 309 10851546 0 1788888450 15075 10802797
1 309 10844792 0 1788888450 15238 10820796
3 155 10855238 0 1788888450 15559 10783191
0 310 10840832 0 1788888450 92138 10789517
1 310 10824988 0 1788888450 92395 10797611
2 156 10894834 0 1788888450 93239 10816470
0 311 10843156 0 1788888450 166284 10794954
1 311 10842281 0 1788888450 166540 10820081
3 156 10867336 0 1788888450 166651 10792421
0 312 10879565 0 1788888450 244759 10828472
1 312 10858890 0 1788888450 244921 10830245
2 157 10889822 0 1788888450 245015 10810923
0 313 10918337 0 1788888450 318103 10873312
1 313 10917102 0 1788888450 318268 10894643
3 157 10923762 0 1788888450 318543 10849757
0 314 10976360 0 1788888450 401775 10922812
1 314 10938256 0 1788888450 401916 10913808
2 158 10976784 0 1788888450 402059 10892639
0 315 10958098 0 1788888450 480952 10904950
1 315 10944399 0 1788888450 481371 10913730
3 158 10978234 0 1788888450 481511 10898340
0 316 10972601 0 1788888450 590409 10902203
1 316 10968297 0 1788888450 590789 10932020
2 159 10983791 0 1788888450 591080 10872233
0 317 11040155 0 1788888450 704680 10972436
1 317 11030385 0 1788888450 704869 11002197
3 159 11068502 0 1788888450 705467 10953227
0 318 11069492 0 1788888450 785443 11016028
1 318 11057483 0 1788888450 785575 11026120
2 160 11104766 0 1788888450 785720 11023506
0 319 11140658 0 1788888450 877208 11080088
1 319 11136660 0 1788888450 877337 11104064
3 160 11148528 0 1788888450 877903 11055899
0 320 11210777 0 1788888450 984821 11140038
1 320 11172242 0 1788888450 984934 11138993
2 161 11224815 0 1788888450 985398 11115936
0 321 11238600 0 1788888451 106388 11153827
1 321 11197248 0 1788888451 107225 11152646
3 161 11271710 0 1788888451 108029 11148335
0 322 11267914 0 1788888451 234753 11186558
1 322 11256675 0 1788888451 235121 11213056
2 162 11271085 0 1788888451 235487 11141794
0 323 11317471 0 1788888451 334849 11259546
1 323 11303930 0 1788888451 335037 11272174
3 162 11345459 0 1788888451 335137 11244868
0 324 11333436 0 1788888451 423951 11280403
1 324 11331995 0 1788888451 424130 11305452
2 163 11385021 0 1788888451 424292 11295392
0 325 11409095 0 1788888451 521135 11338462
1 325 11388538 0 1788888451 521357 11347722
3 163 11421351 0 1788888451 523418 11321670
0 326 11456608 0 1788888451 618537 11396437
1 326 11441712 0 1788888451 619094 11408154
2 164 11467569 0 1788888451 619299 11369206
0 327 11468999 0 1788888451 673445 11466258
1 327 11543735 0 1788888451 772241 11484608
2 165 11529598 0 1788888451 772435 11495205
3 164 11592847 0 1788888451 772581 11438228
0 328 11615012 0 1788888451 863005 11524060
1 328 11602586 0 1788888451 863285 11551222
2 166 11595187 0 1788888451 867321 11563766
0 329 11692588 0 1788888451 999558 11593408
1 329 11626375 0 1788888451 999729 11579664
3 165 11700170 0 1788888451 999825 11563091
0 330 11795209 0 1788888452 172266 11677849
1 330 11788305 0 1788888452 172447 11730031
2 167 11795990 0 1788888452 172591 11622737
0 331 11905285 0 1788888452 317612 11810860
1 331 11893182 0 1788888452 317802 11846673
3 166 11913838 0 1788888452 322502 11763352
0 332 11959186 0 1788888452 421196 11898073
1 332 11883245 0 1788888452 421392 11855277
2 168 11987293 0 1788888452 421580 11883126
0 333 11983278 0 1788888452 530376 11909136
1 333 11975694 0 1788888452 530524 11937687
3 167 11990832 0 1788888452 530669 11881126
0 334 12029231 0 1788888452 620072 11967673
1 334 12028558 0 1788888452 620249 11993954
2 169 12050297 0 1788888452 620367 11960113
0 335 12070951 0 1788888452 738513 11995945
1 335 12046482 0 1788888452 738681 12007432
3 168 12140799 0 1788888452 738808 12020899
0 336 12148356 0 1788888452 914326 12016378
1 336 12139051 0 1788888452 914531 12076508
2 170 12181658 0 1788888452 919134 12000826
0 337 12234880 0 1788888453 55298 12151400
1 337 12225676 0 1788888453 59548 12184706
3 169 12254203 0 1788888453 59753 12108426
0 338 12338066 0 1788888453 211084 12245240
1 338 12333964 0 1788888453 211225 12287027
2 171 12342163 0 1788888453 211325 12185690
0 339 12364747 0 1788888453 315324 12308101
1 339 12310035 0 1788888453 315468 12282582
3 170 12379678 0 1788888453 315993 12274462
0 340 12423554 0 1788888453 461317 12318317
1 340 12397345 0 1788888453 461539 12353459
2 172 12460029 0 1788888453 466198 12308671
0 341 12436979 0 1788888453 554202 12381394
1 341 12285357 0 1788888453 554423 12259223
3 171 12442406 0 1788888453 554569 12348987
0 342 12291302 0 1788888453 639884 12237107
1 342 12288549 0 1788888453 640127 12264049
2 173 12347232 0 1788888453 640273 12260985
0 343 12338503 0 1788888453 720614 12290222
1 343 12333972 0 1788888453 720767 12310305
3 172 12340918 0 1788888453 720868 12259681
0 344 12408887 0 1788888453 804307 12352706
1 344 12404810 0 1788888453 804467 12376787
2 174 12412279 0 1788888453 805051 12327667
0 345 12477312 0 1788888453 896811 12415981
1 345 12466951 0 1788888453 897758 12433785
3 173 12491658 0 1788888453 897853 12397936
0 346 12540510 0 1788888453 980954 12483690
1 346 12491051 0 1788888453 981093 12463910
2 175 12545870 0 1788888453 981415 12461056
0 347 12554553 0 1788888454 56837 12505081
1 347 12528736 0 1788888454 57002 12503777
3 174 12566187 0 1788888454 57101 12489877
0 348 12525901 0 1788888454 131475 12478940
1 348 12519855 0 1788888454 131951 12494069
2 176 12597337 0 1788888454 132571 12521302
0 349 12555647 0 1788888454 200497 12511144
1 349 12537799 0 1788888454 200652 12515301
3 175 12556183 0 1788888454 200778 12486168
0 350 12574200 0 1788888454 270579 12528336
1 350 12538575 0 1788888454 270766 12517200
2 177 12607303 0 1788888454 270915 12536714
0 351 12502994 0 1788888454 344809 12455017
1 351 12476129 0 1788888454 345179 12450514
3 176 12515444 0 1788888454 345331 12440469
0 352 12541938 0 1788888454 423033 12491108
1 352 12535768 0 1788888454 423653 12513050
2 178 12552174 0 1788888454 423829 12471122
0 353 12603976 0 1788888454 512074 12546043
1 353 12585099 0 1788888454 512267 12557700
3 177 12607497 0 1788888454 512411 12517720
0 354 12661835 0 1788888454 607677 12592653
1 354 12634811 0 1788888454 607836 12598375
2 179 12676724 0 1788888454 607933 12580625
0 355 12686391 0 1788888454 713375 12620327
1 355 12669584 0 1788888454 713614 12636053
3 178 12736739 0 1788888454 714148 12630104
0 356 12774879 0 1788888454 838466 12697405
1 356 12768243 0 1788888454 839130 12734744
2 180 12778168 0 1788888454 839236 12652066
0 357 12814043 0 1788888454 975712 12713674
1 357 12782885 0 1788888454 975868 12737137
3 179 12846905 0 1788888454 980856 12704294
0 358 12846997 0 1788888455 107350 12769656
1 358 12824864 0 1788888455 108445 12786394
2 181 12849980 0 1788888455 108632 12716866
0 359 12921817 0 1788888455 221045 12853293
1 359 12909863 0 1788888455 221286 12874906
3 180 12926740 0 1788888455 221397 12811540
0 360 13007189 0 1788888455 333488 12932784
1 360 13003279 0 1788888455 333903 12971494
2 182 13014143 0 1788888455 334059 12900906
0 361 13083556 0 1788888455 435155 13018896
1 361 13082153 0 1788888455 435693 13050924
3 181 13088199 0 1788888455 436048 12985446
0 362 13110477 0 1788888455 530763 13051535
1 362 13097566 0 1788888455 531651 13066972
2 183 13113014 0 1788888455 531814 13016048
0 363 13175053 0 1788888455 626471 13116396
1 363 13173702 0 1788888455 632654 13139165
3 182 13192440 0 1788888455 632898 13089073
0 364 13251525 0 1788888455 732879 13191509
1 364 13243920 0 1788888455 732988 13216334
2 184 13260117 0 1788888455 733078 13153311
0 365 13319029 0 1788888455 825855 13262321
1 365 13303322 0 1788888455 826098 13279356
3 183 13334011 0 1788888455 826285 13240062
0 366 13333466 0 1788888455 930672 13265802
1 366 13274233 0 1788888455 931018 13240717
2 185 13354128 0 1788888455 931490 13248311
0 367 13304881 0 1788888456 8640 13251873
1 367 13281867 0 1788888456 9464 13254153
3 184 13337636 0 1788888456 9590 13258404
0 368 13334197 0 1788888456 94653 13283923
1 368 13312172 0 1788888456 95776 13287060
2 186 13336089 0 1788888456 95907 13248647
0 369 13386197 0 1788888456 180212 13330066
1 369 13349413 0 1788888456 180513 13323350
3 185 13393031 0 1788888456 180672 13306288
0 370 13360767 0 1788888456 258691 13311179
1 370 13355571 0 1788888456 258853 13331237
2 187 13378891 0 1788888456 259152 13299698
0 371 13420479 0 1788888456 358412 13359571
1 371 13409224 0 1788888456 358609 13375998
3 186 13427322 0 1788888456 358747 13327057
0 372 13491700 0 1788888456 452470 13427997
1 372 13467612 0 1788888456 452711 13438978
2 188 13499181 0 1788888456 452927 13404442
0 373 13509033 0 1788888456 542253 13450599
1 373 13503372 0 1788888456 543216 13468930
3 187 13553905 0 1788888456 543542 13462630
0 374 13559505 0 1788888456 623707 13508172
1 374 13532010 0 1788888456 623804 13506855
2 189 13572316 0 1788888456 623895 13490529
0 375 13547829 0 1788888456 709193 13492374
1 375 13531831 0 1788888456 709349 13505444
3 188 13554011 0 1788888456 710026 13467501
0 376 13504955 0 1788888456 800858 13445978
1 376 13467787 0 1788888456 801124 13435637
2 190 13537184 0 1788888456 801229 13444928
0 377 13515361 0 1788888456 893630 13455630
1 377 13424100 0 1788888456 893794 13393862
3 189 13551630 0 1788888456 893928 13458141
0 378 13492779 0 1788888456 988649 13434880
1 378 13381541 0 1788888456 988802 13353603
2 191 13502834 0 1788888456 988891 13407365
0 379 13457748 0 1788888457 84353 13395246
1 379 13409787 0 1788888457 84471 13376434
3 190 13461005 0 1788888457 85602 13363889
0 380 13521008 0 1788888457 233999 13425242
1 380 13519376 0 1788888457 234220 13476241
2 192 13549107 0 1788888457 234377 13398578
0 381 13598496 0 1788888457 336115 13536066
1 381 13592560 0 1788888457 336509 13564972
3 191 13616137 0 1788888457 336765 13513084
0 382 13642627 0 1788888457 429669 13579018
1 382 13638301 0 1788888457 429876 13602539
2 193 13684205 0 1788888457 430056 13590033
0 383 13702170 0 1788888457 529323 13636415
1 383 13645585 0 1788888457 529441 13611947
3 192 13711618 0 1788888457 533223 13607840
0 384 13638220 0 1788888457 619481 13581949
1 384 13618620 0 1788888457 619649 13589831
2 194 13731809 0 1788888457 619779 13641149
0 385 13653774 0 1788888457 706577 13591701
1 385 13641996 0 1788888457 706745 13611501
3 193 13685898 0 1788888457 706850 13598268
0 386 13668053 0 1788888457 795005 13607664
1 386 13633052 0 1788888457 795169 13597770
2 195 13693655 0 1788888457 796645 13603381
0 387 13631747 0 1788888457 884307 13576172
1 387 13603557 0 1788888457 885005 13573879
3 194 13699467 0 1788888457 885127 13609095
0 388 13637446 0 1788888457 957387 13589954
1 388 13626123 0 1788888457 957560 13603462
2 196 13667760 0 1788888457 957703 13594010
0 389 13650961 0 1788888458 26693 13606206
1 389 13648549 0 1788888458 26903 13626824
3 195 13664327 0 1788888458 27316 13594246
0 390 13612287 0 1788888458 103239 13565768
1 390 13605665 0 1788888458 103417 13580311
2 197 13676384 0 1788888458 103550 13599337
0 391 13640496 0 1788888458 173604 13591567
1 391 13640896 0 1788888458 174318 13616816
3 196 13645098 0 1788888458 174417 13573741
0 392 13686144 0 1788888458 242441 13640353
1 392 13673604 0 1788888458 242608 13651497
2 198 13702223 0 1788888458 242742 13632924
0 393 13711580 0 1788888458 312101 13669387
1 393 13705843 0 1788888458 312296 13684742
3 197 13739255 0 1788888458 312423 13669128
0 394 13724509 0 1788888458 377847 13681852
1 394 13721001 0 1788888458 378030 13700630
2 199 13755912 0 1788888458 378142 13689667
0 395 13745298 0 1788888458 441852 13704001
1 395 13702829 0 1788888458 442483 13682512
3 198 13749441 0 1788888458 442635 13684510
0 396 13750951 0 1788888458 502425 13710225
1 396 13740240 0 1788888458 502561 13720495
2 200 13758988 0 1788888458 502712 13697978
0 397 13797394 0 1788888458 563885 13755131
1 397 13788143 0 1788888458 564148 13765465
3 199 13800135 0 1788888458 564319 13738087
0 398 13831280 0 1788888458 644674 13776550
1 398 13825126 0 1788888458 645038 13798889
2 201 13857033 0 1788888458 645263 13775166
0 399 13845838 0 1788888458 736391 13787392
1 399 13830289 0 1788888458 736545 13798872
3 200 13850632 0 1788888458 736681 13758430
0 400 13948474 0 1788888458 869201 13854943
1 400 13894361 0 1788888458 869358 13863427
2 202 13955060 0 1788888458 869830 13821399
0 401 13980187 0 1788888458 973526 13915293
1 401 13972535 0 1788888458 973639 13937977
3 201 13996193 0 1788888458 973757 13891442
0 402 14016630 0 1788888459 53102 13966651
1 402 13921655 0 1788888459 53264 13896339
2 203 14050932 0 1788888459 53410 13970753
0 403 13981144 0 1788888459 135821 13925366
1 403 13960351 0 1788888459 136004 13936281
3 202 13987631 0 1788888459 136096 13904440
0 404 14019748 0 1788888459 216104 13963067
1 404 14008670 0 1788888459 216367 13982406
2 204 14036844 0 1788888459 216530 13955926
0 405 14075833 0 1788888459 322495 13998803
1 405 14065614 0 1788888459 322650 14020412
3 203 14088736 0 1788888459 322739 13981597
0 406 14121171 0 1788888459 420104 14055861
1 406 14105535 0 1788888459 420267 14079521
2 205 14155477 0 1788888459 420402 14057369
0 407 14053595 0 1788888459 494791 14003422
1 407 14012331 0 1788888459 494989 13987813
3 204 14153322 0 1788888459 495128 14078101
0 408 13976084 0 1788888459 579724 13919393
1 408 13962476 0 1788888459 579876 13929181
2 206 14021426 0 1788888459 580050 13936001
0 409 14015123 0 1788888459 668168 13959281
1 409 14008181 0 1788888459 668299 13978891
3 205 14024291 0 1788888459 668391 13935481
0 410 13999485 0 1788888459 745929 13955913
1 410 13997671 0 1788888459 746192 13976385
2 207 14008773 0 1788888459 746750 13929976
0 411 14061365 0 1788888459 825563 14008496
1 411 14048999 0 1788888459 825765 14021390
3 206 14069988 0 1788888459 826037 13989721
0 412 14112286 0 1788888459 899600 14067498
1 412 14108827 0 1788888459 899756 14086093
2 208 14115653 0 1788888459 900006 14041002
0 413 14164077 0 1788888459 977131 14113615
1 413 14161157 0 1788888459 977251 14136679
3 207 14174081 0 1788888459 977404 14096074
0 414 14146400 0 1788888460 56312 14100440
1 414 14137624 0 1788888460 56454 14114753
2 209 14213265 0 1788888460 57122 14133073
0 415 14168944 0 1788888460 126895 14123735
1 415 14130149 0 1788888460 127087 14108458
3 208 14197973 0 1788888460 127171 14126961
0 416 14193186 0 1788888460 205764 14142299
1 416 14192234 0 1788888460 206030 14166783
2 210 14202349 0 1788888460 206334 14122718
0 417 14239384 0 1788888460 286826 14184911
1 417 14153649 0 1788888460 287086 14124182
3 209 14269980 0 1788888460 287232 14188343
0 418 14210801 0 1788888460 369145 14157033
1 418 14193030 0 1788888460 369378 14165951
2 211 14220480 0 1788888460 371351 14135730
0 419 14185923 0 1788888460 447578 14139520
1 419 14169702 0 1788888460 447735 14147678
3 210 14258745 0 1788888460 447889 14179775
0 420 14194132 0 1788888460 513510 14153396
1 420 14188583 0 1788888460 513627 14167955
2 212 14229721 0 1788888460 513776 14163374
0 421 14233758 0 1788888460 600336 14174725
1 421 14232323 0 1788888460 600445 14204868
3 211 14258311 0 1788888460 600745 14170927
0 422 14233945 0 1788888460 689051 14171781
1 422 14213995 0 1788888460 689665 14182960
2 213 14316071 0 1788888460 689850 14225727
0 423 14274320 0 1788888460 781995 14214489
1 423 14259180 0 1788888460 782119 14227680
3 212 14292828 0 1788888460 782256 14199404
0 424 14338216 0 1788888460 872288 14278542
1 424 14322933 0 1788888460 872443 14292594
2 214 14342930 0 1788888460 872624 14252088
0 425 14424629 0 1788888460 981871 14349097
1 425 14412871 0 1788888460 982037 14375351
3 213 14431018 0 1788888460 982187 14320910
0 426 14507486 0 1788888461 87496 14438260
1 426 14490170 0 1788888461 88228 14456764
2 215 14515247 0 1788888461 88336 14408579
0 427 14586258 0 1788888461 210605 14507975
1 427 14571737 0 1788888461 210701 14525771
3 214 14611060 0 1788888461 210822 14487600
0 428 14673050 0 1788888461 322288 14601216
1 428 14673080 0 1788888461 322668 14639007
2 216 14675312 0 1788888461 323252 14561929
0 429 14750053 0 1788888461 403886 14698566
1 429 14734807 0 1788888461 404019 14706744
3 215 14750839 0 1788888461 404177 14668621
0 430 14761440 0 1788888461 496240 14697708
1 430 14758829 0 1788888461 496413 14729111
2 217 14777703 0 1788888461 496581 14684791
0 431 14813599 0 1788888461 580726 14761409
1 431 14782198 0 1788888461 580886 14759958
3 216 14828746 0 1788888461 581027 14743684
0 432 14782050 0 1788888461 645333 14740276
1 432 14765254 0 1788888461 645476 14744956
2 218 14783684 0 1788888461 645579 14718672
0 433 14808229 0 1788888461 712375 14764123
1 433 14790902 0 1788888461 712541 14769194
3 217 14825502 0 1788888461 712711 14757977
0 434 14830436 0 1788888461 777717 14787794
1 434 14823780 0 1788888461 777879 14803038
2 219 14847609 0 1788888461 778011 14781808
0 435 14862215 0 1788888461 842025 14818059
1 435 14859289 0 1788888461 842150 14838551
3 218 14873118 0 1788888461 842256 14808427
0 436 14906324 0 1788888461 905122 14863197
1 436 14883693 0 1788888461 905404 14861162
2 220 14915474 0 1788888461 905651 14851693
0 437 14912448 0 1788888461 984529 14857445
1 437 14910724 0 1788888461 984721 14884165
3 219 14921113 0 1788888461 984819 14841229
0 438 14955862 0 1788888462 54158 14909728
1 438 14938368 0 1788888462 55187 14913150
2 221 14979828 0 1788888462 55344 14908831
0 439 14976316 0 1788888462 123729 14931762
1 439 14948917 0 1788888462 123874 14925045
3 220 14982945 0 1788888462 124138 14912759
0 440 14981160 0 1788888462 197543 14931854
1 440 14972262 0 1788888462 197719 14952894
2 222 14984825 0 1788888462 198091 14910319
0 441 14900718 0 1788888462 272281 14848471
1 441 14896599 0 1788888462 272454 14866980
3 221 14997397 0 1788888462 273012 14921771
0 442 14919602 0 1788888462 359316 14865386
1 442 14888726 0 1788888462 359518 14860848
2 223 14939375 0 1788888462 360638 14850775
0 443 14951152 0 1788888462 440591 14896226
1 443 14943472 0 1788888462 440781 14919704
3 222 14963596 0 1788888462 440925 14881805
0 444 14964792 0 1788888462 501820 14923788
1 444 14953699 0 1788888462 503247 14931274
2 224 14977276 0 1788888462 503491 14914190
0 445 15004842 0 1788888462 566229 14963064
1 445 14973064 0 1788888462 566386 14951466
3 223 15016781 0 1788888462 567113 14951209
0 446 15014982 0 1788888462 639564 14966137
1 446 14970127 0 1788888462 639705 14943167
2 225 15033150 0 1788888462 639837 14959381
0 447 15015057 0 1788888462 707535 14969750
1 447 15007081 0 1788888462 707647 14982538
3 224 15024491 0 1788888462 707778 14956102
0 448 15031429 0 1788888462 773300 14988606
1 448 15030755 0 1788888462 773481 15007401
2 226 15045167 0 1788888462 773620 14978813
0 449 15079854 0 1788888462 833438 15040790
1 449 15047630 0 1788888462 833556 15026933
3 225 15088163 0 1788888462 834090 15027086
0 450 15041164 0 1788888462 898848 14999121
1 450 15031450 0 1788888462 899065 15009997
2 227 15096979 0 1788888462 899226 15031046
0 451 15082990 0 1788888462 963618 15040127
1 451 15072033 0 1788888462 964046 15050366
3 226 15087068 0 1788888462 964148 15021655
0 452 15115446 0 1788888463 41076 15063673
1 452 15089739 0 1788888463 41262 15064178
2 228 15147710 0 1788888463 41399 15069739
0 453 15158869 0 1788888463 114868 15107862
1 453 15122122 0 1788888463 115481 15096440
3 227 15163059 0 1788888463 115912 15088070
0 454 15163085 0 1788888463 189222 15118180
1 454 15149338 0 1788888463 189377 15125541
2 229 15184598 0 1788888463 189478 15109824
0 455 15187327 0 1788888463 257121 15141876
1 455 15111028 0 1788888463 257222 15085727
3 228 15188578 0 1788888463 257312 15120262
0 456 15148356 0 1788888463 324873 15103450
1 456 15137153 0 1788888463 325153 15112610
2 230 15167158 0 1788888463 325559 15098581
0 457 15211770 0 1788888463 427412 15137735
1 457 15180727 0 1788888463 428105 15146801
3 229 15217691 0 1788888463 428308 15114148
0 458 15124667 0 1788888463 514569 15069283
1 458 15059845 0 1788888463 514907 15029010
2 231 15127728 0 1788888463 515339 15039562
0 459 15173115 0 1788888463 635466 15087952
1 459 15162305 0 1788888463 635712 15120890
3 230 15177968 0 1788888463 635870 15056037
0 460 15266929 0 1788888463 744440 15195467
1 460 15245531 0 1788888463 744525 15207855
2 232 15268703 0 1788888463 744592 15159363
0 461 15319415 0 1788888463 832474 15258593
1 461 15319075 0 1788888463 833258 15290897
3 231 15321636 0 1788888463 833401 15232576
0 462 15342449 0 1788888463 913905 15288127
1 462 15338473 0 1788888463 914061 15313748
2 233 15372471 0 1788888463 914209 15290631
0 463 15398640 0 1788888463 997506 15343489
1 463 15374476 0 1788888463 997881 15342776
3 232 15414583 0 1788888463 998419 15329910
0 464 15440900 0 1788888464 81663 15388624
1 464 15430593 0 1788888464 82035 15404270
2 234 15443283 0 1788888464 82357 15358022
0 465 15494856 0 1788888464 165271 15447407
1 465 15494047 0 1788888464 165438 15472841
3 233 15495858 0 1788888464 165799 15411550
0 466 15534372 0 1788888464 241591 15483396
1 466 15515938 0 1788888464 241766 15487494
2 235 15540217 0 1788888464 241941 15463394
0 467 15538370 0 1788888464 310058 15495172
1 467 15454543 0 1788888464 310182 15434261
3 234 15547916 0 1788888464 310587 15478754
0 468 15444461 0 1788888464 389094 15391042
1 468 15418511 0 1788888464 389301 15392299
2 236 15496096 0 1788888464 389394 15416605
0 469 15462648 0 1788888464 456655 15419268
1 469 15461582 0 1788888464 456966 15438052
3 235 15467859 0 1788888464 457110 15399604
0 470 15514033 0 1788888464 542214 15459360
1 470 15478321 0 1788888464 542641 15447599
2 237 15516960 0 1788888464 542826 15430454
0 471 15435067 0 1788888464 631124 15384270
1 471 15433482 0 1788888464 631313 15410553
3 236 15559465 0 1788888464 631453 15470014
0 472 15451839 0 1788888464 717344 15395340
1 472 15443274 0 1788888464 717459 15414818
2 238 15510375 0 1788888464 717579 15423710
0 473 15508551 0 1788888464 797099 15455925
1 473 15472120 0 1788888464 797209 15445068
3 237 15511218 0 1788888464 799286 15428381
0 474 15536244 0 1788888464 885483 15481375
1 474 15507321 0 1788888464 885905 15479674
2 239 15544111 0 1788888464 889406 15451627
0 475 15507834 0 1788888464 982117 15445785
1 475 15502164 0 1788888464 982238 15467061
3 238 15539963 0 1788888464 982363 15442781
0 476 15508338 0 1788888465 80884 15447356
1 476 15498078 0 1788888465 81253 15467983
2 240 15589763 0 1788888465 82048 15489641
0 477 15545404 0 1788888465 177289 15484154
1 477 15532225 0 1788888465 177420 15502710
3 239 15589036 0 1788888465 179352 15490328
0 478 15574518 0 1788888465 275588 15511739
1 478 15532325 0 1788888465 275809 15500335
2 241 15608827 0 1788888465 276220 15509733
0 479 15596307 0 1788888465 352390 15546263
1 479 15585368 0 1788888465 352758 15560412
3 240 15603568 0 1788888465 353052 15525900
0 480 15606316 0 1788888465 444108 15549532
1 480 15604144 0 1788888465 444315 15577309
2 242 15662871 0 1788888465 446805 15567891
0 481 15687872 0 1788888465 542209 15627328
1 481 15681689 0 1788888465 543635 15654927
3 241 15699132 0 1788888465 543870 15599157
0 482 15762722 0 1788888465 636647 15703637
1 482 15750387 0 1788888465 636880 15721911
2 243 15765955 0 1788888465 637503 15670435
0 483 15811523 0 1788888465 714043 15764164
1 483 15811513 0 1788888465 714183 15785613
3 242 15821419 0 1788888465 714614 15743256
0 484 15886713 0 1788888465 828568 15804952
1 484 15877119 0 1788888465 828728 15842017
2 244 15926791 0 1788888465 830013 15810659
0 485 15949293 0 1788888465 941215 15876772
1 485 15932041 0 1788888465 941381 15904294
3 243 15959813 0 1788888465 941552 15846621
0 486 15993508 0 1788888466 18920 15941009
1 486 15991194 0 1788888466 19512 15964883
2 245 16006540 0 1788888466 19682 15927847
0 487 15950008 0 1788888466 103377 15897085
1 487 15894982 0 1788888466 103574 15868974
3 244 16054641 0 1788888466 103671 15969695
0 488 15977762 0 1788888466 195512 15915681
1 488 15951467 0 1788888466 196251 15920694
2 246 15986993 0 1788888466 196453 15893636
0 489 16037331 0 1788888466 284940 15981444
1 489 16023072 0 1788888466 285338 15993854
3 245 16038410 0 1788888466 285454 15948277
0 490 16065869 0 1788888466 381598 16008471
1 490 16035473 0 1788888466 381816 16008393
2 247 16088490 0 1788888466 381955 15990944
0 491 16102542 0 1788888466 467726 16047781
1 491 16097193 0 1788888466 467958 16065260
3 246 16107503 0 1788888466 468252 16020661
0 492 16168387 0 1788888466 581410 16092775
1 492 16149306 0 1788888466 582174 16105714
2 248 16197883 0 1788888466 582485 16083029
0 493 16249828 0 1788888466 686829 16176408
1 493 16239900 0 1788888466 687036 16204801
3 247 16250239 0 1788888466 687162 16143895
0 494 16239413 0 1788888466 723900 16236024
1 494 16340222 0 1788888466 828882 16273681
2 249 16346311 0 1788888466 829028 16203931
3 248 16328937 0 1788888466 829119 16296236
0 495 16350060 0 1788888466 916489 16262246
1 495 16346803 0 1788888466 916679 16288259
2 250 16325837 0 1788888466 916800 16295107
0 496 16402130 0 1788888467 441 16348441
1 496 16388083 0 1788888467 678 16358653
3 249 16403687 0 1788888467 1038 16318967
0 497 16449333 0 1788888467 86596 16394892
1 497 16422340 0 1788888467 86872 16391112
2 251 16460223 0 1788888467 87232 16373257
0 498 16517440 0 1788888467 195250 16440472
1 498 16515943 0 1788888467 195387 16471542
3 250 16523090 0 1788888467 195500 16414015
0 499 16615393 0 1788888467 329033 16529038
1 499 16602239 0 1788888467 329235 16552722
2 252 16629120 0 1788888467 329463 16494444
0 500 16680918 0 1788888467 443260 16600638
1 500 16660655 0 1788888467 443466 16617696
3 251 16697216 0 1788888467 443649 16582400
0 501 16675938 0 1788888467 577287 16581270
1 501 16610341 0 1788888467 577507 16548329
2 253 16799487 0 1788888467 582337 16660176
0 502 16710040 0 1788888467 688678 16640043
1 502 16699048 0 1788888467 689043 16665756
3 252 16713405 0 1788888467 689507 16600437
0 503 16695041 0 1788888467 784896 16641435
1 503 16683043 0 1788888467 785147 16653835
2 254 16723602 0 1788888467 785850 16626201
0 504 16734264 0 1788888467 870343 16679317
1 504 16698033 0 1788888467 870603 16667212
3 253 16743666 0 1788888467 870835 16657560
0 505 16831012 0 1788888468 38181 16718669
1 505 16819760 0 1788888468 38383 16768987
2 255 16867815 0 1788888468 42990 16694920
0 506 16945778 0 1788888468 185508 16853707
1 506 16921513 0 1788888468 194487 16857182
3 254 16970940 0 1788888468 194825 16814172
0 507 17013852 0 1788888468 296745 16950743
1 507 17012617 0 1788888468 296949 16981993
2 256 17022283 0 1788888468 297560 16910024
0 508 17060223 0 1788888468 403218 16986561
1 508 17035996 0 1788888468 403456 17000188
3 255 17087574 0 1788888468 403644 16980461
0 509 17123969 0 1788888468 497677 17063623
1 509 17106734 0 1788888468 497874 17080525
2 257 17126771 0 1788888468 498014 17031370
0 510 17146843 0 1788888468 585399 17086630
1 510 17109657 0 1788888468 585559 17078861
3 256 17186813 0 1788888468 585698 17098606
0 511 17171297 0 1788888468 665470 17119633
1 511 17123106 0 1788888468 665651 17096843
2 258 17177050 0 1788888468 666348 17095869
0 512 17162712 0 1788888468 747482 17108474
1 512 17160393 0 1788888468 747595 17131120
3 257 17163429 0 1788888468 747773 17080846
0 513 17248256 0 1788888468 867587 17164562
1 513 17226656 0 1788888468 867745 17177463
2 259 17270683 0 1788888468 872488 17145430
0 514 17371262 0 1788888469 52279 17256633
1 514 17324716 0 1788888469 52488 17266480
3 258 17376557 0 1788888469 52710 17191305
0 515 17529880 0 1788888469 266268 17399791
1 515 17482101 0 1788888469 271602 17415926
2 260 17536129 0 1788888469 272335 17315689
0 516 17580416 0 1788888469 448957 17484493
1 516 17567164 0 1788888469 449129 17522443
3 259 17596532 0 1788888469 449234 17413321
0 517 17600336 0 1788888469 552677 17528117
1 517 17570322 0 1788888469 552912 17528608
2 261 17639126 0 1788888469 553069 17534776
0 518 17707452 0 1788888469 707308 17593203
1 518 17691641 0 1788888469 712892 17613413
3 260 17719794 0 1788888469 713296 17559020
0 519 17778357 0 1788888469 866219 17671608
1 519 17764706 0 1788888469 871979 17702973
2 262 17793690 0 1788888469 872171 17628404
0 520 17947777 0 1788888470 87208 17819199
1 520 17946747 0 1788888470 92111 17874953
3 261 17976769 0 1788888470 92703 17748388
0 521 18114955 0 1788888470 340416 17941661
1 521 18093399 0 1788888470 340761 18005996
2 263 18181524 0 1788888470 340871 17927049
0 522 18257172 0 1788888470 537227 18118446
1 522 18231322 0 1788888470 537513 18155668
3 262 18270679 0 1788888470 537648 18073242
0 523 18387722 0 1788888470 737358 18234614
1 523 18390194 0 1788888470 740415 18309140
2 264 18401950 0 1788888470 740749 18197260
2 265 18542570 0 1788888470 957959 18539357
0 524 18650167 0 1788888471 43036 18458174
1 524 18628738 0 1788888471 43237 18481378
3 263 18681085 0 1788888471 43904 18369425
0 525 18781141 0 1788888471 203448 18704380
1 525 18749791 0 1788888471 204011 18717914
2 266 18782149 0 1788888471 204201 18620210
0 526 18811064 0 1788888471 338993 18725981
1 526 18810708 0 1788888471 339207 18769757
3 264 18849544 0 1788888471 340428 18712133
0 527 18929535 0 1788888471 467751 18845760
1 527 18918380 0 1788888471 467979 18880794
2 267 18934626 0 1788888471 471441 18801919
0 528 18964945 0 1788888471 593736 18879134
1 528 18934425 0 1788888471 593911 18888164
3 265 19005989 0 1788888471 594081 18879111
0 529 19025545 0 1788888471 736151 18932707
1 529 19021930 0 1788888471 736303 18976788
2 268 19033276 0 1788888471 742656 18884174
0 530 19107373 0 1788888471 854078 19027627
1 530 19103309 0 1788888471 854272 19059395
3 266 19134023 0 1788888471 857351 19012692
0 531 19176479 0 1788888471 986534 19089194
1 531 19165393 0 1788888471 986730 19122189
2 269 19213864 0 1788888471 986864 19080862
0 532 19243247 0 1788888472 111575 19157921
1 532 19222566 0 1788888472 111830 19179535
3 267 19289406 0 1788888472 117820 19157836
0 533 19358796 0 1788888472 264227 19255794
1 533 19352983 0 1788888472 264374 19302053
2 270 19365798 0 1788888472 264522 19212663
0 534 19486546 0 1788888472 413721 19398144
1 534 19478076 0 1788888472 413879 19434920
3 268 19488243 0 1788888472 415203 19337054
0 535 19621134 0 1788888472 572594 19515773
1 535 19619758 0 1788888472 572724 19553736
2 271 19625337 0 1788888472 572825 19465562
0 536 19777426 0 1788888472 758369 19684273
1 536 19767039 0 1788888472 758489 19724783
3 269 19777990 0 1788888472 758586 19591624
0 537 19827257 0 1788888472 877634 19748292
1 537 19813640 0 1788888472 877818 19771763
2 272 19853534 0 1788888472 878040 19733414
0 538 19948670 0 1788888473 16270 19855895
1 538 19930237 0 1788888473 17176 19888801
3 270 19954060 0 1788888473 18847 19812466
0 539 19988874 0 1788888473 125620 19935829
1 539 19974979 0 1788888473 125723 19950363
2 273 19989255 0 1788888473 125858 19879353
0 540 20046682 0 1788888473 226748 19982678
1 540 20044900 0 1788888473 226871 20019208
3 271 20059164 0 1788888473 227084 19957572
0 541 20071538 0 1788888473 326993 20004675
1 541 19980408 0 1788888473 327119 19947445
2 274 20138887 0 1788888473 327257 20038183
0 542 20015139 0 1788888473 411538 19960394
1 542 20009306 0 1788888473 412400 19983677
3 272 20037329 0 1788888473 412583 19951490
0 543 20064037 0 1788888473 487359 20014976
1 543 20011881 0 1788888473 487567 19987177
2 275 20075668 0 1788888473 487709 19999268
0 544 20050661 0 1788888473 563202 20001588
1 544 20048938 0 1788888473 563406 20025083
3 273 20081058 0 1788888473 563559 20004684
0 545 20116092 0 1788888473 643116 20065538
1 545 20111315 0 1788888473 643274 20087848
2 276 20126925 0 1788888473 643379 20046539
0 546 20162470 0 1788888473 723402 20108131
1 546 20155438 0 1788888473 724031 20124361
3 274 20182774 0 1788888473 724193 20101414
0 547 20217577 0 1788888473 796665 20172230
1 547 20213429 0 1788888473 796820 20188809
2 277 20225042 0 1788888473 796904 20151367
0 548 20276806 0 1788888473 874519 20224707
1 548 20272725 0 1788888473 874794 20249953
3 275 20282449 0 1788888473 874990 20203939
0 549 20263689 0 1788888473 943630 20217174
1 549 20259110 0 1788888473 943807 20237116
2 278 20318053 0 1788888473 943943 20248441
0 550 20188142 0 1788888474 14517 20142909
1 550 20111722 0 1788888474 14858 20087615
3 276 20232250 0 1788888474 15882 20159843
0 551 20162002 0 1788888474 86099 20115163
1 551 20105399 0 1788888474 86286 20081189
2 279 20172756 0 1788888474 86386 20100578
0 552 20145855 0 1788888474 154712 20100448
1 552 20133035 0 1788888474 154888 20109791
3 277 20163136 0 1788888474 155227 20093813
0 553 20164407 0 1788888474 222385 20118825
1 553 20163949 0 1788888474 222523 20141601
2 280 20178140 0 1788888474 222639 20109992
0 554 20217211 0 1788888474 291043 20171183
1 554 20214280 0 1788888474 291183 20192035
3 278 20224807 0 1788888474 291321 20155627
0 555 20260151 0 1788888474 361538 20212756
1 555 20255853 0 1788888474 361727 20230790
2 281 20260928 0 1788888474 361865 20189875
0 556 20334456 0 1788888474 469552 20268605
1 556 20334179 0 1788888474 469701 20301930
3 279 20360064 0 1788888474 469823 20251572
0 557 20391263 0 1788888474 567777 20330860
1 557 20338332 0 1788888474 567960 20310764
2 282 20423387 0 1788888474 568099 20324682
0 558 20400957 0 1788888474 657554 20351055
1 558 20396057 0 1788888474 657869 20373054
3 280 20419062 0 1788888474 658013 20328619
0 559 20469893 0 1788888474 755582 20404431
1 559 20450162 0 1788888474 755776 20420116
2 283 20471439 0 1788888474 755876 20372960
0 560 20487548 0 1788888474 839004 20434884
1 560 20470447 0 1788888474 839196 20446812
3 281 20497857 0 1788888474 839281 20413943
0 561 20522454 0 1788888474 925475 20459606
1 561 20520621 0 1788888474 925977 20489962
2 284 20553843 0 1788888474 926691 20465906
0 562 20611370 0 1788888475 40951 20536224
1 562 20606568 0 1788888475 41119 20571862
3 282 20630032 0 1788888475 41371 20513638
0 563 20632961 0 1788888475 145551 20569622
1 563 20628633 0 1788888475 145659 20601497
2 285 20684048 0 1788888475 145749 20579009
0 564 20700415 0 1788888475 245301 20636769
1 564 20687214 0 1788888475 245456 20656145
3 283 20719072 0 1788888475 245598 20618855
0 565 20747432 0 1788888475 341092 20683938
1 565 20747331 0 1788888475 341233 20718541
2 286 20765379 0 1788888475 341901 20668573
0 566 20782977 0 1788888475 432733 20722748
1 566 20766961 0 1788888475 432904 20734890
3 284 20820406 0 1788888475 433006 20728322
0 567 20829307 0 1788888475 508573 20780908
1 567 20819530 0 1788888475 508755 20797359
2 287 20841925 0 1788888475 508873 20765559
0 568 20835100 0 1788888475 582852 20786898
1 568 20832380 0 1788888475 583106 20807269
3 285 20841488 0 1788888475 583205 20766656
0 569 20886723 0 1788888475 661536 20835712
1 569 20883812 0 1788888475 661699 20858946
2 288 20893906 0 1788888475 662383 20814167
0 570 20957374 0 1788888475 751445 20896667
1 570 20945802 0 1788888475 751740 20909103
3 286 20973792 0 1788888475 751851 20883283
0 571 20982795 0 1788888475 841746 20929940
1 571 20963589 0 1788888475 841935 20934523
2 289 20996727 0 1788888475 842079 20904750
0 572 21032221 0 1788888475 926757 20976049
1 572 21018299 0 1788888475 927308 20987926
3 287 21036849 0 1788888475 927949 20950437
0 573 21099057 0 1788888476 15556 21043102
1 573 21095773 0 1788888476 16164 21067901
2 290 21104298 0 1788888476 16344 21014528
0 574 21123452 0 1788888476 93121 21072809
1 574 21105094 0 1788888476 93334 21079541
3 288 21141789 0 1788888476 93483 21063691
0 575 21127262 0 1788888476 178335 21071145
1 575 21044197 0 1788888476 178522 21019665
2 291 21146530 0 1788888476 178989 21060502
0 576 21130044 0 1788888476 267415 21067203
1 576 21120723 0 1788888476 267600 21089507
3 289 21132808 0 1788888476 267692 21043287
0 577 21188164 0 1788888476 355077 21136304
1 577 21118582 0 1788888476 355727 21092856
2 292 21198588 0 1788888476 355880 21109910
0 578 21156055 0 1788888476 449444 21099629
1 578 21153089 0 1788888476 449609 21124934
3 290 21197077 0 1788888476 449752 21102122
0 579 21236382 0 1788888476 540731 21178349
1 579 21227794 0 1788888476 540894 21202558
2 293 21242854 0 1788888476 540988 21151135
0 580 21300965 0 1788888476 633726 21234911
1 580 21296420 0 1788888476 634731 21259063
3 291 21308009 0 1788888476 637202 21211363
0 581 21318201 0 1788888476 741706 21242531
1 581 21282202 0 1788888476 742413 21243354
2 294 21331724 0 1788888476 742590 21222432
0 582 21348395 0 1788888476 841873 21282454
1 582 21345472 0 1788888476 842713 21309532
3 292 21380616 0 1788888476 843114 21278997
0 583 21413820 0 1788888476 957194 21345129
1 583 21400794 0 1788888476 957265 21372882
2 295 21435955 0 1788888476 957424 21320055
0 584 21421893 0 1788888477 36054 21375060
1 584 21386304 0 1788888477 36273 21362631
3 293 21469751 0 1788888477 36409 21390370
0 585 21419709 0 1788888477 109449 21372029
1 585 21395890 0 1788888477 109568 21369737
2 296 21455795 0 1788888477 109703 21381888
0 586 21396637 0 1788888477 190873 21343227
1 586 21393770 0 1788888477 191288 21364432
3 294 21424870 0 1788888477 191388 21342734
0 587 21428095 0 1788888477 274908 21374405
1 587 21419213 0 1788888477 275127 21389507
2 297 21429171 0 1788888477 275267 21344551
0 588 21453481 0 1788888477 359323 21401398
1 588 21434450 0 1788888477 359487 21407625
3 295 21479575 0 1788888477 359618 21394647
0 589 21459237 0 1788888477 437470 21410243
1 589 21445180 0 1788888477 437952 21417720
2 298 21465647 0 1788888477 439270 21385516
0 590 21478954 0 1788888477 517944 21430683
1 590 21435578 0 1788888477 518426 21412733
3 296 21486788 0 1788888477 518551 21405386
0 591 21512719 0 1788888477 606771 21454612
1 591 21498899 0 1788888477 607055 21467114
2 299 21513318 0 1788888477 607361 21423691
0 592 21515764 0 1788888477 692233 21459091
1 592 21506108 0 1788888477 692486 21472096
3 297 21529727 0 1788888477 692669 21443632
0 593 21554539 0 1788888477 774060 21501223
1 593 21378815 0 1788888477 774249 21350543
2 300 21573736 0 1788888477 774398 21491374
0 594 21446318 0 1788888477 877113 21377796
1 594 21417673 0 1788888477 881467 21370032
3 298 21477631 0 1788888477 881662 21369800
0 595 21482602 0 1788888477 981135 21425601
1 595 21480638 0 1788888477 981295 21453380
2 301 21504142 0 1788888477 981414 21399539
0 596 21502197 0 1788888478 66159 21447210
1 596 21482275 0 1788888478 66280 21450104
3 299 21524099 0 1788888478 67278 21437790
0 597 21540214 0 1788888478 157182 21476097
1 597 21526748 0 1788888478 157582 21493848
2 302 21551548 0 1788888478 158056 21459478
0 598 21554247 0 1788888478 243070 21495382
1 598 21543747 0 1788888478 243357 21511103
3 300 21591698 0 1788888478 243462 21505195
0 599 21603051 0 1788888478 330202 21547608
1 599 21580734 0 1788888478 330445 21551911
2 303 21622849 0 1788888478 330546 21535110
0 600 21630220 0 1788888478 423688 21568150
1 600 21582314 0 1788888478 423880 21551214
3 301 21644212 0 1788888478 424699 21549542
0 601 21645541 0 1788888478 507549 21594128
1 601 21616164 0 1788888478 507879 21589232
2 304 21664601 0 1788888478 508188 21579880
0 602 21661263 0 1788888478 587335 21607687
1 602 21648957 0 1788888478 587527 21624847
3 302 21664287 0 1788888478 587629 21584021
0 603 21669854 0 1788888478 667349 21612406
1 603 21666894 0 1788888478 667694 21636649
2 305 21687990 0 1788888478 667847 21607216
0 604 21714518 0 1788888478 751102 21658185
1 604 21708026 0 1788888478 751285 21674422
3 303 21740092 0 1788888478 752245 21654917
0 605 21759118 0 1788888478 833694 21706957
1 605 21732018 0 1788888478 833785 21705881
2 306 21765153 0 1788888478 833866 21680573
0 606 21761385 0 1788888478 908435 21711210
1 606 21743149 0 1788888478 908767 21718915
3 304 21763087 0 1788888478 909168 21687441
0 607 21783135 0 1788888478 991237 21727098
1 607 21772809 0 1788888478 991444 21743680
2 307 21788571 0 1788888478 991583 21705257
0 608 21752308 0 1788888479 89285 21690534
1 608 21746647 0 1788888479 90019 21713787
3 305 21824585 0 1788888479 90165 21725272
0 609 21766363 0 1788888479 169292 21713114
1 609 21753779 0 1788888479 169486 21730007
2 308 21791779 0 1788888479 169637 21711192
0 610 21801940 0 1788888479 256516 21750580
1 610 21800766 0 1788888479 256765 21776013
3 306 21826978 0 1788888479 256926 21739174
0 611 21872244 0 1788888479 345122 21811998
1 611 21858425 0 1788888479 345277 21831152
2 309 21876057 0 1788888479 345439 21786932
0 612 21916781 0 1788888479 426115 21861832
1 612 21884845 0 1788888479 426836 21857409
3 307 21933692 0 1788888479 426965 21851682
0 613 21942973 0 1788888479 496222 21896648
1 613 21907197 0 1788888479 496413 21884320
2 310 21945712 0 1788888479 496549 21875137
0 614 21961057 0 1788888479 584227 21901237
1 614 21959552 0 1788888479 584350 21928000
3 308 21976191 0 1788888479 584725 21887422
0 615 22024973 0 1788888479 673800 21963317
1 615 22014035 0 1788888479 673975 21984876
2 311 22033135 0 1788888479 679222 21937914
0 616 21979941 0 1788888479 770578 21925929
1 616 21977790 0 1788888479 771630 21952055
3 309 21983559 0 1788888479 771829 21884896
0 617 21990207 0 1788888479 954775 21836693
1 617 21958163 0 1788888479 954901 21877267
2 312 22090371 0 1788888479 955055 21905682
0 618 22008137 0 1788888480 46115 21954009
1 618 21989826 0 1788888480 46259 21961350
3 310 22028319 0 1788888480 46352 21936546
0 619 21959122 0 1788888480 124424 21906660
1 619 21957443 0 1788888480 125040 21930535
2 313 22019443 0 1788888480 125298 21940097
0 620 22035842 0 1788888480 210346 21975113
1 620 22018893 0 1788888480 210541 21989500
3 311 22038516 0 1788888480 211076 21951678
0 621 22041269 0 1788888480 292335 21983952
1 621 22036832 0 1788888480 292601 22006680
2 314 22054049 0 1788888480 293053 21971189
0 622 22111424 0 1788888480 381223 22058334
1 622 22073311 0 1788888480 381349 22044575
3 312 22117501 0 1788888480 381450 22028024
0 623 22151015 0 1788888480 471062 22097457
1 623 22120433 0 1788888480 471225 22094898
2 315 22161901 0 1788888480 475403 22067524
0 624 22155879 0 1788888480 554426 22100942
1 624 22137873 0 1788888480 554590 22109130
3 313 22165119 0 1788888480 554713 22081122
0 625 22196980 0 1788888480 637845 22143355
1 625 22192711 0 1788888480 638001 22166048
2 316 22197967 0 1788888480 638195 22114014
0 626 22230204 0 1788888480 720752 22179105
1 626 22226324 0 1788888480 720912 22203017
3 314 22235795 0 1788888480 720993 22152442
0 627 22294670 0 1788888480 828500 22213758
1 627 22273447 0 1788888480 828674 22220573
2 317 22315054 0 1788888480 829926 22205654
0 628 22366510 0 1788888480 943067 22295800
1 628 22332078 0 1788888480 943185 22295134
3 315 22376853 0 1788888480 943360 22261770
0 629 22434027 0 1788888481 48286 22362532
1 629 22435134 0 1788888481 50781 22398568
2 318 22438998 0 1788888481 51022 22330820
0 630 22577365 0 1788888481 209008 22462286
1 630 22549901 0 1788888481 209137 22489684
3 316 22588365 0 1788888481 209329 22427196
0 631 22693052 0 1788888481 359788 22602735
1 631 22665719 0 1788888481 359909 22627324
2 319 22702651 0 1788888481 364741 22545426
0 632 22704975 0 1788888481 480441 22638008
1 632 22698580 0 1788888481 480609 22665314
3 317 22753830 0 1788888481 480754 22632688
0 633 22728324 0 1788888481 567525 22673096
1 633 22728356 0 1788888481 567662 22700387
2 320 22776019 0 1788888481 567924 22688259
0 634 22731782 0 1788888481 639025 22686002
1 634 22721283 0 1788888481 639234 22698359
3 318 22786643 0 1788888481 639379 22714618
0 635 22751126 0 1788888481 713420 22703554
1 635 22706504 0 1788888481 713616 22680971
2 321 22787387 0 1788888481 714300 22711844
0 636 22687535 0 1788888481 789514 22635615
1 636 22677379 0 1788888481 790289 22652570
3 319 22690175 0 1788888481 791301 22612133
0 637 22722417 0 1788888481 864312 22673657
1 637 22716553 0 1788888481 864467 22690969
2 322 22743665 0 1788888481 864582 22668369
0 638 22760614 0 1788888481 930881 22715607
1 638 22758148 0 1788888481 931099 22736324
3 320 22775467 0 1788888481 931231 22708350
0 639 22756762 0 1788888482 19165 22698811
1 639 22752537 0 1788888482 20283 22718476
2 323 22823296 0 1788888482 20430 22733555
0 640 22749619 0 1788888482 102921 22697003
1 640 22736139 0 1788888482 103118 22711131
3 321 22801764 0 1788888482 103281 22717390
0 641 22784184 0 1788888482 189752 22725961
1 641 22771164 0 1788888482 189992 22746168
2 324 22795264 0 1788888482 190140 22707823
0 642 22814993 0 1788888482 271892 22759392
1 642 22804102 0 1788888482 272143 22774087
3 322 22817235 0 1788888482 272300 22734505
0 643 22811688 0 1788888482 362376 22750560
1 643 22792518 0 1788888482 363101 22763402
2 325 22848147 0 1788888482 363251 22756578
0 644 22841548 0 1788888482 446848 22787870
1 644 22830873 0 1788888482 447039 22803406
3 323 22869279 0 1788888482 447131 22784325
0 645 22848765 0 1788888482 526539 22795757
1 645 22831981 0 1788888482 526718 22803221
2 326 22894552 0 1788888482 526872 22814354
0 646 22861773 0 1788888482 612068 22801217
1 646 22860526 0 1788888482 612253 22833033
3 324 22902558 0 1788888482 612393 22816538
0 647 22914996 0 1788888482 699324 22855199
1 647 22891050 0 1788888482 700320 22858803
2 327 22930973 0 1788888482 700426 22842434
0 648 22926914 0 1788888482 771305 22880287
1 648 22910196 0 1788888482 771510 22888020
3 325 22935644 0 1788888482 771686 22862992
0 649 22980287 0 1788888482 843691 22934026
1 649 22967855 0 1788888482 843872 22943381
2 328 22981568 0 1788888482 843969 22908742
0 650 23024576 0 1788888482 926484 22972365
1 650 22998513 0 1788888482 926695 22972786
3 326 23032529 0 1788888482 926833 22949193
0 651 23005673 0 1788888483 16461 22944590
1 651 22999942 0 1788888483 16657 22965786
2 329 23044174 0 1788888483 16990 22953447
0 652 23081864 0 1788888483 134387 22997278
1 652 23058384 0 1788888483 134519 23016991
3 327 23117285 0 1788888483 134719 22995180
0 653 23091291 0 1788888483 250903 23033008
1 653 23066564 0 1788888483 253294 23036338
2 330 23147396 0 1788888483 253399 23027942
0 654 23125293 0 1788888483 367385 23038739
1 654 23117489 0 1788888483 367571 23064841
3 328 23146395 0 1788888483 367659 23029437
0 655 23160151 0 1788888483 483066 23084002
1 655 23133850 0 1788888483 483185 23097114
2 331 23192019 0 1788888483 487128 23072040
0 656 23174842 0 1788888483 571800 23119713
1 656 23171128 0 1788888483 572523 23139308
3 329 23221119 0 1788888483 572673 23131290
0 657 23222861 0 1788888483 662256 23163125
1 657 23170735 0 1788888483 662353 23141563
2 332 23258716 0 1788888483 662441 23167691
0 658 23237962 0 1788888483 749850 23180742
1 658 23189948 0 1788888483 750008 23160720
3 330 23250931 0 1788888483 750156 23162871
0 659 23245488 0 1788888483 831674 23193733
1 659 23216217 0 1788888483 831940 23189304
2 333 23253589 0 1788888483 832160 23171083
0 660 23288394 0 1788888483 930743 23223696
1 660 23281038 0 1788888483 931735 23247401
3 331 23313435 0 1788888483 934232 23210698
0 661 23286466 0 1788888484 16483 23233423
1 661 23251106 0 1788888484 16680 23223109
2 334 23305384 0 1788888484 20467 23215374
0 662 23287073 0 1788888484 95017 23241083
1 662 23277814 0 1788888484 95149 23253198
3 332 23325830 0 1788888484 95284 23246807
0 663 23334548 0 1788888484 176707 23284097
1 663 23331490 0 1788888484 177054 23307254
2 335 23339260 0 1788888484 177211 23256779
0 664 23384840 0 1788888484 268176 23323790
1 664 23370377 0 1788888484 268289 23338519
3 333 23421058 0 1788888484 268442 23329047
0 665 23442846 0 1788888484 354980 23388954
1 665 23422679 0 1788888484 355220 23395594
2 336 23451157 0 1788888484 355335 23363835
0 666 23479975 0 1788888484 455132 23420087
1 666 23460511 0 1788888484 455327 23430548
3 334 23500931 0 1788888484 455941 23399720
0 667 23444916 0 1788888484 540004 23389167
1 667 23432736 0 1788888484 540161 23400962
2 337 23545490 0 1788888484 540474 23459895
0 668 23496065 0 1788888484 625436 23440022
1 668 23488638 0 1788888484 625642 23461690
3 335 23506468 0 1788888484 626860 23419441
0 669 23551693 0 1788888484 723573 23491780
1 669 23551212 0 1788888484 723767 23516601
2 338 23564777 0 1788888484 723952 23466085
0 670 23556410 0 1788888484 824907 23485897
1 670 23521809 0 1788888484 825129 23490618
3 336 23588148 0 1788888484 825930 23485561
0 671 23533713 0 1788888484 907326 23481600
1 671 23497998 0 1788888484 907544 23469373
2 339 23568271 0 1788888484 907649 23484715
0 672 23484286 0 1788888485 1998 23429607
1 672 23477626 0 1788888485 2108 23447715
3 337 23512713 0 1788888485 2205 23417584
0 673 23564853 0 1788888485 97630 23507472
1 673 23556106 0 1788888485 97748 23526079
2 340 23566341 0 1788888485 97827 23470323
0 674 23586184 0 1788888485 191489 23523817
1 674 23577519 0 1788888485 191660 23545340
3 338 23644393 0 1788888485 192324 23549448
0 675 23637046 0 1788888485 291451 23568976
1 675 23608544 0 1788888485 291574 23577804
2 341 23653502 0 1788888485 291673 23553147
0 676 23679961 0 1788888485 379891 23622535
1 676 23670028 0 1788888485 380282 23638780
3 339 23692643 0 1788888485 380844 23602826
0 677 23747837 0 1788888485 465324 23688893
1 677 23740782 0 1788888485 465451 23707339
2 342 23750699 0 1788888485 465549 23664619
0 678 23825509 0 1788888485 562890 23758564
1 678 23825050 0 1788888485 564716 23787236
3 340 23829131 0 1788888485 564868 23729409
0 679 23818502 0 1788888485 658656 23766550
1 679 23801754 0 1788888485 658834 23778249
2 343 23824212 0 1788888485 659033 23727798
0 680 23787511 0 1788888485 733466 23740425
1 680 23785460 0 1788888485 733674 23760389
3 341 23863840 0 1788888485 733824 23788508
0 681 23843425 0 1788888485 805075 23794382
1 681 23835073 0 1788888485 805273 23808096
2 344 23854619 0 1788888485 805384 23782532
0 682 23884912 0 1788888485 876172 23838027
1 682 23881689 0 1788888485 876786 23857104
3 342 23898158 0 1788888485 876921 23826041
0 683 23872373 0 1788888485 949180 23827603
1 683 23870558 0 1788888485 949387 23847426
2 345 23928664 0 1788888485 949525 23855124
0 684 23925823 0 1788888486 17886 23879465
1 684 23925653 0 1788888486 18002 23898797
3 343 23927600 0 1788888486 18141 23858476
0 685 23989727 0 1788888486 86337 23945122
1 685 23987217 0 1788888486 86434 23965581
2 346 23993545 0 1788888486 86524 23924658
0 686 24021729 0 1788888486 157892 23973075
1 686 24018366 0 1788888486 158615 23993068
3 344 24037606 0 1788888486 158905 23964891
0 687 24069069 0 1788888486 227817 24027182
1 687 24014078 0 1788888486 227937 23992559
2 347 24075514 0 1788888486 228044 24005172
0 688 24001764 0 1788888486 299208 23955816
1 688 23993260 0 1788888486 299345 23969951
3 345 24024593 0 1788888486 299427 23952797
0 689 24039433 0 1788888486 375039 23991388
1 689 24035283 0 1788888486 375334 24011074
2 348 24065518 0 1788888486 375513 23989126
0 690 24110212 0 1788888486 457285 24059080
1 690 24054472 0 1788888486 457459 24028322
3 346 24117544 0 1788888486 457768 24034583
0 691 24022643 0 1788888486 530798 23975351
1 691 23999078 0 1788888486 530993 23973381
2 349 24072381 0 1788888486 531134 23998321
0 692 24047506 0 1788888486 604503 23996983
1 692 24039841 0 1788888486 604674 24014546
3 347 24055497 0 1788888486 604838 23981245
0 693 24080709 0 1788888486 686471 24025561
1 693 24047904 0 1788888486 686657 24020408
2 350 24110038 0 1788888486 686816 24027571
0 694 24092186 0 1788888486 765587 24042975
1 694 24090674 0 1788888486 765738 24064811
3 348 24118082 0 1788888486 766051 24038312
0 695 24155843 0 1788888486 841559 24105895
1 695 24149527 0 1788888486 841713 24124212
2 351 24157256 0 1788888486 841857 24080725
0 696 24191283 0 1788888486 931631 24136355
1 696 24176057 0 1788888486 931841 24150144
3 349 24204337 0 1788888486 931948 24113780
0 697 24234976 0 1788888487 21001 24175241
1 697 24225033 0 1788888487 21183 24196395
2 352 24262790 0 1788888487 21335 24172864
0 698 24291107 0 1788888487 95341 24242326
1 698 24281693 0 1788888487 95542 24256649
3 350 24296325 0 1788888487 95725 24221437
0 699 24344154 0 1788888487 184254 24287479
1 699 24341859 0 1788888487 184466 24314370
2 353 24358376 0 1788888487 184777 24268711
0 700 24363949 0 1788888487 264138 24315758
1 700 24316478 0 1788888487 264395 24290213
3 351 24417720 0 1788888487 264504 24337185
0 701 24342672 0 1788888487 340970 24292920
1 701 24293942 0 1788888487 341147 24269112
2 354 24362352 0 1788888487 341748 24284491
0 702 24341210 0 1788888487 420624 24288796
1 702 24340662 0 1788888487 424516 24306467
3 352 24357182 0 1788888487 424624 24273366
0 703 24392602 0 1788888487 512330 24345217
1 703 24378080 0 1788888487 512486 24355605
2 355 24406257 0 1788888487 512622 24314080
0 704 24449795 0 1788888487 598072 24392626
1 704 24427970 0 1788888487 598341 24398569
3 353 24452699 0 1788888487 598553 24366276
0 705 24535298 0 1788888487 711352 24457524
1 705 24534265 0 1788888487 711515 24493180
2 356 24543360 0 1788888487 715338 24425827
0 706 24570236 0 1788888487 810862 24515115
1 706 24548096 0 1788888487 811129 24521121
3 354 24619864 0 1788888487 811278 24519665
0 707 24613627 0 1788888487 892507 24560290
1 707 24602788 0 1788888487 893135 24576354
2 357 24616053 0 1788888487 893459 24533222
0 708 24674906 0 1788888487 977077 24617426
1 708 24625925 0 1788888487 977181 24593356
3 355 24680497 0 1788888487 977312 24595498
0 709 24676807 0 1788888488 53217 24629901
1 709 24664244 0 1788888488 53377 24639594
2 358 24677974 0 1788888488 54023 24600868
0 710 24729788 0 1788888488 136901 24670173
1 710 24725290 0 1788888488 137055 24693240
3 356 24739917 0 1788888488 137190 24655719
0 711 24761071 0 1788888488 224081 24698715
1 711 24730984 0 1788888488 224258 24698893
2 359 24792758 0 1788888488 224389 24705092
0 712 24790125 0 1788888488 305229 24737947
1 712 24785081 0 1788888488 305419 24761540
3 357 24808334 0 1788888488 305529 24726430
0 713 24817935 0 1788888488 389734 24755096
1 713 24803067 0 1788888488 390518 24772788
2 360 24822120 0 1788888488 390701 24736485
0 714 24865438 0 1788888488 483255 24802556
1 714 24855439 0 1788888488 483378 24815617
3 358 24867979 0 1788888488 483463 24774071
0 715 24916208 0 1788888488 557172 24867022
1 715 24888964 0 1788888488 557275 24861553
2 361 24925548 0 1788888488 557426 24851171
0 716 24964731 0 1788888488 638098 24914164
1 716 24934522 0 1788888488 638288 24908058
3 359 24969692 0 1788888488 638381 24888317
0 717 24972230 0 1788888488 720638 24918580
1 717 24910729 0 1788888488 721228 24880624
2 362 24977516 0 1788888488 721381 24894065
0 718 24917169 0 1788888488 803431 24858346
1 718 24875055 0 1788888488 803578 24845002
3 360 24948707 0 1788888488 803716 24865358
0 719 24926372 0 1788888488 878905 24874106
1 719 24846437 0 1788888488 879341 24820558
2 363 24944657 0 1788888488 879502 24868405
0 720 24892935 0 1788888488 963821 24838140
1 720 24884558 0 1788888488 963992 24855276
3 361 24919679 0 1788888488 964139 24834267
0 721 24947830 0 1788888489 42744 24897769
1 721 24940262 0 1788888489 43405 24916161
2 364 24955054 0 1788888489 43550 24875013
0 722 24989897 0 1788888489 137886 24926419
1 722 24948193 0 1788888489 138096 24911736
3 362 25020153 0 1788888489 138541 24924116
0 723 24986572 0 1788888489 220115 24931871
1 723 24959335 0 1788888489 220222 24931589
2 365 24999249 0 1788888489 220331 24916629
0 724 25025126 0 1788888489 297492 24979241
1 724 25005459 0 1788888489 297641 24981014
3 363 25034917 0 1788888489 297798 24957074
0 725 24969178 0 1788888489 380421 24916984
1 725 24969171 0 1788888489 381204 24945135
2 366 25014173 0 1788888489 381411 24930097
0 726 25015598 0 1788888489 462241 24963046
1 726 24965588 0 1788888489 462444 24939799
3 364 25043431 0 1788888489 462602 24961023
0 727 24987217 0 1788888489 531426 24942293
1 727 24980767 0 1788888489 531586 24958391
2 367 25006786 0 1788888489 531733 24936841
0 728 24972689 0 1788888489 604321 24926876
1 728 24944906 0 1788888489 604432 24921271
3 365 25013017 0 1788888489 604575 24939650
0 729 24999660 0 1788888489 676289 24952489
1 729 24919246 0 1788888489 676481 24896747
2 368 25008597 0 1788888489 676799 24935930
0 730 24961389 0 1788888489 759624 24907720
1 730 24959439 0 1788888489 759780 24930839
3 366 25001941 0 1788888489 759864 24918180
0 731 25026012 0 1788888489 853623 24960002
1 731 25017607 0 1788888489 853810 24985656
2 369 25047736 0 1788888489 853973 24953111
0 732 25086808 0 1788888489 933731 25033849
1 732 25063390 0 1788888489 933922 25039157
3 367 25096437 0 1788888489 934009 25015890
0 733 25124572 0 1788888490 4897 25081115
1 733 25059831 0 1788888490 5038 25039658
2 370 25127103 0 1788888490 5167 25055495
0 734 25113942 0 1788888490 69493 25070998
1 734 25113005 0 1788888490 69661 25091653
3 368 25120679 0 1788888490 69800 25055627
0 735 25173841 0 1788888490 137128 25130243
1 735 25164343 0 1788888490 137293 25142923
2 371 25176384 0 1788888490 137429 25108264
0 736 25198345 0 1788888490 203026 25156057
1 736 25197734 0 1788888490 203172 25176873
3 369 25200675 0 1788888490 203835 25133813
0 737 25218672 0 1788888490 267511 25176066
1 737 25177010 0 1788888490 267679 25154036
2 372 25257224 0 1788888490 267767 25192289
0 738 25224447 0 1788888490 329711 25182873
1 738 25223499 0 1788888490 329889 25202872
3 370 25228128 0 1788888490 330025 25165453
0 739 25187684 0 1788888490 395259 25144916
1 739 25180907 0 1788888490 395448 25160124
2 373 25216240 0 1788888490 395530 25150269
0 740 25125819 0 1788888490 459648 25084076
1 740 25125200 0 1788888490 459821 25105459
3 371 25201591 0 1788888490 460506 25136185
0 741 25133296 0 1788888490 535453 25083726
1 741 25132882 0 1788888490 535621 25109037
2 374 25173505 0 1788888490 535725 25097251
0 742 25128489 0 1788888490 609140 25079098
1 742 25086663 0 1788888490 609291 25064661
3 372 25190579 0 1788888490 609430 25116418
0 743 25122351 0 1788888490 687134 25074267
1 743 25114698 0 1788888490 687289 25090831
2 375 25141140 0 1788888490 687416 25062709
0 744 25179706 0 1788888490 760372 25132422
1 744 25130778 0 1788888490 760590 25108008
3 373 25186958 0 1788888490 761259 25112525
0 745 25159890 0 1788888490 858996 25090288
1 745 25155865 0 1788888490 859957 25125393
2 376 25217886 0 1788888490 860321 25117732
0 746 25246247 0 1788888490 968964 25174473
1 746 25211060 0 1788888490 969080 25179309
3 374 25253040 0 1788888490 971199 25140558
0 747 25276868 0 1788888491 70993 25206961
1 747 25270949 0 1788888491 71400 25237563
2 377 25311560 0 1788888491 71488 25208816
0 748 25358472 0 1788888491 192612 25282091
1 748 25298768 0 1788888491 193628 25262255
3 375 25362269 0 1788888491 193729 25239291
0 749 25379589 0 1788888491 347762 25283972
1 749 25359882 0 1788888491 347886 25312065
2 378 25384336 0 1788888491 350518 25226210
0 750 25313396 0 1788888491 391215 25307817
1 750 25412180 0 1788888491 501562 25333463
2 379 25411172 0 1788888491 502098 25369653
3 376 25449057 0 1788888491 502370 25294178
0 751 25474800 0 1788888491 593779 25381604
1 751 25464451 0 1788888491 593945 25404490
2 380 25416224 0 1788888491 594075 25390799
0 752 25488748 0 1788888491 687270 25427331
1 752 25376054 0 1788888491 687405 25343515
3 377 25492994 0 1788888491 687509 25398987
0 753 25435030 0 1788888491 780254 25376618
1 753 25419894 0 1788888491 780438 25393467
2 381 25464392 0 1788888491 780554 25370685
0 754 25490712 0 1788888491 869114 25430946
1 754 25468152 0 1788888491 869277 25432395
3 378 25501426 0 1788888491 869918 25411591
0 755 25547502 0 1788888491 976952 25481282
1 755 25545958 0 1788888491 977155 25508939
2 382 25570846 0 1788888491 977294 25462524
0 756 25537898 0 1788888492 69149 25478343
1 756 25532974 0 1788888492 69336 25503855
3 379 25604864 0 1788888492 69527 25512075
0 757 25594113 0 1788888492 145996 25543349
1 757 25576288 0 1788888492 146198 25551502
2 383 25608559 0 1788888492 146308 25531144
0 758 25632005 0 1788888492 224300 25579348
1 758 25574656 0 1788888492 224461 25551092
3 380 25636577 0 1788888492 224597 25557787
0 759 25647198 0 1788888492 318091 25581401
1 759 25625867 0 1788888492 318351 25591795
2 384 25663708 0 1788888492 319297 25568517
0 760 25711710 0 1788888492 418309 25639727
1 760 25698656 0 1788888492 418512 25659153
3 381 25724680 0 1788888492 419124 25623467
0 761 25757524 0 1788888492 495986 25707268
1 761 25731497 0 1788888492 496317 25705919
2 385 25776414 0 1788888492 496620 25697380
0 762 25793862 0 1788888492 582026 25733940
1 762 25761312 0 1788888492 582195 25730314
3 382 25806267 0 1788888492 582293 25719799
0 763 25856201 0 1788888492 690471 25789039
1 763 25853756 0 1788888492 690743 25817110
2 386 25858241 0 1788888492 691544 25748566
0 764 25873344 0 1788888492 764067 25826290
1 764 25866133 0 1788888492 764231 25842661
3 383 25924815 0 1788888492 764321 25850728
0 765 25936610 0 1788888492 855583 25876442
1 765 25914561 0 1788888492 855902 25884617
2 387 25940962 0 1788888492 856178 25848650
0 766 25980980 0 1788888492 945918 25918915
1 766 25980016 0 1788888492 946238 25947395
3 384 25992315 0 1788888492 946504 25900925
0 767 26012490 0 1788888493 25165 25961330
1 767 25998390 0 1788888493 25362 25970812
2 388 26056401 0 1788888493 25969 25976178
0 768 26058212 0 1788888493 105365 26006949
1 768 26033476 0 1788888493 105551 26007455
3 385 26068026 0 1788888493 107201 25985793
0 769 26086558 0 1788888493 181560 26037299
1 769 26076724 0 1788888493 182330 26050560
2 389 26100301 0 1788888493 182487 26022990
0 770 26111898 0 1788888493 259433 26061877
1 770 26111845 0 1788888493 259639 26084414
3 386 26149961 0 1788888493 259779 26071578
0 771 26179400 0 1788888493 361466 26118286
1 771 26175113 0 1788888493 362237 26144424
2 390 26184908 0 1788888493 362420 26081695
0 772 26221617 0 1788888493 456992 26161540
1 772 26207869 0 1788888493 457186 26181394
3 387 26232891 0 1788888493 457549 26136436
0 773 26222833 0 1788888493 545173 26159246
1 773 26209524 0 1788888493 545363 26175753
2 391 26267441 0 1788888493 545453 26178804
0 774 26257334 0 1788888493 637053 26197697
1 774 26253772 0 1788888493 637562 26221366
3 388 26279938 0 1788888493 638351 26186583
0 775 26336759 0 1788888493 726335 26282486
1 775 26335514 0 1788888493 727303 26308262
2 392 26342299 0 1788888493 727446 26251696
0 776 26412162 0 1788888493 809344 26356188
1 776 26407498 0 1788888493 810065 26375160
3 389 26413662 0 1788888493 810495 26329347
0 777 26496218 0 1788888493 902411 26433444
1 777 26468180 0 1788888493 905297 26432299
2 393 26500513 0 1788888493 905489 26402851
0 778 26518524 0 1788888493 984409 26466366
1 778 26492959 0 1788888493 984574 26467141
3 390 26521326 0 1788888493 984659 26437519
0 779 26563783 0 1788888494 82108 26493044
1 779 26555961 0 1788888494 83691 26514228
2 394 26592377 0 1788888494 91444 26485128
0 780 26677948 0 1788888494 233619 26591590
1 780 26669727 0 1788888494 233888 26630264
3 391 26702261 0 1788888494 234250 26549805
0 781 26744546 0 1788888494 315221 26690582
1 781 26717786 0 1788888494 315414 26687676
2 395 26746547 0 1788888494 315735 26664200
0 782 26741533 0 1788888494 404249 26681898
1 782 26728248 0 1788888494 404385 26698210
3 392 26750896 0 1788888494 404531 26661369
0 783 26810845 0 1788888494 489491 26754606
1 783 26805160 0 1788888494 489699 26779315
2 396 26813602 0 1788888494 489841 26727765
0 784 26863651 0 1788888494 587879 26795539
1 784 26823600 0 1788888494 588045 26788130
3 393 26885131 0 1788888494 588558 26785883
0 785 26844495 0 1788888494 662758 26794435
1 785 26814466 0 1788888494 662907 26788965
2 397 26867313 0 1788888494 666922 26788102
0 786 26869925 0 1788888494 749320 26817563
1 786 26745775 0 1788888494 749502 26723190
3 394 26884040 0 1788888494 749635 26796933
0 787 26758462 0 1788888494 826450 26709194
1 787 26746698 0 1788888494 826638 26719765
2 398 26780306 0 1788888494 826744 26702713
0 788 26811997 0 1788888494 901067 26763365
1 788 26791441 0 1788888494 901233 26767710
3 395 26818752 0 1788888494 901321 26743672
0 789 26821428 0 1788888494 988003 26762787
1 789 26821470 0 1788888494 988487 26791386
2 399 26873071 0 1788888494 989167 26784797
0 790 26884783 0 1788888495 70808 26832525
1 790 26873289 0 1788888495 71216 26850364
3 396 26898685 0 1788888495 71326 26814242
0 791 26909119 0 1788888495 152225 26854677
1 791 26881348 0 1788888495 152392 26854275
2 400 26953828 0 1788888495 152540 26871819
0 792 26952867 0 1788888495 233833 26900224
1 792 26949158 0 1788888495 234133 26923920
3 397 26957004 0 1788888495 234260 26874758
0 793 27000570 0 1788888495 328701 26939028
1 793 26981368 0 1788888495 328816 26953142
2 401 27009730 0 1788888495 328957 26914426
0 794 26995028 0 1788888495 407136 26942380
1 794 26988637 0 1788888495 407333 26961644
3 398 27046625 0 1788888495 408006 26967146
0 795 26958190 0 1788888495 494262 26900203
1 795 26953755 0 1788888495 494457 26925901
2 402 27041230 0 1788888495 494612 26952279
0 796 27000155 0 1788888495 596932 26937404
1 796 26992878 0 1788888495 597208 26963293
3 399 27031673 0 1788888495 597369 26928376
0 797 27008011 0 1788888495 698493 26946862
1 797 27008691 0 1788888495 699679 26975345
2 403 27066012 0 1788888495 699781 26962921
0 798 27045319 0 1788888495 787241 26987895
1 798 27035855 0 1788888495 787501 27007761
3 400 27086268 0 1788888495 791417 26993181
0 799 27053446 0 1788888495 873550 27001106
1 799 26996838 0 1788888495 873738 26971771
2 404 27095100 0 1788888495 874045 27008087
0 800 26974111 0 1788888495 949325 26926224
1 800 26951946 0 1788888495 949484 26930494
3 401 26983523 0 1788888495 949756 26907099
0 801 27022477 0 1788888496 33207 26969594
1 801 26983778 0 1788888496 33369 26956417
2 405 27035086 0 1788888496 33475 26950761
0 802 27063418 0 1788888496 119925 27008054
1 802 27062294 0 1788888496 120093 27034736
3 402 27076051 0 1788888496 128950 26980146
0 803 27102794 0 1788888496 216818 27047939
1 803 27095528 0 1788888496 216965 27065955
2 406 27137144 0 1788888496 217882 27038984
0 804 27104512 0 1788888496 323521 27035416
1 804 27071020 0 1788888496 323844 27035761
3 403 27154223 0 1788888496 324109 27046737
0 805 27110752 0 1788888496 414569 27053201
1 805 27090957 0 1788888496 414718 27062297
2 407 27122250 0 1788888496 414860 27030550
0 806 27143315 0 1788888496 503119 27081927
1 806 27142024 0 1788888496 503942 27115871
3 404 27153027 0 1788888496 504100 27063332
0 807 27074208 0 1788888496 587152 27016987
1 807 27038598 0 1788888496 587320 27012635
2 408 27111144 0 1788888496 587418 27024774
0 808 27051429 0 1788888496 675288 26990273
1 808 27043629 0 1788888496 675596 27014303
3 405 27121888 0 1788888496 675744 27033056
0 809 27119027 0 1788888496 761815 27060303
1 809 27105126 0 1788888496 762367 27076156
2 409 27122426 0 1788888496 762744 27034729
0 810 27169476 0 1788888496 847818 27116407
1 810 27159227 0 1788888496 848387 27133177
3 406 27171354 0 1788888496 848566 27083944
0 811 27181037 0 1788888496 924636 27126977
1 811 27171034 0 1788888496 924807 27145961
2 410 27219922 0 1788888496 924945 27142606
0 812 27233727 0 1788888497 6735 27177107
1 812 27212973 0 1788888497 7059 27184310
3 407 27239090 0 1788888497 7175 27156360
0 813 27216401 0 1788888497 85551 27163311
1 813 27205145 0 1788888497 85720 27178289
2 411 27285039 0 1788888497 85863 27204405
0 814 27256250 0 1788888497 170032 27199768
1 814 27235410 0 1788888497 170768 27208001
3 408 27274126 0 1788888497 170864 27188575
0 815 27236016 0 1788888497 248997 27186504
1 815 27210806 0 1788888497 249220 27187751
2 412 27298562 0 1788888497 249319 27219130
0 816 27284197 0 1788888497 333299 27225625
1 816 27268774 0 1788888497 333458 27234506
3 409 27286549 0 1788888497 333557 27201774
0 817 27249832 0 1788888497 409354 27200150
1 817 27248119 0 1788888497 409519 27223303
2 413 27296538 0 1788888497 409664 27220000
0 818 27287585 0 1788888497 494439 27227752
1 818 27263701 0 1788888497 494546 27231197
3 410 27303503 0 1788888497 494680 27217904
0 819 27325135 0 1788888497 586678 27262516
1 819 27325151 0 1788888497 586852 27290689
2 414 27349306 0 1788888497 587059 27256453
0 820 27343396 0 1788888497 668004 27294485
1 820 27296301 0 1788888497 668112 27271834
3 411 27393120 0 1788888497 668241 27311375
0 821 27348559 0 1788888497 753319 27292187
1 821 27321849 0 1788888497 753497 27294879
2 415 27378923 0 1788888497 753940 27292813
0 822 27351449 0 1788888497 838360 27295229
1 822 27345544 0 1788888497 840107 27312597
3 412 27363334 0 1788888497 840473 27276000
0 823 27398562 0 1788888497 918887 27347997
1 823 27398407 0 1788888497 919126 27375990
2 416 27405268 0 1788888497 919390 27323982
0 824 27440698 0 1788888498 17805 27380755
1 824 27433357 0 1788888498 17961 27404130
3 413 27482380 0 1788888498 18103 27382999
0 825 27489049 0 1788888498 104870 27429235
1 825 27476811 0 1788888498 105242 27442784
2 417 27496752 0 1788888498 107397 27406976
0 826 27580246 0 1788888498 211588 27513831
1 826 27568951 0 1788888498 211785 27534664
3 414 27581467 0 1788888498 212089 27474039
0 827 27651056 0 1788888498 310424 27584551
1 827 27579620 0 1788888498 310725 27552275
2 418 27667154 0 1788888498 310826 27567710
0 828 27654109 0 1788888498 423904 27571872
1 828 27622084 0 1788888498 424208 27576397
3 415 27669900 0 1788888498 424417 27555739
0 829 27728942 0 1788888498 583417 27633123
1 829 27726280 0 1788888498 583548 27679600
2 419 27762517 0 1788888498 584299 27601871
0 830 27825556 0 1788888498 703099 27749484
1 830 27807336 0 1788888498 703377 27767425
3 416 27839442 0 1788888498 703775 27718865
0 831 27880104 0 1788888498 813892 27810426
1 831 27870559 0 1788888498 814069 27830648
2 420 27902013 0 1788888498 814254 27790224
0 832 27946318 0 1788888498 927795 27866904
1 832 27927947 0 1788888498 928260 27885385
3 417 27977653 0 1788888498 928446 27862893
0 833 27995138 0 1788888499 13748 27939792
1 833 27968370 0 1788888499 13921 27939755
2 421 28001442 0 1788888499 14668 27913464
0 834 28029557 0 1788888499 92190 27980603
1 834 28025433 0 1788888499 92789 28000378
3 418 28044010 0 1788888499 92949 27964568
0 835 28061146 0 1788888499 182981 28001634
1 835 27980757 0 1788888499 183140 27951708
2 422 28062306 0 1788888499 183279 27970946
0 836 28043212 0 1788888499 266423 27987547
1 836 28033991 0 1788888499 266649 28006748
3 419 28064242 0 1788888499 266998 27979962
0 837 28132392 0 1788888499 369200 28060902
1 837 28129217 0 1788888499 369313 28092321
2 423 28145710 0 1788888499 379167 28032767
0 838 28243699 0 1788888499 516335 28157661
1 838 28177004 0 1788888499 516532 28139570
3 420 28244684 0 1788888499 516941 28096727
0 839 28268828 0 1788888499 628496 28199637
1 839 28222563 0 1788888499 628696 28187629
2 424 28277535 0 1788888499 628877 28164774
0 840 28231501 0 1788888499 732372 28169238
1 840 28226791 0 1788888499 732535 28193289
3 421 28269946 0 1788888499 732692 28165320
0 841 28329286 0 1788888499 845883 28252450
1 841 28315794 0 1788888499 847217 28278866
2 425 28331177 0 1788888499 847329 28216021
0 842 28346148 0 1788888499 964441 28264900
1 842 28328359 0 1788888499 964608 28288154
3 422 28391509 0 1788888499 964799 28272328
0 843 28332757 0 1788888500 54386 28275808
1 843 28315095 0 1788888500 54573 28285589
2 426 28394474 0 1788888500 54690 28303988
0 844 28373842 0 1788888500 135850 28319677
1 844 28314553 0 1788888500 136026 28284718
3 423 28394912 0 1788888500 136125 28312951
0 845 28366067 0 1788888500 224550 28308080
1 845 28359195 0 1788888500 228057 28326356
2 427 28400751 0 1788888500 228586 28307817
0 846 28398581 0 1788888500 327066 28335310
1 846 28394616 0 1788888500 327262 28364451
3 424 28452854 0 1788888500 327359 28349698
0 847 28440186 0 1788888500 415233 28380158
1 847 28435301 0 1788888500 415384 28403713
2 428 28459911 0 1788888500 415756 28370825
0 848 28480759 0 1788888500 518633 28414906
1 848 28474740 0 1788888500 518747 28445837
3 425 28526705 0 1788888500 519035 28422700
0 849 28608106 0 1788888500 689568 28493766
1 849 28595703 0 1788888500 691292 28547791
2 429 28640795 0 1788888500 691399 28467797
0 850 28698758 0 1788888500 821516 28621452
1 850 28698611 0 1788888500 828204 28649261
3 426 28714719 0 1788888500 828556 28575357
0 851 28812766 0 1788888500 962162 28717045
1 851 28782268 0 1788888500 962376 28730436
2 430 28823806 0 1788888500 962530 28680385
0 852 28876154 0 1788888501 108735 28779459
1 852 28850443 0 1788888501 108881 28808356
3 427 28908965 0 1788888501 108969 28761707
3 428 28959790 0 1788888501 243390 28954704
0 853 29007273 0 1788888501 285320 28878861
1 853 29005167 0 1788888501 287383 28914407
2 431 29020693 0 1788888501 287634 28840107
0 854 29165607 0 1788888501 493573 29019309
1 854 29138260 0 1788888501 493693 29050547
3 429 29175927 0 1788888501 493832 28967307
0 855 29238780 0 1788888501 643534 29131325
1 855 29235868 0 1788888501 643699 29165322
2 432 29262514 0 1788888501 643818 29112050
0 856 29513052 0 1788888501 941478 29399668
1 856 29514747 0 1788888501 944384 29454115
3 430 29536529 0 1788888501 950607 29229278
0 857 29727366 0 1788888502 173566 29576077
1 857 29672246 0 1788888502 173674 29595024
2 433 29727836 0 1788888502 173747 29495385
0 858 29848189 0 1788888502 375806 29730523
1 858 29829379 0 1788888502 380831 29765406
3 431 29866844 0 1788888502 381002 29659240
0 859 29956852 0 1788888502 542833 29852596
1 859 29943169 0 1788888502 544767 29892495
2 434 29967416 0 1788888502 550793 29792268
0 860 30131826 0 1788888502 754039 29983392
1 860 30094453 0 1788888502 754219 30014243
3 432 30137486 0 1788888502 755690 29923424
0 861 30265729 0 1788888502 961148 30138727
1 861 30241895 0 1788888502 961431 30171271
2 435 30281848 0 1788888502 961739 30066654
0 862 30396501 0 1788888503 151079 30266778
1 862 30392392 0 1788888503 151515 30331073
3 433 30409935 0 1788888503 151626 30218699
0 863 30513205 0 1788888503 330006 30375888
1 863 30480775 0 1788888503 330244 30407300
2 436 30565113 0 1788888503 331385 30383983
0 864 30613416 0 1788888503 470526 30515577
1 864 30597744 0 1788888503 471169 30550608
3 434 30618539 0 1788888503 471310 30477044
0 865 30685225 0 1788888503 582554 30610106
1 865 30665808 0 1788888503 582832 30621262
2 437 30706967 0 1788888503 583301 30593959
0 866 30765510 0 1788888503 691204 30693356
1 866 30747300 0 1788888503 691698 30711630
3 435 30770776 0 1788888503 692183 30660914
0 867 30880046 0 1788888503 870283 30765730
1 867 30868746 0 1788888503 874848 30812251
2 438 30922553 0 1788888503 875176 30737232
0 868 30980436 0 1788888504 39870 30867041
1 868 30965932 0 1788888504 43384 30911945
3 436 31005906 0 1788888504 43536 30832304
0 869 31081935 0 1788888504 187133 30984628
1 869 31055700 0 1788888504 187561 31012029
2 439 31101346 0 1788888504 187813 30953066
0 870 31161214 0 1788888504 304939 31086911
1 870 31152446 0 1788888504 305347 31115397
3 437 31172116 0 1788888504 305458 31051907
0 871 31237240 0 1788888504 459973 31125616
1 871 31166451 0 1788888504 460281 31111994
2 440 31247320 0 1788888504 460850 31091134
0 872 31286151 0 1788888504 644938 31174464
1 872 31182852 0 1788888504 646574 31134621
3 438 31346799 0 1788888504 646681 31159846
0 873 31226212 0 1788888504 763977 31152962
1 873 31223651 0 1788888504 767639 31185074
2 441 31259033 0 1788888504 767814 31135944
0 874 31305550 0 1788888504 874411 31235476
1 874 31303482 0 1788888504 874584 31267531
3 439 31312025 0 1788888504 874732 31201027
0 875 31417833 0 1788888505 38650 31293864
1 875 31396547 0 1788888505 38782 31341587
2 442 31431753 0 1788888505 39244 31266692
0 876 31560390 0 1788888505 210760 31445618
1 876 31540383 0 1788888505 210976 31484472
3 440 31565733 0 1788888505 211162 31392999
0 877 31625381 0 1788888505 330677 31556662
1 877 31615902 0 1788888505 330840 31582956
2 443 31655175 0 1788888505 331048 31531014
0 878 31814445 0 1788888505 540950 31652703
1 878 31794196 0 1788888505 541100 31697177
3 441 31815168 0 1788888505 541196 31604420
0 879 31897916 0 1788888505 673092 31816470
1 879 31896646 0 1788888505 673287 31856498
2 444 31918922 0 1788888505 673430 31783259
0 880 31970430 0 1788888505 778082 31901040
1 880 31916194 0 1788888505 778505 31886028
3 442 31996523 0 1788888505 779381 31889985
0 881 31956589 0 1788888505 882654 31892130
1 881 31879169 0 1788888505 884351 31843811
2 445 31968695 0 1788888505 884629 31861939
0 882 31940232 0 1788888505 975531 31882169
1 882 31846388 0 1788888505 975660 31815948
3 443 31966931 0 1788888505 976083 31872950
0 883 31914679 0 1788888506 63798 31859108
1 883 31896346 0 1788888506 64175 31869774
2 446 31921064 0 1788888506 64401 31831957
0 884 31980904 0 1788888506 162235 31914139
1 884 31978559 0 1788888506 162387 31949789
3 444 31984481 0 1788888506 162486 31885584
0 885 32053350 0 1788888506 243396 32004796
1 885 32052955 0 1788888506 243590 32030095
2 447 32057166 0 1788888506 243695 31975527
0 886 32053957 0 1788888506 310511 32011777
1 886 32025812 0 1788888506 310703 32004469
3 445 32086884 0 1788888506 310839 32019276
0 887 32022966 0 1788888506 377922 31979956
1 887 31989225 0 1788888506 378155 31968445
2 448 32091320 0 1788888506 378731 32022938
0 888 31984599 0 1788888506 445901 31941546
1 888 31971124 0 1788888506 446130 31949846
3 446 32031399 0 1788888506 446283 31962847
0 889 31984713 0 1788888506 515806 31942934
1 889 31964413 0 1788888506 515975 31942910
2 449 32008801 0 1788888506 516292 31938241
0 890 31974454 0 1788888506 582512 31930964
1 890 31965623 0 1788888506 583400 31942635
3 447 31999935 0 1788888506 583601 31931983
0 891 31999273 0 1788888506 652589 31953322
1 891 31961357 0 1788888506 652943 31936871
2 450 32025229 0 1788888506 653980 31953059
0 892 31986868 0 1788888506 728301 31936922
1 892 31979674 0 1788888506 728482 31953816
3 448 32035333 0 1788888506 728861 31958475
0 893 32049841 0 1788888506 809411 31993534
1 893 32039685 0 1788888506 809528 32013065
2 451 32054026 0 1788888506 809619 31972513
0 894 32077443 0 1788888506 882409 32029114
1 894 32070982 0 1788888506 882550 32048059
3 449 32087042 0 1788888506 882687 32013608
0 895 32131081 0 1788888506 963995 32077606
1 895 32120734 0 1788888506 965118 32091782
2 452 32143107 0 1788888506 966349 32059010
0 896 32160701 0 1788888507 72797 32091476
1 896 32146885 0 1788888507 73307 32113947
3 450 32177842 0 1788888507 73498 32067694
0 897 32215287 0 1788888507 165909 32147497
1 897 32215335 0 1788888507 166152 32178953
2 453 32227014 0 1788888507 166261 32133205
0 898 32262789 0 1788888507 241269 32215806
1 898 32260198 0 1788888507 241382 32234237
3 451 32270091 0 1788888507 241694 32194083
0 899 32321149 0 1788888507 334882 32252238
1 899 32292394 0 1788888507 339568 32254363
2 454 32353508 0 1788888507 339788 32254812
0 900 32357573 0 1788888507 432536 32296183
1 900 32316410 0 1788888507 432728 32284490
3 452 32359371 0 1788888507 432864 32261156
0 901 32370457 0 1788888507 510016 32321298
1 901 32360868 0 1788888507 510253 32334188
2 455 32384715 0 1788888507 510449 32306517
0 902 32359303 0 1788888507 611711 32292239
1 902 32358176 0 1788888507 611873 32324875
3 453 32415164 0 1788888507 612083 32312925
0 903 32421018 0 1788888507 704880 32364149
1 903 32389009 0 1788888507 706013 32361398
2 456 32440103 0 1788888507 706165 32345444
0 904 32443453 0 1788888507 790346 32387114
1 904 32368717 0 1788888507 790510 32341276
3 454 32461843 0 1788888507 790671 32375816
0 905 32427681 0 1788888507 875485 32368820
1 905 32418391 0 1788888507 875662 32387477
2 457 32438859 0 1788888507 875753 32353264
0 906 32469582 0 1788888507 962874 32407649
1 906 32416577 0 1788888507 963094 32384295
3 455 32489846 0 1788888507 963354 32401789
0 907 32416052 0 1788888508 48164 32361006
1 907 32413909 0 1788888508 48833 32381588
2 458 32470500 0 1788888508 48948 32384174
0 908 32477978 0 1788888508 142476 32413215
1 908 32477832 0 1788888508 142675 32438897
3 456 32506822 0 1788888508 142768 32412051
0 909 32553889 0 1788888508 231106 32496994
1 909 32550726 0 1788888508 231378 32520528
2 459 32566350 0 1788888508 231485 32477102
0 910 32630451 0 1788888508 319610 32569602
1 910 32587149 0 1788888508 321595 32555778
3 457 32633937 0 1788888508 321780 32543031
0 911 32642245 0 1788888508 410434 32581912
1 911 32581276 0 1788888508 410757 32547600
2 460 32672312 0 1788888508 411196 32579014
0 912 32598098 0 1788888508 496015 32544818
1 912 32570370 0 1788888508 496412 32543081
3 458 32643942 0 1788888508 496664 32557508
0 913 32642933 0 1788888508 579172 32583553
1 913 32639809 0 1788888508 579341 32608986
2 461 32652714 0 1788888508 579554 32568357
0 914 32695713 0 1788888508 660006 32643839
1 914 32647216 0 1788888508 660213 32617471
3 459 32708576 0 1788888508 660364 32627097
0 915 32691776 0 1788888508 743879 32641549
1 915 32645989 0 1788888508 744000 32621149
2 462 32713992 0 1788888508 744129 32629591
0 916 32654817 0 1788888508 832208 32591819
1 916 32580432 0 1788888508 832415 32549997
3 460 32727579 0 1788888508 833199 32637887
0 917 32638449 0 1788888508 941572 32564874
1 917 32625063 0 1788888508 941740 32582375
2 463 32678496 0 1788888508 941897 32568629
0 918 32701916 0 1788888509 54583 32627609
1 918 32690461 0 1788888509 54751 32651280
3 461 32727672 0 1788888509 54839 32614198
0 919 32728182 0 1788888509 149940 32660891
1 919 32637423 0 1788888509 150118 32601187
2 464 32730470 0 1788888509 150501 32634371
0 920 32714870 0 1788888509 239123 32658473
1 920 32659241 0 1788888509 239323 32631934
3 462 32722979 0 1788888509 239430 32633265
0 921 32703922 0 1788888509 337838 32647158
1 921 32690760 0 1788888509 338141 32662732
2 465 32746127 0 1788888509 338283 32646532
0 922 32740705 0 1788888509 439638 32665255
1 922 32731624 0 1788888509 439954 32695413
3 463 32759524 0 1788888509 441494 32655550
0 923 32806453 0 1788888509 566323 32724452
1 923 32806355 0 1788888509 566488 32761163
2 466 32817754 0 1788888509 566639 32687842
0 924 32844003 0 1788888509 685762 32761644
1 924 32839034 0 1788888509 685940 32798567
3 464 32892734 0 1788888509 686582 32772286
0 925 32934621 0 1788888509 823425 32840048
1 925 32923805 0 1788888509 823678 32883303
2 467 32973225 0 1788888509 824340 32834477
0 926 33001672 0 1788888509 946757 32924842
1 926 32957796 0 1788888509 947056 32919362
3 465 33020115 0 1788888509 947914 32895345
0 927 33018593 0 1788888510 45266 32965804
1 927 33005596 0 1788888510 45655 32976802
2 468 33024307 0 1788888510 45819 32925078
0 928 33065575 0 1788888510 128379 33012659
1 928 33059172 0 1788888510 128522 33032102
3 466 33071409 0 1788888510 128792 32987698
0 929 33116737 0 1788888510 215096 33059871
1 929 33115597 0 1788888510 215251 33085285
2 469 33134986 0 1788888510 219323 33043883
0 930 33176900 0 1788888510 302616 33120214
1 930 33160731 0 1788888510 302805 33127318
3 467 33191390 0 1788888510 303596 33102667
0 931 33184666 0 1788888510 384568 33130259
1 931 33181005 0 1788888510 384762 33155492
2 470 33230106 0 1788888510 384902 33147643
0 932 33244441 0 1788888510 462739 33193351
1 932 33234733 0 1788888510 463006 33206037
3 468 33252771 0 1788888510 463117 33174073
0 933 33305895 0 1788888510 539901 33252304
1 933 33267545 0 1788888510 540056 33237787
2 471 33306183 0 1788888510 540135 33228654
0 934 33331149 0 1788888510 631603 33270374
1 934 33318709 0 1788888510 632342 33289707
3 469 33347920 0 1788888510 632960 33254742
0 935 33385520 0 1788888510 722255 33332587
1 935 33364357 0 1788888510 722464 33340967
2 472 33396108 0 1788888510 722635 33304877
0 936 33375257 0 1788888510 800563 33324567
1 936 33371675 0 1788888510 800743 33342910
3 470 33417475 0 1788888510 800976 33338317
0 937 33348347 0 1788888510 887123 33294074
1 937 33335514 0 1788888510 887254 33309378
2 473 33375751 0 1788888510 887362 33288775
0 938 33381662 0 1788888510 986668 33316704
1 938 33284371 0 1788888510 988073 33254787
3 471 33413462 0 1788888510 990744 33309583
0 939 33338794 0 1788888511 98073 33269555
1 939 33321728 0 1788888511 99153 33283165
2 474 33376384 0 1788888511 104184 33258675
0 940 33436598 0 1788888511 229542 33358650
1 940 33433788 0 1788888511 229763 33395275
3 472 33442802 0 1788888511 229880 33310871
0 941 33569244 0 1788888511 367521 33467325
1 941 33543033 0 1788888511 367719 33490476
2 475 33571914 0 1788888511 368163 33432935
0 942 33648535 0 1788888511 503510 33573461
1 942 33592556 0 1788888511 504246 33554952
3 473 33654561 0 1788888511 504408 33516772
0 943 33657346 0 1788888511 597663 33596420
1 943 33648587 0 1788888511 599836 33615985
2 476 33662397 0 1788888511 600232 33565287
0 944 33725052 0 1788888511 753124 33609753
1 944 33721844 0 1788888511 753410 33642504
3 474 33732805 0 1788888511 753543 33576351
0 945 33914223 0 1788888511 955305 33782502
1 945 33909069 0 1788888511 957632 33833469
2 477 33924524 0 1788888511 959292 33718088
0 946 33958303 0 1788888512 75682 33879400
1 946 33933389 0 1788888512 76044 33890573
3 475 34019977 0 1788888512 76235 33897906
0 947 34026499 0 1788888512 175564 33953363
1 947 33963112 0 1788888512 175852 33918917
2 478 34030563 0 1788888512 179409 33926655
0 948 34060781 0 1788888512 276011 33998106
1 948 34030225 0 1788888512 276171 33995140
3 476 34062556 0 1788888512 276326 33961622
0 949 34108891 0 1788888512 404631 34020002
1 949 33896335 0 1788888512 404758 33855231
2 479 34120984 0 1788888512 404927 33991783
0 950 33785188 0 1788888512 510240 33714734
1 950 33701375 0 1788888512 510824 33663159
3 477 33906942 0 1788888512 511411 33799933
0 951 33792061 0 1788888512 613845 33723137
1 951 33778955 0 1788888512 614032 33740466
2 480 33793063 0 1788888512 614143 33688853
0 952 33849948 0 1788888512 706703 33789472
1 952 33841036 0 1788888512 706884 33814021
3 478 33864259 0 1788888512 707081 33770782
0 953 33840666 0 1788888512 804520 33774695
1 953 33818860 0 1788888512 804641 33785078
2 481 33868022 0 1788888512 804828 33769654
0 954 33864724 0 1788888512 911759 33790072
1 954 33836527 0 1788888512 912031 33796654
3 479 33874088 0 1788888512 915972 33762302
0 955 33915660 0 1788888513 19301 33857967
1 955 33909387 0 1788888513 19615 33883537
2 482 33927135 0 1788888513 19774 33818895
0 956 33919535 0 1788888513 150873 33820845
1 956 33908451 0 1788888513 151128 33868626
3 480 33994266 0 1788888513 151292 33862104
0 957 33980478 0 1788888513 258061 33909194
1 957 33961662 0 1788888513 258465 33925623
2 483 33988088 0 1788888513 263396 33875228
0 958 34059534 0 1788888513 361748 33996990
1 958 34042941 0 1788888513 361923 34010531
3 481 34062473 0 1788888513 362032 33957893
0 959 34139357 0 1788888513 484617 34050907
1 959 34134261 0 1788888513 484821 34084639
2 484 34164747 0 1788888513 484980 34041309
0 960 34151482 0 1788888513 588656 34089087
1 960 34141498 0 1788888513 588858 34114839
3 482 34165147 0 1788888513 588966 34060627
0 961 34196437 0 1788888513 689059 34127983
1 961 34176420 0 1788888513 689381 34142779
2 485 34226332 0 1788888513 690202 34124593
0 962 34249791 0 1788888513 797692 34179862
1 962 34234179 0 1788888513 797804 34198053
3 483 34284045 0 1788888513 798246 34174653
0 963 34299641 0 1788888513 913776 34223003
1 963 34291157 0 1788888513 913885 34250611
2 486 34307369 0 1788888513 914017 34190920
0 964 34385614 0 1788888514 23521 34316686
1 964 34359024 0 1788888514 23626 34325970
3 484 34399314 0 1788888514 23755 34289094
0 965 34463808 0 1788888514 151216 34378094
1 965 34438228 0 1788888514 151424 34390588
2 487 34485985 0 1788888514 154880 34354447
0 966 34534153 0 1788888514 261399 34478201
1 966 34467461 0 1788888514 261731 34441377
3 485 34542519 0 1788888514 262034 34431530
0 967 34556927 0 1788888514 355937 34495507
1 967 34524001 0 1788888514 356127 34499122
2 488 34557534 0 1788888514 356242 34462022
0 968 34566996 0 1788888514 464210 34499735
1 968 34543146 0 1788888514 464628 34507622
3 486 34610135 0 1788888514 464746 34501127
0 969 34620011 0 1788888514 591255 34535923
1 969 34608694 0 1788888514 592537 34568324
2 489 34627872 0 1788888514 597770 34494129
0 970 34663324 0 1788888514 690363 34604066
1 970 34626733 0 1788888514 690716 34593706
3 487 34672020 0 1788888514 690889 34572199
0 971 34703545 0 1788888514 789505 34644752
1 971 34700226 0 1788888514 789716 34670120
2 490 34709477 0 1788888514 789891 34609623
0 972 34757050 0 1788888514 885512 34700547
1 972 34738527 0 1788888514 886061 34710932
3 488 34783566 0 1788888514 886218 34686634
0 973 34805097 0 1788888514 990641 34733042
1 973 34785958 0 1788888514 991512 34746748
2 491 34806521 0 1788888514 991764 34700094
0 974 34787771 0 1788888515 77618 34731083
1 974 34783036 0 1788888515 77830 34756048
3 489 34823353 0 1788888515 78017 34735798
0 975 34782857 0 1788888515 158703 34730501
1 975 34775401 0 1788888515 158988 34749822
2 492 34807653 0 1788888515 159164 34725868
0 976 34829078 0 1788888515 239605 34777078
1 976 34797419 0 1788888515 239868 34771111
3 490 34841349 0 1788888515 240030 34759807
0 977 34816480 0 1788888515 318257 34766670
1 977 34764114 0 1788888515 319087 34738776
2 493 34840046 0 1788888515 319374 34760098
0 978 34831880 0 1788888515 398112 34782146
1 978 34830939 0 1788888515 398270 34804879
3 491 34842093 0 1788888515 398453 34761726
0 979 34884669 0 1788888515 488472 34821347
1 979 34857940 0 1788888515 488917 34827810
2 494 34901133 0 1788888515 489456 34809567
0 980 34937291 0 1788888515 595105 34864359
1 980 34925706 0 1788888515 595222 34889728
3 492 34958731 0 1788888515 595400 34851279
0 981 34966278 0 1788888515 695805 34903366
1 981 34937825 0 1788888515 696673 34903190
2 495 34987163 0 1788888515 697446 34884527
0 982 34973541 0 1788888515 806257 34906185
1 982 34951997 0 1788888515 806372 34920820
3 493 35023995 0 1788888515 806891 34912680
0 983 35033651 0 1788888515 910798 34964001
1 983 35029339 0 1788888515 911053 34992973
2 496 35035677 0 1788888515 911248 34930488
0 984 35091593 0 1788888516 38536 35013407
1 984 35049590 0 1788888516 39051 35011422
3 494 35129105 0 1788888516 39222 35000433
0 985 35127757 0 1788888516 175251 35031038
1 985 35124211 0 1788888516 175473 35073883
2 497 35182988 0 1788888516 175828 35044819
0 986 35222418 0 1788888516 330658 35108248
1 986 35195074 0 1788888516 330881 35143100
3 495 35246050 0 1788888516 331074 35089986
0 987 35344991 0 1788888516 497849 35236929
1 987 35310729 0 1788888516 498089 35255536
2 498 35353460 0 1788888516 498292 35185580
0 988 35341692 0 1788888516 633595 35268022
1 988 35341543 0 1788888516 633827 35309146
3 496 35388660 0 1788888516 633981 35252278
0 989 35399707 0 1788888516 732766 35334055
1 989 35392607 0 1788888516 732960 35361226
2 499 35401675 0 1788888516 733098 35301938
0 990 35456023 0 1788888516 823994 35395669
1 990 35447710 0 1788888516 824197 35416371
3 497 35478485 0 1788888516 824299 35386658
0 991 35452549 0 1788888516 925540 35382498
1 991 35426983 0 1788888516 925805 35388452
2 500 35479797 0 1788888516 925920 35377696
0 992 35513100 0 1788888517 55291 35429738
1 992 35471068 0 1788888517 55487 35435846
3 498 35531533 0 1788888517 56200 35400591
0 993 35557169 0 1788888517 166507 35480943
1 993 35514846 0 1788888517 166694 35474277
2 501 35573861 0 1788888517 166840 35462077
0 994 35619767 0 1788888517 282807 35538765
1 994 35581509 0 1788888517 283071 35524725
3 499 35629770 0 1788888517 285583 35510491
0 995 35590666 0 1788888517 383774 35528884
1 995 35581465 0 1788888517 383988 35551629
2 502 35600676 0 1788888517 384096 35498603
0 996 35669652 0 1788888517 493825 35601360
1 996 35651241 0 1788888517 494071 35616249
3 500 35698333 0 1788888517 500948 35580938
0 997 35732357 0 1788888517 594254 35665152
1 997 35703548 0 1788888517 594475 35672684
2 503 35740484 0 1788888517 594635 35639420
0 998 35791047 0 1788888517 700253 35720953
1 998 35785610 0 1788888517 700918 35749753
3 501 35799481 0 1788888517 703533 35690010
0 999 35837420 0 1788888517 819068 35759094
1 999 35810098 0 1788888517 819223 35781233
2 504 35891050 0 1788888517 823091 35767971
0 1000 35895353 0 1788888517 917870 35831940
1 1000 35886205 0 1788888517 918078 35853625
3 502 35897074 0 1788888517 918833 35797063
0 1001 35962957 0 1788888518 20673 35890689
1 1001 35955391 0 1788888518 20896 35915535
2 505 35979844 0 1788888518 21008 35876483
0 1002 36022105 0 1788888518 106057 35968993
1 1002 36000704 0 1788888518 106271 35970005
3 503 36040822 0 1788888518 106424 35954861
0 1003 36097586 0 1788888518 233012 36007005
1 1003 36051354 0 1788888518 233261 36005959
2 506 36116063 0 1788888518 233382 35988504
0 1004 36161842 0 1788888518 353929 36090447
1 1004 36127943 0 1788888518 354708 36088781
3 504 36170422 0 1788888518 354879 36046207
0 1005 36217395 0 1788888518 457619 36149732
1 1005 36212998 0 1788888518 457745 36179503
2 507 36218402 0 1788888518 457847 36114292
0 1006 36279603 0 1788888518 552984 36217890
1 1006 36245265 0 1788888518 553174 36214534
3 505 36300187 0 1788888518 553290 36204313
0 1007 36303859 0 1788888518 625131 36256165
1 1007 36283826 0 1788888518 625323 36261047
2 508 36317084 0 1788888518 625431 36244441
0 1008 36325302 0 1788888518 705533 36271724
1 1008 36315089 0 1788888518 706453 36285198
3 506 36348302 0 1788888518 706553 36266707
0 1009 36380830 0 1788888518 797657 36323435
1 1009 36381031 0 1788888518 798011 36352039
2 509 36402348 0 1788888518 798357 36309359
0 1010 36444679 0 1788888518 889040 36384238
1 1010 36335537 0 1788888518 889207 36302147
3 507 36452952 0 1788888518 889329 36360886
0 1011 36397029 0 1788888518 972010 36347899
1 1011 36382718 0 1788888518 972106 36356172
2 510 36409610 0 1788888518 972237 36326237
0 1012 36458670 0 1788888519 61166 36402122
1 1012 36454423 0 1788888519 61263 36429458
3 508 36461552 0 1788888519 61395 36372012
0 1013 36509467 0 1788888519 156859 36446158
1 1013 36484211 0 1788888519 156969 36448716
2 511 36549900 0 1788888519 157285 36453660
0 1014 36522852 0 1788888519 240367 36468110
1 1014 36522580 0 1788888519 240516 36492234
3 509 36550409 0 1788888519 240617 36466497
0 1015 36586433 0 1788888519 337786 36524565
1 1015 36572614 0 1788888519 337906 36539933
2 512 36597059 0 1788888519 338300 36498930
0 1016 36656874 0 1788888519 439933 36592120
1 1016 36647895 0 1788888519 440087 36613208
3 510 36668984 0 1788888519 440237 36566380
0 1017 36684992 0 1788888519 521158 36631093
1 1017 36660554 0 1788888519 521311 36631409
2 513 36712110 0 1788888519 521396 36630461
0 1018 36673067 0 1788888519 597069 36621891
1 1018 36667834 0 1788888519 597236 36640928
3 511 36684473 0 1788888519 597323 36608141
0 1019 36724463 0 1788888519 671797 36675317
1 1019 36723903 0 1788888519 671998 36698268
2 514 36729141 0 1788888519 672628 36653395
0 1020 36702480 0 1788888519 746483 36658786
1 1020 36682468 0 1788888519 746666 36660622
3 512 36753940 0 1788888519 746808 36678734
0 1021 36700580 0 1788888519 826834 36645497
1 1021 36688897 0 1788888519 827179 36659659
2 515 36736583 0 1788888519 827725 36655172
0 1022 36749149 0 1788888519 916805 36689386
1 1022 36738980 0 1788888519 917560 36706287
3 513 36769090 0 1788888519 917971 36677779
0 1023 36789879 0 1788888520 1431 36736370
1 1023 36788351 0 1788888520 2915 36758075
2 516 36821472 0 1788888520 3176 36734713
0 1024 36816142 0 1788888520 92253 36759720
1 1024 36799296 0 1788888520 92444 36769105
3 514 36855333 0 1788888520 92699 36763826
0 1025 36865301 0 1788888520 189872 36801670
1 1025 36861365 0 1788888520 190010 36830562
2 517 36885784 0 1788888520 190150 36787689
0 1026 36877334 0 1788888520 275815 36820182
1 1026 36848981 0 1788888520 276015 36817169
3 515 36912973 0 1788888520 276194 36826482
0 1027 36905055 0 1788888520 370475 36841024
1 1027 36894038 0 1788888520 371266 36861569
2 518 36937662 0 1788888520 371417 36841867
0 1028 36954777 0 1788888520 456712 36902235
1 1028 36952941 0 1788888520 456889 36925181
3 516 36958340 0 1788888520 457031 36871595
0 1029 36987853 0 1788888520 526243 36942293
1 1029 36986936 0 1788888520 526415 36964702
2 519 37003172 0 1788888520 526552 36933158
0 1030 37040307 0 1788888520 603488 36989927
1 1030 37028658 0 1788888520 603684 37002222
3 517 37040910 0 1788888520 603784 36963201
0 1031 37064288 0 1788888520 683614 37014596
1 1031 37029769 0 1788888520 684662 37003418
2 520 37097213 0 1788888520 684838 37015650
0 1032 37090805 0 1788888520 757986 37043712
1 1032 37065531 0 1788888520 758282 37041597
3 518 37098505 0 1788888520 758559 37023322
0 1033 37092183 0 1788888520 826197 37047182
1 1033 37076557 0 1788888520 826366 37054431
2 521 37105971 0 1788888520 826490 37037257
0 1034 37107304 0 1788888520 908559 37058012
1 1034 37091880 0 1788888520 908751 37066518
3 519 37108436 0 1788888520 908895 37025572
0 1035 37127246 0 1788888521 4322 37066480
1 1035 37066294 0 1788888521 4477 37036992
2 522 37141662 0 1788888521 4793 37045236
0 1036 37118564 0 1788888521 93610 37060349
1 1036 37098772 0 1788888521 93754 37067600
3 520 37131462 0 1788888521 93922 37041558
0 1037 37148048 0 1788888521 192579 37081014
1 1037 37099495 0 1788888521 192768 37064406
2 523 37187112 0 1788888521 195131 37085384
0 1038 37200292 0 1788888521 301601 37125985
1 1038 37197745 0 1788888521 302275 37158251
3 521 37204633 0 1788888521 303366 37093655
0 1039 37272970 0 1788888521 387466 37221494
1 1039 37265548 0 1788888521 387798 37237123
2 524 37278053 0 1788888521 387915 37191480
0 1040 37348940 0 1788888521 498006 37266951
1 1040 37335361 0 1788888521 498117 37291210
3 522 37363174 0 1788888521 498217 37252240
0 1041 37399674 0 1788888521 587600 37341006
1 1041 37388147 0 1788888521 587786 37360223
2 525 37419156 0 1788888521 588101 37328869
0 1042 37429019 0 1788888521 660793 37380422
1 1042 37404422 0 1788888521 660936 37380259
3 523 37449638 0 1788888521 661507 37375551
0 1043 37463574 0 1788888521 731648 37415074
1 1043 37451946 0 1788888521 731835 37426992
2 526 37469717 0 1788888521 732013 37398322
0 1044 37436902 0 1788888521 815430 37381166
1 1044 37390566 0 1788888521 815593 37362975
3 524 37528388 0 1788888521 815683 37444158
0 1045 37468305 0 1788888521 906882 37414495
1 1045 37447611 0 1788888521 907093 37419059
2 527 37474282 0 1788888521 907229 37382368
0 1046 37502750 0 1788888521 993902 37446429
1 1046 37497932 0 1788888521 994137 37470102
3 525 37514658 0 1788888521 994909 37426482
0 1047 37572101 0 1788888522 73248 37518679
1 1047 37564058 0 1788888522 73450 37532951
2 528 37576460 0 1788888522 73721 37496477
0 1048 37587487 0 1788888522 174001 37516850
1 1048 37578840 0 1788888522 174832 37535647
3 526 37596990 0 1788888522 175041 37495005
0 1049 37627301 0 1788888522 271165 37571368
1 1049 37590421 0 1788888522 271354 37563789
2 529 37629867 0 1788888522 271494 37532253
0 1050 37672120 0 1788888522 365212 37609255
1 1050 37673042 0 1788888522 370276 37633433
3 527 37681464 0 1788888522 370458 37581903
0 1051 37739680 0 1788888522 471223 37682658
1 1051 37729463 0 1788888522 471379 37699126
2 530 37748188 0 1788888522 471471 37636758
0 1052 37865311 0 1788888522 623459 37751545
1 1052 37838498 0 1788888522 623983 37780530
3 528 37876701 0 1788888522 624323 37723476
0 1053 37956012 0 1788888522 757293 37870955
1 1053 37945336 0 1788888522 758596 37893657
2 531 37964637 0 1788888522 759107 37828661
0 1054 38045842 0 1788888522 878355 37974893
1 1054 38045055 0 1788888522 879162 38010632
3 529 38049742 0 1788888522 879277 37925133
0 1055 38115357 0 1788888522 976208 38054540
1 1055 38089117 0 1788888522 976405 38057155
2 532 38144022 0 1788888522 980597 38041554
0 1056 38116487 0 1788888523 61402 38065820
1 1056 38110284 0 1788888523 61665 38085659
3 530 38139339 0 1788888523 61824 38053580
0 1057 38151221 0 1788888523 147421 38100507
1 1057 38136727 0 1788888523 147616 38107634
2 533 38159546 0 1788888523 147757 38072927
0 1058 38149215 0 1788888523 229722 38096522
1 1058 38136475 0 1788888523 229846 38106817
3 531 38179859 0 1788888523 229983 38097138
0 1059 38199900 0 1788888523 325449 38147030
1 1059 38192887 0 1788888523 325541 38164318
2 534 38212326 0 1788888523 325675 38116171
0 1060 38245030 0 1788888523 414189 38187239
1 1060 38233602 0 1788888523 414297 38208243
3 532 38273800 0 1788888523 418061 38181071
0 1061 38237185 0 1788888523 499795 38182887
1 1061 38166137 0 1788888523 499899 38140757
2 535 38285947 0 1788888523 500001 38199967
0 1062 38219551 0 1788888523 576247 38171664
1 1062 38219385 0 1788888523 576361 38194060
3 533 38229337 0 1788888523 576521 38152519
0 1063 38286402 0 1788888523 668339 38239259
1 1063 38249911 0 1788888523 668681 38225702
2 536 38305389 0 1788888523 669266 38212204
0 1064 38322869 0 1788888523 755982 38266138
1 1064 38294111 0 1788888523 756806 38262105
3 534 38329434 0 1788888523 756995 38240551
0 1065 38334180 0 1788888523 831660 38284789
1 1065 38330162 0 1788888523 831848 38306761
2 537 38353358 0 1788888523 832554 38276281
0 1066 38375483 0 1788888523 923565 38320351
1 1066 38368396 0 1788888523 923736 38340679
3 535 38420837 0 1788888523 923911 38328393
0 1067 38420025 0 1788888524 372 38368041
1 1067 38408764 0 1788888524 528 38383081
2 538 38422595 0 1788888524 765 38345145
0 1068 38479745 0 1788888524 83764 38428669
1 1068 38478025 0 1788888524 83960 38454248
3 536 38487851 0 1788888524 84094 38403958
0 1069 38533449 0 1788888524 165105 38483209
1 1069 38500250 0 1788888524 165305 38478411
2 539 38560798 0 1788888524 169239 38475111
0 1070 38560048 0 1788888524 280999 38492263
1 1070 38525640 0 1788888524 283173 38491786
3 537 38583844 0 1788888524 283354 38465409
0 1071 38618390 0 1788888524 387010 38548671
1 1071 38617891 0 1788888524 387285 38585017
2 540 38626958 0 1788888524 387442 38520246
0 1072 38681057 0 1788888524 476190 38620826
1 1072 38672886 0 1788888524 476338 38645001
3 538 38705845 0 1788888524 476472 38614378
0 1073 38747080 0 1788888524 560213 38689272
1 1073 38739237 0 1788888524 560964 38713338
2 541 38748583 0 1788888524 561348 38663208
0 1074 38739757 0 1788888524 649039 38681793
1 1074 38674685 0 1788888524 649191 38642446
3 539 38795762 0 1788888524 649466 38706337
0 1075 38646222 0 1788888524 749816 38579717
1 1075 38569674 0 1788888524 749936 38529075
2 542 38708490 0 1788888524 750078 38607250
0 1076 38609900 0 1788888524 840516 38548396
1 1076 38592326 0 1788888524 840753 38559712
3 540 38642562 0 1788888524 841024 38551094
0 1077 38655564 0 1788888524 940857 38591244
1 1077 38654051 0 1788888524 942115 38619959
2 543 38677532 0 1788888524 942302 38575442
0 1078 38702298 0 1788888525 31039 38650334
1 1078 38687126 0 1788888525 31314 38658214
3 541 38706417 0 1788888525 31503 38615524
0 1079 38703333 0 1788888525 65692 38701252
1 1079 38782283 0 1788888525 148560 38729318
2 544 38797905 0 1788888525 148756 38679953
3 542 38780409 0 1788888525 148907 38754419
0 1080 38864367 0 1788888525 235309 38777440
1 1080 38859571 0 1788888525 235480 38803589
2 545 38843053 0 1788888525 236105 38816283
0 1081 38910277 0 1788888525 311066 38860159
1 1081 38910536 0 1788888525 311479 38883641
3 543 38914956 0 1788888525 311654 38838445
0 1082 38979188 0 1788888525 396522 38925744
1 1082 38965884 0 1788888525 396722 38937401
2 546 38989293 0 1788888525 396817 38903381
0 1083 39007284 0 1788888525 482105 38957049
1 1083 39007177 0 1788888525 482249 38983891
3 544 39042739 0 1788888525 482347 38956726
0 1084 39031386 0 1788888525 559252 38983278
1 1084 39026033 0 1788888525 559635 39000332
2 547 39067810 0 1788888525 560506 38989257
0 1085 38999600 0 1788888525 635976 38949747
1 1085 38984125 0 1788888525 636155 38959306
3 545 39036400 0 1788888525 641316 38954111
0 1086 39033918 0 1788888525 718576 38984296
1 1086 39013725 0 1788888525 718677 38987891
2 548 39060532 0 1788888525 718873 38977485
0 1087 39029194 0 1788888525 796116 38979445
1 1087 38963960 0 1788888525 796259 38940946
3 546 39082983 0 1788888525 796398 39004772
0 1088 38998054 0 1788888525 866094 38949801
1 1088 38977177 0 1788888525 866686 38952832
2 549 39026952 0 1788888525 866878 38956078
0 1089 39035268 0 1788888525 942841 38987176
1 1089 39030435 0 1788888525 943127 39006193
3 547 39049526 0 1788888525 947280 38967563
0 1090 39080062 0 1788888526 23616 39028860
1 1090 39057868 0 1788888526 23858 39034159
2 550 39086405 0 1788888526 23952 39005153
0 1091 39120034 0 1788888526 99306 39072907
1 1091 39100814 0 1788888526 99465 39077555
3 548 39126801 0 1788888526 99558 39050674
0 1092 39150480 0 1788888526 174891 39099231
1 1092 39101891 0 1788888526 175644 39072358
2 551 39158790 0 1788888526 175750 39082156
0 1093 39142897 0 1788888526 245245 39099377
1 1093 39115921 0 1788888526 247262 39092387
3 549 39154948 0 1788888526 247381 39082198
0 1094 39102357 0 1788888526 318586 39056104
1 1094 39097732 0 1788888526 318796 39076769
2 552 39138232 0 1788888526 318888 39064423
0 1095 39060669 0 1788888526 385709 39017099
1 1095 39032362 0 1788888526 386030 39009212
3 550 39101076 0 1788888526 386259 39033245
0 1096 39081039 0 1788888526 465917 39027962
1 1096 39075887 0 1788888526 466074 39044614
2 553 39082448 0 1788888526 466209 39001765
0 1097 39118867 0 1788888526 562227 39052163
1 1097 39095145 0 1788888526 562389 39058241
3 551 39152482 0 1788888526 562488 39055721
0 1098 39207614 0 1788888526 721561 39109359
1 1098 39131389 0 1788888526 721724 39103194
2 554 39228751 0 1788888526 721895 39068706
0 1099 39217348 0 1788888526 853812 39129541
1 1099 39157271 0 1788888526 854177 39104538
3 552 39251200 0 1788888526 861300 39111173
0 1100 39257979 0 1788888526 977498 39182897
1 1100 39230047 0 1788888526 977816 39200414
2 555 39264756 0 1788888526 977932 39140418
0 1101 39281476 0 1788888527 92724 39207490
1 1101 39273403 0 1788888527 94563 39227462
3 553 39344640 0 1788888527 94895 39226420
0 1102 39361191 0 1788888527 195328 39302291
1 1102 39331320 0 1788888527 195527 39302192
2 556 39362239 0 1788888527 195717 39257939
0 1103 39383522 0 1788888527 287054 39323855
1 1103 39381495 0 1788888527 287181 39351343
3 554 39392690 0 1788888527 288037 39299796
0 1104 39451197 0 1788888527 375626 39394826
1 1104 39434087 0 1788888527 376275 39407428
2 557 39460005 0 1788888527 376669 39370118
0 1105 39504418 0 1788888527 488110 39435408
1 1105 39473926 0 1788888527 488280 39437695
3 555 39529564 0 1788888527 488509 39416432
0 1106 39582276 0 1788888527 618159 39502463
1 1106 39575360 0 1788888527 619211 39535839
2 558 39598820 0 1788888527 619380 39467301
0 1107 39645588 0 1788888527 718763 39576282
1 1107 39645657 0 1788888527 719001 39606103
3 556 39672960 0 1788888527 719795 39571139
0 1108 39744526 0 1788888527 830383 39680247
1 1108 39739690 0 1788888527 830504 39711865
2 559 39748846 0 1788888527 830674 39636676
0 1109 39805691 0 1788888527 931043 39738522
1 1109 39800380 0 1788888527 931242 39767937
3 557 39830587 0 1788888527 931383 39729415
0 1110 39879188 0 1788888528 22849 39819796
1 1110 39868784 0 1788888528 23137 39836084
2 560 39880883 0 1788888528 23340 39788315
0 1111 39960164 0 1788888528 121872 39897187
1 1111 39954623 0 1788888528 122630 39923880
3 558 39964516 0 1788888528 122780 39864357
3 559 40029218 0 1788888528 231144 40026293
0 1112 40069794 0 1788888528 260940 39963261
1 1112 40063276 0 1788888528 261137 39995869
2 561 40080960 0 1788888528 261449 39941192
0 1113 40102482 0 1788888528 346636 40046065
1 1113 40090757 0 1788888528 346795 40061479
3 560 40132600 0 1788888528 347534 40045819
0 1114 40143402 0 1788888528 432572 40083358
1 1114 40114589 0 1788888528 432707 40084166
2 562 40148614 0 1788888528 432818 40062260
0 1115 40176338 0 1788888528 525889 40115173
1 1115 40149686 0 1788888528 526066 40120759
3 561 40186924 0 1788888528 526212 40093035
0 1116 40225571 0 1788888528 621191 40158868
1 1116 40217027 0 1788888528 621721 40180765
2 563 40230521 0 1788888528 622665 40133508
0 1117 40288299 0 1788888528 714914 40229384
1 1117 40255779 0 1788888528 715068 40226121
3 562 40306919 0 1788888528 715162 40212423
0 1118 40350596 0 1788888528 820355 40287741
1 1118 40349831 0 1788888528 820597 40320783
2 564 40354654 0 1788888528 822138 40247205
0 1119 40408512 0 1788888528 917718 40344941
1 1119 40398973 0 1788888528 917880 40365379
3 563 40414493 0 1788888528 918016 40316053
0 1120 40439346 0 1788888529 25871 40365512
1 1120 40432465 0 1788888529 25999 40393222
2 565 40443163 0 1788888529 26112 40334554
0 1121 40462250 0 1788888529 119010 40412072
1 1121 40461627 0 1788888529 119176 40436396
3 564 40516757 0 1788888529 119462 40422923
0 1122 40493499 0 1788888529 222449 40421461
1 1122 40364020 0 1788888529 222608 40326224
2 566 40507088 0 1788888529 223420 40402445
0 1123 40448997 0 1788888529 319354 40385496
1 1123 40439976 0 1788888529 319465 40409384
3 565 40458323 0 1788888529 319616 40360966
0 1124 40485962 0 1788888529 397234 40437598
1 1124 40474448 0 1788888529 397400 40449294
2 567 40488273 0 1788888529 397501 40409945
0 1125 40551550 0 1788888529 483263 40498886
1 1125 40521415 0 1788888529 483555 40494717
3 566 40557154 0 1788888529 483650 40470455
0 1126 40569230 0 1788888529 571403 40511184
1 1126 40554479 0 1788888529 572154 40528515
2 568 40574607 0 1788888529 572229 40484654
0 1127 40604415 0 1788888529 661425 40549014
1 1127 40602569 0 1788888529 662169 40574562
3 567 40617600 0 1788888529 662456 40526379
0 1128 40633977 0 1788888529 754430 40576522
1 1128 40617416 0 1788888529 754534 40589217
2 569 40657141 0 1788888529 754668 40561746
0 1129 40647854 0 1788888529 845840 40590229
1 1129 40603709 0 1788888529 846320 40575849
3 568 40698326 0 1788888529 846433 40606170
0 1130 40612312 0 1788888529 936171 40557891
1 1130 40601487 0 1788888529 936794 40570799
2 570 40677310 0 1788888529 936937 40585990
0 1131 40664742 0 1788888530 15690 40614445
1 1131 40658600 0 1788888530 15843 40632401
3 569 40672386 0 1788888530 15979 40592406
0 1132 40711789 0 1788888530 85785 40663923
1 1132 40661407 0 1788888530 85938 40637161
2 571 40726080 0 1788888530 86075 40655500
0 1133 40695490 0 1788888530 168859 40637230
1 1133 40694561 0 1788888530 169023 40663487
3 570 40716406 0 1788888530 169128 40632903
0 1134 40745783 0 1788888530 254446 40693166
1 1134 40744583 0 1788888530 255070 40715189
2 572 40760029 0 1788888530 255505 40673189
0 1135 40818486 0 1788888530 336427 40766970
1 1135 40807270 0 1788888530 336588 40779414
3 571 40820486 0 1788888530 336762 40737937
0 1136 40872603 0 1788888530 428126 40810805
1 1136 40860556 0 1788888530 428337 40827461
2 573 40876214 0 1788888530 428587 40783839
0 1137 40913888 0 1788888530 510913 40860277
1 1137 40912921 0 1788888530 511160 40886842
3 572 40935123 0 1788888530 511297 40851700
0 1138 40941761 0 1788888530 596667 40886075
1 1138 40925975 0 1788888530 597942 40896797
2 574 40980325 0 1788888530 598059 40892961
0 1139 40985288 0 1788888530 682691 40928500
1 1139 40977534 0 1788888530 682832 40949481
3 573 41001134 0 1788888530 682985 40912988
0 1140 41037016 0 1788888530 771892 40979777
1 1140 41017972 0 1788888530 772042 40987571
2 575 41040092 0 1788888530 772192 40950489
0 1141 41111552 0 1788888530 878820 41038410
1 1141 41106792 0 1788888530 879109 41065620
3 574 41125568 0 1788888530 884466 41012750
0 1142 41173609 0 1788888530 999129 41102479
1 1142 41169332 0 1788888530 999429 41135200
2 576 41213867 0 1788888530 999649 41092822
1 1143 41179452 0 1788888531 68199 41176776
0 1143 41289720 0 1788888531 157006 41168629
2 577 41240401 0 1788888531 157177 41192580
3 575 41316572 0 1788888531 157356 41158020
0 1144 41300111 0 1788888531 289023 41215448
1 1144 41371954 0 1788888531 289187 41239463
2 578 41296408 0 1788888531 289275 41255588
0 1145 41418140 0 1788888531 421307 41326121
1 1145 41410249 0 1788888531 422177 41369171
3 576 41423143 0 1788888531 424874 41287067
3 577 41487595 0 1788888531 603746 41484719
3 578 41505430 0 1788888531 637618 41502664
0 1146 41594191 0 1788888531 675066 41421863
1 1146 41573491 0 1788888531 675366 41450893
2 579 41624910 0 1788888531 675481 41369993
0 1147 41621983 0 1788888531 786790 41548256
1 1147 41617323 0 1788888531 787440 41582863
3 579 41623181 0 1788888531 787732 41507325
0 1148 41675536 0 1788888531 870686 41620626
1 1148 41666793 0 1788888531 871469 41636921
2 580 41694536 0 1788888531 871699 41609269
0 1149 41697859 0 1788888531 961687 41639260
1 1149 41695253 0 1788888531 962603 41664526
3 580 41726452 0 1788888531 963328 41633590
0 1150 41712747 0 1788888532 66827 41650548
1 1150 41712212 0 1788888532 67358 41681140
2 581 41736859 0 1788888532 67555 41630416
0 1151 41792441 0 1788888532 161686 41728756
1 1151 41777753 0 1788888532 161849 41744681
3 581 41794446 0 1788888532 161951 41699068
0 1152 41844799 0 1788888532 285061 41761610
1 1152 41830694 0 1788888532 286893 41793839
2 582 41875716 0 1788888532 287765 41749403
0 1153 41944804 0 1788888532 408418 41873266
1 1153 41935354 0 1788888532 408576 41899903
3 582 41946658 0 1788888532 408720 41822826
0 1154 42001425 0 1788888532 521418 41923637
1 1154 41990752 0 1788888532 521537 41952458
2 583 42039793 0 1788888532 521667 41926339
0 1155 42179161 0 1788888532 742407 42010134
1 1155 42177143 0 1788888532 742531 42109621
3 583 42203369 0 1788888532 742675 41981923
0 1156 42308061 0 1788888532 910659 42224309
1 1156 42227845 0 1788888532 910828 42186198
2 584 42313240 0 1788888532 910981 42144411
0 1157 42289789 0 1788888533 19555 42224138
1 1157 42283633 0 1788888533 19756 42252520
3 584 42310489 0 1788888533 19866 42201088
0 1158 42304915 0 1788888533 108894 42248118
1 1158 42286191 0 1788888533 109126 42261689
2 585 42371063 0 1788888533 109231 42281174
0 1159 42356241 0 1788888533 211193 42285480
1 1159 42347491 0 1788888533 211465 42306146
3 585 42386365 0 1788888533 211622 42283054
0 1160 42484957 0 1788888533 355306 42383880
1 1160 42433898 0 1788888533 355526 42371494
2 586 42490475 0 1788888533 355913 42345536
0 1161 42545149 0 1788888533 488013 42472726
1 1161 42513576 0 1788888533 488139 42479369
3 586 42566642 0 1788888533 492027 42429494
0 1162 42582278 0 1788888533 607628 42506150
1 1162 42524365 0 1788888533 607795 42483903
2 587 42615146 0 1788888533 607889 42495061
0 1163 42679921 0 1788888533 771238 42577071
1 1163 42664458 0 1788888533 771378 42608165
3 587 42682992 0 1788888533 772209 42518232
0 1164 42722324 0 1788888533 869621 42661552
1 1164 42718163 0 1788888533 869788 42686058
2 588 42742231 0 1788888533 869942 42643364
0 1165 42799897 0 1788888533 976914 42724472
1 1165 42794539 0 1788888533 977101 42750789
3 588 42821659 0 1788888533 977289 42713800
0 1166 42768558 0 1788888534 73474 42712836
1 1166 42756622 0 1788888534 73623 42727711
2 589 42830253 0 1788888534 73880 42733053
0 1167 42793834 0 1788888534 170188 42729563
1 1167 42789261 0 1788888534 170825 42751998
3 589 42850299 0 1788888534 171708 42751885
0 1168 42887119 0 1788888534 304915 42794864
1 1168 42866518 0 1788888534 307180 42817212
2 590 42918809 0 1788888534 307297 42781488
0 1169 42995801 0 1788888534 479610 42901336
1 1169 42981107 0 1788888534 479737 42924970
3 590 43021057 0 1788888534 479867 42845936
0 1170 43254605 0 1788888534 759488 43048159
1 1170 43248891 0 1788888534 761435 43138937
2 591 43256822 0 1788888534 761579 42973980
0 1171 43351201 0 1788888534 875715 43341386
1 1171 43566367 0 1788888535 95919 43436855
2 592 43555790 0 1788888535 96504 43487494
3 591 43575174 0 1788888535 97540 43236788
3 592 43710686 0 1788888535 271241 43703258
0 1172 43784815 0 1788888535 327998 43552364
1 1172 43783216 0 1788888535 328209 43609629
2 593 43776125 0 1788888535 328322 43652828
0 1173 43879162 0 1788888535 505245 43751877
1 1173 43865704 0 1788888535 505429 43797043
3 593 43932828 0 1788888535 505520 43755008
0 1174 44035663 0 1788888535 720247 43876994
1 1174 44020733 0 1788888535 723382 43923180
2 594 44060914 0 1788888535 724927 43841024
0 1175 44214620 0 1788888535 958997 44089636
1 1175 44204362 0 1788888535 959117 44134365
3 594 44223789 0 1788888535 959210 43978330
0 1176 44397184 0 1788888536 185074 44258965
1 1176 44375103 0 1788888536 185526 44302312
2 595 44408377 0 1788888536 185800 44180926
1 1177 44448084 0 1788888536 346466 44444688
0 1177 44614953 0 1788888536 511361 44383394
2 596 44576260 0 1788888536 511975 44493188
3 595 44708400 0 1788888536 521389 44371859
0 1178 44743481 0 1788888536 716062 44642668
1 1178 44750907 0 1788888536 716165 44544294
2 597 44702772 0 1788888536 716246 44650357
0 1179 44822797 0 1788888536 867278 44732434
1 1179 44793148 0 1788888536 871220 44748919
3 596 44828079 0 1788888536 871413 44672398
0 1180 44899951 0 1788888537 11913 44812253
1 1180 44885095 0 1788888537 12898 44831785
2 598 44919750 0 1788888537 14614 44772143
0 1181 44983079 0 1788888537 126022 44966451
1 1181 45101723 0 1788888537 274340 45005283
2 599 45089975 0 1788888537 275061 45043018
3 597 45143330 0 1788888537 276277 44877522
0 1182 45190556 0 1788888537 393830 45069275
1 1182 45164820 0 1788888537 393940 45090942
2 600 45161978 0 1788888537 394124 45120300
0 1183 45255406 0 1788888537 509107 45176034
1 1183 45222197 0 1788888537 511398 45185168
3 598 45262358 0 1788888537 511502 45144374
0 1184 45331803 0 1788888537 630484 45256542
1 1184 45330042 0 1788888537 630607 45292146
2 601 45335711 0 1788888537 630750 45213776
0 1185 45445794 0 1788888537 766269 45368530
1 1185 45438390 0 1788888537 769909 45392573
3 599 45456021 0 1788888537 770077 45316242
0 1186 45523044 0 1788888537 870346 45459545
1 1186 45508435 0 1788888537 870577 45475291
2 602 45535536 0 1788888537 870777 45430810
0 1187 45615547 0 1788888537 997180 45527279
1 1187 45568091 0 1788888537 997376 45514740
3 600 45627680 0 1788888537 997468 45500268
0 1188 45635689 0 1788888538 111969 45563927
1 1188 45622138 0 1788888538 112170 45586642
2 603 45638727 0 1788888538 112369 45521360
0 1189 45705418 0 1788888538 249769 45615580
1 1189 45705530 0 1788888538 253678 45658731
3 601 45728537 0 1788888538 253854 45586439
0 1190 45762178 0 1788888538 348951 45703311
1 1190 45762607 0 1788888538 349495 45731576
2 604 45790130 0 1788888538 349902 45689781
0 1191 45863527 0 1788888538 466550 45788026
1 1191 45860614 0 1788888538 466732 45819884
3 602 45866551 0 1788888538 466998 45748214
0 1192 45947924 0 1788888538 581671 45882272
1 1192 45951524 0 1788888538 587200 45912526
2 605 45963351 0 1788888538 587336 45842004
0 1193 45972201 0 1788888538 674179 45914955
1 1193 45954918 0 1788888538 674296 45924558
3 603 46004987 0 1788888538 674382 45911202
0 1194 45949358 0 1788888538 799621 45855799
1 1194 45948344 0 1788888538 799731 45879001
2 606 45986073 0 1788888538 799801 45860259
0 1195 46132218 0 1788888539 38391 45954943
1 1195 46121064 0 1788888539 38610 46024745
3 604 46164976 0 1788888539 43401 45920929
0 1196 46258826 0 1788888539 178545 46170436
1 1196 46220690 0 1788888539 178728 46170202
2 607 46260837 0 1788888539 179503 46115896
0 1197 46310762 0 1788888539 299970 46252357
1 1197 46293089 0 1788888539 300124 46269510
3 605 46312058 0 1788888539 300268 46190071
0 1198 46327435 0 1788888539 379849 46276323
1 1198 46283330 0 1788888539 380603 46258428
2 608 46372383 0 1788888539 380947 46291151
0 1199 46301913 0 1788888539 461070 46248140
1 1199 46289015 0 1788888539 461397 46260048
3 606 46353391 0 1788888539 461757 46270839
0 1200 46348520 0 1788888539 544395 46292969
1 1200 46320269 0 1788888539 544559 46289429
2 609 46360829 0 1788888539 545209 46276507
0 1201 46393280 0 1788888539 644174 46324418
1 1201 46374681 0 1788888539 644330 46342254
3 607 46419946 0 1788888539 644613 46319322
0 1202 46440522 0 1788888539 728977 46385722
1 1202 46414547 0 1788888539 729167 46385754
2 610 46458223 0 1788888539 729578 46372586
0 1203 46435377 0 1788888539 812195 46381988
1 1203 46429331 0 1788888539 812389 46403256
3 608 46493645 0 1788888539 812499 46409973
0 1204 46419389 0 1788888539 898053 46363608
1 1204 46416985 0 1788888539 898448 46386387
2 611 46426455 0 1788888539 899494 46338911
0 1205 46464114 0 1788888539 980381 46413493
1 1205 46454313 0 1788888539 980580 46425281
3 609 46480056 0 1788888539 980864 46397021
0 1206 46601969 0 1788888540 158762 46471198
1 1206 46585405 0 1788888540 158972 46509555
2 612 46625808 0 1788888540 159078 46446913
0 1207 46716760 0 1788888540 308224 46628831
1 1207 46710233 0 1788888540 308407 46668344
3 610 46723414 0 1788888540 308683 46573271
0 1208 46778339 0 1788888540 426772 46707350
1 1208 46769630 0 1788888540 427442 46737534
2 613 46819200 0 1788888540 427605 46699590
0 1209 46827653 0 1788888540 501615 46780081
1 1209 46814907 0 1788888540 501824 46791472
3 611 46830526 0 1788888540 501991 46755138
0 1210 46876162 0 1788888540 582510 46820711
1 1210 46846065 0 1788888540 582706 46820139
2 614 46880411 0 1788888540 582891 46798940
0 1211 46918502 0 1788888540 674121 46858296
1 1211 46916534 0 1788888540 674291 46883745
3 612 46927459 0 1788888540 674432 46835382
0 1212 46934038 0 1788888540 757135 46875315
1 1212 46933385 0 1788888540 758432 46899768
2 615 46981514 0 1788888540 758745 46896680
0 1213 46987768 0 1788888540 888065 46901169
1 1213 46965430 0 1788888540 889237 46916361
3 613 47061311 0 1788888540 890018 46927993
0 1214 47059270 0 1788888540 994390 46989662
1 1214 46925074 0 1788888540 999467 46878909
2 616 47074237 0 1788888540 999715 46961019
0 1215 46982864 0 1788888541 101504 46922189
1 1215 46971018 0 1788888541 102002 46941283
3 614 47028501 0 1788888541 107264 46915427
0 1216 46974892 0 1788888541 217488 46902645
1 1216 46969254 0 1788888541 217584 46935289
2 617 47023848 0 1788888541 217743 46907339
0 1217 47012575 0 1788888541 333940 46933822
1 1217 47006290 0 1788888541 334118 46973348
3 615 47073701 0 1788888541 334271 46956807
0 1218 47108060 0 1788888541 462810 47016450
1 1218 47105705 0 1788888541 463639 47059084
2 618 47133777 0 1788888541 463759 47003742
0 1219 47186854 0 1788888541 557638 47128657
1 1219 47150105 0 1788888541 557800 47121433
3 616 47197800 0 1788888541 558486 47101915
0 1220 47174235 0 1788888541 650437 47117697
1 1220 47172152 0 1788888541 650719 47143478
2 619 47243552 0 1788888541 651326 47149581
0 1221 47160728 0 1788888541 733513 47109039
1 1221 47130860 0 1788888541 733696 47106173
3 617 47166035 0 1788888541 733838 47080989
0 1222 47216846 0 1788888541 826311 47157567
1 1222 47181182 0 1788888541 826446 47152536
2 620 47220225 0 1788888541 826585 47126984
0 1223 47206057 0 1788888541 912859 47147203
1 1223 47174659 0 1788888541 913063 47147071
3 618 47261171 0 1788888541 915295 47171953
0 1224 47316325 0 1788888542 76726 47212865
1 1224 47299409 0 1788888542 76864 47254995
2 621 47323718 0 1788888542 77015 47159315
0 1225 47396317 0 1788888542 197407 47320517
1 1225 47387047 0 1788888542 197591 47349978
3 619 47411043 0 1788888542 197784 47289744
0 1226 47441382 0 1788888542 285760 47384776
1 1226 47427218 0 1788888542 285980 47397418
2 622 47444093 0 1788888542 286096 47355158
0 1227 47492688 0 1788888542 381520 47428648
1 1227 47452665 0 1788888542 382675 47423543
3 620 47499369 0 1788888542 382825 47402131
0 1228 47443727 0 1788888542 499478 47368391
1 1228 47441230 0 1788888542 499683 47406076
2 623 47507776 0 1788888542 499874 47389218
0 1229 47501146 0 1788888542 591962 47441397
1 1229 47483467 0 1788888542 592105 47453239
3 621 47532234 0 1788888542 592418 47439040
0 1230 47541079 0 1788888542 703413 47481719
1 1230 47541326 0 1788888542 703891 47510516
2 624 47586265 0 1788888542 704304 47473634
0 1231 47595651 0 1788888542 797709 47532215
1 1231 47587000 0 1788888542 798379 47557030
3 622 47612734 0 1788888542 798531 47517423
0 1232 47609652 0 1788888542 878888 47560077
1 1232 47588565 0 1788888542 879129 47561685
2 625 47630741 0 1788888542 879274 47549018
0 1233 47602241 0 1788888542 954512 47556793
1 1233 47595516 0 1788888542 954707 47572268
3 623 47634013 0 1788888542 954888 47557765
0 1234 47651216 0 1788888543 46230 47597844
1 1234 47640780 0 1788888543 46347 47612481
2 626 47681389 0 1788888543 46505 47589224
0 1235 47649984 0 1788888543 137549 47593204
1 1235 47639984 0 1788888543 137681 47611467
3 624 47676473 0 1788888543 137806 47584635
0 1236 47676984 0 1788888543 214880 47626458
1 1236 47662518 0 1788888543 215406 47640384
2 627 47679842 0 1788888543 215540 47601692
0 1237 47690574 0 1788888543 283970 47646225
1 1237 47657895 0 1788888543 284238 47635983
3 625 47705394 0 1788888543 284399 47635701
0 1238 47597042 0 1788888543 354385 47551524
1 1238 47596476 0 1788888543 354563 47571065
2 628 47603533 0 1788888543 354698 47532609
0 1239 47631383 0 1788888543 428843 47583495
1 1239 47590222 0 1788888543 428993 47566677
3 626 47645035 0 1788888543 429338 47569921
0 1240 47556904 0 1788888543 502517 47509590
1 1240 47493522 0 1788888543 502721 47472064
2 629 47587791 0 1788888543 503067 47513397
0 1241 47558511 0 1788888543 624697 47472846
1 1241 47497967 0 1788888543 625030 47452007
3 627 47583551 0 1788888543 625219 47460681
0 1242 47548567 0 1788888543 700956 47502950
1 1242 47530391 0 1788888543 701135 47507365
2 630 47553545 0 1788888543 701851 47475829
0 1243 47561064 0 1788888543 771882 47513456
1 1243 47487092 0 1788888543 772008 47463117
3 628 47561555 0 1788888543 772123 47490232
0 1244 47466341 0 1788888543 844760 47417632
1 1244 47459885 0 1788888543 845970 47434688
2 631 47530170 0 1788888543 846129 47455704
0 1245 47473114 0 1788888543 916860 47428082
1 1245 47473206 0 1788888543 917054 47451778
3 629 47505975 0 1788888543 917370 47433157
0 1246 47530693 0 1788888543 986859 47483511
1 1246 47512108 0 1788888543 987092 47488822
2 632 47537800 0 1788888543 987796 47466696
0 1247 47586806 0 1788888544 63115 47538841
1 1247 47553220 0 1788888544 63319 47528598
3 630 47587692 0 1788888544 63422 47510967
0 1248 47577069 0 1788888544 133621 47531293
1 1248 47572637 0 1788888544 133793 47550424
2 633 47609392 0 1788888544 133922 47538381
0 1249 47590971 0 1788888544 213865 47533754
1 1249 47582423 0 1788888544 214114 47549212
3 631 47592532 0 1788888544 214225 47511826
0 1250 47604580 0 1788888544 285094 47557767
1 1250 47599861 0 1788888544 285698 47575981
2 634 47625594 0 1788888544 285849 47553451
0 1251 47660540 0 1788888544 355413 47617269
1 1251 47644948 0 1788888544 355618 47622666
3 632 47668603 0 1788888544 355716 47597814
0 1252 47699326 0 1788888544 437086 47648799
1 1252 47630724 0 1788888544 437210 47605936
2 635 47726727 0 1788888544 443622 47638356
0 1253 47676562 0 1788888544 517217 47629213
1 1253 47676029 0 1788888544 517367 47653228
3 633 47691738 0 1788888544 517500 47611172
0 1254 47701069 0 1788888544 588556 47657552
1 1254 47672830 0 1788888544 589381 47650506
2 636 47713495 0 1788888544 589485 47641061
0 1255 47694609 0 1788888544 675196 47640290
1 1255 47696033 0 1788888544 678312 47665657
3 634 47698979 0 1788888544 678609 47608809
0 1256 47774342 0 1788888544 781030 47698533
1 1256 47768074 0 1788888544 782702 47725908
2 637 47780018 0 1788888544 782907 47671669
0 1257 47873479 0 1788888544 890157 47804307
1 1257 47850613 0 1788888544 892900 47809675
3 635 47883428 0 1788888544 899532 47761987
0 1258 47875120 0 1788888544 985184 47823017
1 1258 47863692 0 1788888544 985378 47839969
2 638 47896773 0 1788888544 985483 47801282
0 1259 47951031 0 1788888545 82588 47882504
1 1259 47882062 0 1788888545 82859 47848346
3 636 47957354 0 1788888545 83482 47858872
0 1260 47994276 0 1788888545 211226 47901106
1 1260 47993878 0 1788888545 211394 47948567
2 639 48004229 0 1788888545 211540 47874854
0 1261 48059813 0 1788888545 326007 47980404
1 1261 48029038 0 1788888545 326243 47982064
3 637 48091993 0 1788888545 335059 47965245
0 1262 48069801 0 1788888545 444999 47996601
1 1262 48054333 0 1788888545 445122 48015919
2 640 48078508 0 1788888545 447133 47957106
0 1263 48054140 0 1788888545 528813 47998328
1 1263 47989309 0 1788888545 529020 47961511
3 638 48120649 0 1788888545 529185 48036208
0 1264 48020524 0 1788888545 637751 47935611
1 1264 47995290 0 1788888545 637944 47940016
2 641 48058935 0 1788888545 638082 47949439
0 1265 48121164 0 1788888545 783268 48048810
1 1265 48114488 0 1788888545 783482 48083919
3 639 48133913 0 1788888545 784167 47987287
0 1266 48182938 0 1788888545 874761 48124347
1 1266 48155333 0 1788888545 874906 48128621
2 642 48195010 0 1788888545 877899 48099947
0 1267 48192148 0 1788888545 956354 48140419
1 1267 48190175 0 1788888545 956464 48166259
3 640 48217716 0 1788888545 956832 48135494
0 1268 48251560 0 1788888546 36073 48198258
1 1268 48248378 0 1788888546 36195 48216808
2 643 48264754 0 1788888546 39251 48181653
0 1269 48312685 0 1788888546 129124 48254447
1 1269 48301947 0 1788888546 129279 48269692
3 641 48332511 0 1788888546 130680 48237658
0 1270 48361442 0 1788888546 218745 48308669
1 1270 48320281 0 1788888546 218985 48294125
2 644 48374973 0 1788888546 219086 48284766
0 1271 48355304 0 1788888546 309006 48302865
1 1271 48320047 0 1788888546 309206 48293131
3 642 48370270 0 1788888546 309517 48279289
0 1272 48320812 0 1788888546 411791 48249648
1 1272 48320739 0 1788888546 416454 48281556
2 645 48350687 0 1788888546 417238 48242280
0 1273 48404726 0 1788888546 515336 48340676
1 1273 48332974 0 1788888546 517849 48292089
3 643 48412630 0 1788888546 518280 48305862
0 1274 48388888 0 1788888546 617382 48331745
1 1274 48338564 0 1788888546 617535 48309978
2 646 48412433 0 1788888546 617966 48309569
0 1275 48370419 0 1788888546 705863 48310359
1 1275 48344424 0 1788888546 706752 48313909
3 644 48394932 0 1788888546 706907 48305240
0 1276 48434622 0 1788888546 804426 48369401
1 1276 48409343 0 1788888546 804608 48375310
2 647 48441537 0 1788888546 804710 48342454
0 1277 48488045 0 1788888546 896117 48425425
1 1277 48451561 0 1788888546 901305 48413701
3 645 48501918 0 1788888546 901488 48404704
0 1278 48506500 0 1788888546 989571 48452344
1 1278 48503741 0 1788888546 989746 48475611
2 648 48510294 0 1788888546 989891 48416328
0 1279 48539652 0 1788888547 74718 48482408
1 1279 48525241 0 1788888547 74886 48498006
3 646 48569121 0 1788888547 75228 48483294
0 1280 48596243 0 1788888547 165839 48535656
1 1280 48481929 0 1788888547 166005 48449669
2 649 48614906 0 1788888547 166142 48523309
0 1281 48517026 0 1788888547 249131 48460803
1 1281 48509058 0 1788888547 249344 48477790
3 647 48535224 0 1788888547 249478 48450438
0 1282 48531935 0 1788888547 332035 48478697
1 1282 48504388 0 1788888547 332247 48477640
2 650 48581501 0 1788888547 332407 48498071
0 1283 48544160 0 1788888547 418405 48485707
1 1283 48543047 0 1788888547 418572 48513974
3 648 48570886 0 1788888547 418675 48484070
0 1284 48603955 0 1788888547 491278 48556220
1 1284 48603541 0 1788888547 491443 48579113
2 651 48610392 0 1788888547 491585 48536945
0 1285 48608753 0 1788888547 563571 48563907
1 1285 48599921 0 1788888547 563818 48576159
3 649 48644017 0 1788888547 563934 48571098
0 1286 48635238 0 1788888547 643915 48585237
1 1286 48606972 0 1788888547 645750 48580414
2 652 48643796 0 1788888547 647651 48559537
0 1287 48667263 0 1788888547 739437 48608950
1 1287 48658529 0 1788888547 739610 48626375
3 650 48675484 0 1788888547 739778 48579375
0 1288 48758522 0 1788888547 857489 48685072
1 1288 48746754 0 1788888547 857744 48708308
2 653 48767618 0 1788888547 858681 48648129
0 1289 48879148 0 1788888548 9606 48797833
1 1289 48867473 0 1788888548 9847 48829550
3 651 48887593 0 1788888548 10011 48733288
0 1290 49011020 0 1788888548 160199 48919084
1 1290 48943387 0 1788888548 160557 48889033
2 654 49014849 0 1788888548 161076 48862888
0 1291 49047716 0 1788888548 292037 48972868
1 1291 49047227 0 1788888548 292278 49011841
3 652 49062567 0 1788888548 303808 48918571
0 1292 49114543 0 1788888548 411732 49040679
1 1292 49108423 0 1788888548 411919 49065300
2 655 49127229 0 1788888548 415483 49003580
0 1293 49184855 0 1788888548 531179 49108559
1 1293 49183845 0 1788888548 531496 49139704
3 653 49213802 0 1788888548 531595 49093717
0 1294 49268111 0 1788888548 677364 49172815
1 1294 49227177 0 1788888548 680999 49175141
2 656 49301168 0 1788888548 681137 49150940
0 1295 49352368 0 1788888548 845203 49254655
1 1295 49344352 0 1788888548 845365 49298256
3 654 49384180 0 1788888548 845521 49215751
0 1296 49469949 0 1788888548 999443 49364668
1 1296 49466338 0 1788888549 7264 49404614
2 657 49497437 0 1788888549 7377 49334923
0 1297 49629174 0 1788888549 220836 49501656
1 1297 49612097 0 1788888549 221022 49532616
3 655 49672365 0 1788888549 221117 49450456
0 1298 49769911 0 1788888549 402025 49652729
1 1298 49750282 0 1788888549 402169 49694320
2 658 49778395 0 1788888549 402378 49596658
0 1299 49966985 0 1788888549 624700 49830368
1 1299 49953549 0 1788888549 624892 49879997
3 656 49970510 0 1788888549 625222 49747085
0 1300 49969885 0 1788888549 735810 49901874
1 1300 49959111 0 1788888549 736819 49928802
2 659 50044275 0 1788888549 736981 49931767
0 1301 50056305 0 1788888549 837787 49995047
1 1301 50050830 0 1788888549 837961 50024481
3 657 50058294 0 1788888549 838061 49955829
0 1302 50156242 0 1788888549 956491 50068992
1 1302 50152200 0 1788888549 956662 50108607
2 660 50158330 0 1788888549 956802 50039126
0 1303 50230322 0 1788888550 82212 50153396
1 1303 50211558 0 1788888550 82379 50167516
3 658 50237349 0 1788888550 82528 50110957
0 1304 50274624 0 1788888550 193334 50201692
1 1304 50266169 0 1788888550 193597 50229237
2 661 50316690 0 1788888550 193924 50202248
0 1305 50318589 0 1788888550 321858 50239422
1 1305 50227001 0 1788888550 321963 50190992
3 659 50336199 0 1788888550 322066 50206453
0 1306 50311422 0 1788888550 420377 50240231
1 1306 50265625 0 1788888550 420575 50225159
2 662 50320550 0 1788888550 421089 50221116
0 1307 50322103 0 1788888550 518610 50264544
1 1307 50271322 0 1788888550 518827 50242670
3 660 50348928 0 1788888550 519075 50250041
0 1308 50361397 0 1788888550 623691 50298206
1 1308 50359494 0 1788888550 623899 50324857
2 663 50373374 0 1788888550 624001 50267739
0 1309 50459997 0 1788888550 734568 50390522
1 1309 50445016 0 1788888550 734684 50407137
3 661 50464798 0 1788888550 734891 50353342
0 1310 50539858 0 1788888550 845620 50474966
1 1310 50529133 0 1788888550 845841 50496190
2 664 50542560 0 1788888550 846058 50430783
0 1311 50653740 0 1788888550 978077 50570272
1 1311 50643171 0 1788888550 978261 50604570
3 662 50658862 0 1788888550 979237 50524987
0 1312 50768058 0 1788888551 128540 50679690
1 1312 50757813 0 1788888551 128715 50706805
2 665 50790729 0 1788888551 128832 50639742
0 1313 50832574 0 1788888551 238880 50762191
1 1313 50810549 0 1788888551 246438 50767161
3 663 50853485 0 1788888551 247047 50734749
0 1314 50855922 0 1788888551 297211 50852946
1 1314 50965376 0 1788888551 436674 50875061
2 666 50997889 0 1788888551 436791 50798674
3 664 50966295 0 1788888551 441762 50915367
0 1315 51115605 0 1788888551 607265 50944894
1 1315 51108210 0 1788888551 608656 50987779
2 667 51089182 0 1788888551 612430 51023543
0 1316 51171573 0 1788888551 712443 51102540
1 1316 51146374 0 1788888551 712608 51106338
3 665 51186392 0 1788888551 712749 51080639
0 1317 51195159 0 1788888551 813724 51132103
1 1317 51185804 0 1788888551 813956 51155558
2 668 51223674 0 1788888551 814118 51121789
0 1318 51248450 0 1788888551 919936 51177710
1 1318 51217075 0 1788888551 920448 51180103
3 666 51253266 0 1788888551 920964 51145717
0 1319 51297680 0 1788888552 28537 51229379
1 1319 51272538 0 1788888552 28743 51238579
2 669 51306774 0 1788888552 28897 51197134
0 1320 51351762 0 1788888552 119594 51291972
1 1320 51346553 0 1788888552 119753 51316758
3 667 51356249 0 1788888552 120138 51264469
0 1321 51426074 0 1788888552 208416 51366280
1 1321 51421515 0 1788888552 208627 51393462
2 670 51430827 0 1788888552 208741 51341457
0 1322 51395931 0 1788888552 297077 51331550
1 1322 51388620 0 1788888552 297368 51351093
3 668 51464609 0 1788888552 297461 51375378
0 1323 51372414 0 1788888552 375842 51326036
1 1323 51341787 0 1788888552 376031 51319261
2 671 51462256 0 1788888552 376112 51383054
0 1324 51407133 0 1788888552 459898 51352016
1 1324 51397512 0 1788888552 460117 51368483
3 669 51422743 0 1788888552 460301 51338109
0 1325 51466959 0 1788888552 558066 51394680
1 1325 51461332 0 1788888552 558278 51425552
2 672 51467477 0 1788888552 558485 51368679
0 1326 51524452 0 1788888552 653927 51466220
1 1326 51509553 0 1788888552 654040 51481171
3 670 51546185 0 1788888552 655487 51448556
0 1327 51581608 0 1788888552 744654 51524845
1 1327 51574730 0 1788888552 744802 51543320
2 673 51599858 0 1788888552 744997 51508662
0 1328 51631907 0 1788888552 852912 51558756
1 1328 51550335 0 1788888552 853076 51512663
3 671 51634276 0 1788888552 853478 51525221
0 1329 51628298 0 1788888552 949224 51572221
1 1329 51625100 0 1788888552 950782 51597404
2 674 51644353 0 1788888552 951077 51545931
0 1330 51695475 0 1788888553 57354 51622339
1 1330 51675617 0 1788888553 57998 51634058
3 672 51726801 0 1788888553 59606 51615997
0 1331 51752852 0 1788888553 168022 51678294
1 1331 51728190 0 1788888553 168193 51691492
2 675 51774769 0 1788888553 168374 51662795
0 1332 51781395 0 1788888553 274347 51712047
1 1332 51781312 0 1788888553 274467 51748958
3 673 51803480 0 1788888553 278340 51692689
0 1333 51807260 0 1788888553 375283 51745345
1 1333 51771332 0 1788888553 375434 51743087
2 676 51851499 0 1788888553 375560 51750112
0 1334 51826198 0 1788888553 461973 51769448
1 1334 51804880 0 1788888553 462805 51773274
3 674 51828911 0 1788888553 462912 51741151
0 1335 51852420 0 1788888553 553243 51794458
1 1335 51848780 0 1788888553 553479 51824399
2 677 51875047 0 1788888553 553583 51783223
0 1336 51925085 0 1788888553 653373 51848139
1 1336 51918616 0 1788888553 653565 51873679
3 675 51937304 0 1788888553 653768 51836576
0 1337 52029014 0 1788888553 813860 51925288
1 1337 52013607 0 1788888553 814036 51959780
2 678 52044767 0 1788888553 814199 51883721
0 1338 52057929 0 1788888553 925027 51981849
1 1338 52046757 0 1788888553 932318 52001599
3 676 52082410 0 1788888553 932425 51963622
0 1339 52089658 0 1788888554 28238 52033712
1 1339 52049502 0 1788888554 28358 52019917
2 679 52096592 0 1788888554 28827 51991671
0 1340 52084802 0 1788888554 125357 52017002
1 1340 52076738 0 1788888554 125703 52042913
3 677 52121619 0 1788888554 125800 52023864
0 1341 52141037 0 1788888554 225983 52075678
1 1341 52135532 0 1788888554 226171 52108004
2 680 52145487 0 1788888554 226278 52043359
0 1342 52176688 0 1788888554 312601 52121605
1 1342 52166817 0 1788888554 312820 52138670
3 678 52201262 0 1788888554 313035 52113981
0 1343 52252906 0 1788888554 439000 52166707
1 1343 52247426 0 1788888554 439114 52216370
2 681 52262499 0 1788888554 439509 52135337
0 1344 52329147 0 1788888554 540912 52257579
1 1344 52281129 0 1788888554 541116 52241403
3 679 52337887 0 1788888554 541214 52235414
0 1345 52356877 0 1788888554 639778 52294618
1 1345 52349542 0 1788888554 639972 52320804
2 682 52359332 0 1788888554 640089 52259963
0 1346 52421570 0 1788888554 736842 52364884
1 1346 52391352 0 1788888554 737012 52362847
3 680 52438328 0 1788888554 737182 52340670
0 1347 52416192 0 1788888554 831484 52352319
1 1347 52413809 0 1788888554 831590 52387435
2 683 52419370 0 1788888554 831953 52323998
0 1348 52421489 0 1788888554 916257 52364412
1 1348 52381900 0 1788888554 916443 52349314
3 681 52429933 0 1788888554 916582 52344653
0 1349 52455585 0 1788888555 40961 52379785
1 1349 52453443 0 1788888555 41096 52419380
2 684 52481675 0 1788888555 41941 52355800
2 685 52461184 0 1788888555 159712 52458879
0 1350 52500601 0 1788888555 185162 52401206
1 1350 52497954 0 1788888555 185461 52439498
3 682 52535549 0 1788888555 185860 52390270
0 1351 52546047 0 1788888555 266170 52492338
1 1351 52497193 0 1788888555 266299 52470102
2 686 52546655 0 1788888555 266405 52465087
0 1352 52535995 0 1788888555 361399 52470026
1 1352 52510160 0 1788888555 361548 52477171
3 683 52545415 0 1788888555 361637 52449760
0 1353 52556437 0 1788888555 447015 52501158
1 1353 52554919 0 1788888555 447847 52524872
2 687 52590176 0 1788888555 448009 52503441
0 1354 52646628 0 1788888555 544013 52581667
1 1354 52641578 0 1788888555 544348 52605844
3 684 52648338 0 1788888555 544925 52550143
0 1355 52740512 0 1788888555 649569 52672734
1 1355 52718583 0 1788888555 649856 52681819
2 688 52744105 0 1788888555 650193 52636654
0 1356 52766985 0 1788888555 735747 52709011
1 1356 52765533 0 1788888555 738454 52735476
3 685 52774740 0 1788888555 739623 52681707
0 1357 52854187 0 1788888555 833440 52791936
1 1357 52831686 0 1788888555 833588 52799680
2 689 52859269 0 1788888555 833686 52760985
0 1358 52873165 0 1788888555 952661 52784777
1 1358 52870022 0 1788888555 952894 52822513
3 686 52930425 0 1788888555 953361 52810260
0 1359 52939193 0 1788888556 50193 52874154
1 1359 52916730 0 1788888556 50348 52880181
2 690 52940690 0 1788888556 50450 52842687
0 1360 53009651 0 1788888556 165365 52937960
1 1360 53004866 0 1788888556 165619 52967349
3 687 53024470 0 1788888556 165706 52908581
0 1361 53097520 0 1788888556 274875 53025161
1 1361 53092473 0 1788888556 275666 53060398
2 691 53105294 0 1788888556 275768 52994700
0 1362 53179742 0 1788888556 377016 53116147
1 1362 53174115 0 1788888556 379603 53141640
3 688 53193618 0 1788888556 379800 53088012
0 1363 53223941 0 1788888556 463636 53170284
1 1363 53172074 0 1788888556 463783 53143620
2 692 53251573 0 1788888556 463892 53164440
0 1364 53155033 0 1788888556 551928 53096596
1 1364 53150966 0 1788888556 552104 53121499
3 689 53256872 0 1788888556 557368 53162911
0 1365 53206226 0 1788888556 641143 53146245
1 1365 53185849 0 1788888556 643651 53151285
2 693 53242364 0 1788888556 643765 53150397
0 1366 53267903 0 1788888556 730130 53215084
1 1366 53260015 0 1788888556 730252 53232291
3 690 53271387 0 1788888556 730339 53182058
3 691 53279401 0 1788888556 818135 53277013
0 1367 53338326 0 1788888556 844578 53246472
1 1367 53321316 0 1788888556 845046 53260099
2 694 53345367 0 1788888556 845217 53230036
0 1368 53342463 0 1788888556 940702 53274380
1 1368 53343094 0 1788888556 944708 53295083
3 692 53390426 0 1788888556 944886 53289949
0 1369 53368183 0 1788888557 34321 53311301
1 1369 53354079 0 1788888557 34570 53327084
2 695 53427758 0 1788888557 34982 53333229
0 1370 53438047 0 1788888557 133811 53369104
1 1370 53437649 0 1788888557 134023 53402177
3 693 53443829 0 1788888557 134131 53343809
0 1371 53482801 0 1788888557 237183 53417200
1 1371 53443750 0 1788888557 237393 53408557
2 696 53496569 0 1788888557 237725 53392347
0 1372 53472311 0 1788888557 340093 53409645
1 1372 53455060 0 1788888557 340309 53426834
3 694 53539732 0 1788888557 340461 53436262
0 1373 53543443 0 1788888557 444604 53479388
1 1373 53513199 0 1788888557 444810 53483976
2 697 53552561 0 1788888557 445009 53447326
0 1374 53546971 0 1788888557 528870 53493873
1 1374 53505572 0 1788888557 529037 53475131
3 695 53586131 0 1788888557 529148 53501400
0 1375 53560356 0 1788888557 612859 53503955
1 1375 53555488 0 1788888557 612976 53525368
2 698 53571933 0 1788888557 613059 53487531
0 1376 53539981 0 1788888557 698835 53490716
1 1376 53539991 0 1788888557 699290 53513896
3 696 53576869 0 1788888557 699488 53490041
0 1377 53581276 0 1788888557 786054 53528987
1 1377 53572015 0 1788888557 786458 53547787
2 699 53606277 0 1788888557 787240 53517564
0 1378 53623763 0 1788888557 874050 53563888
1 1378 53546500 0 1788888557 874390 53510342
3 697 53655834 0 1788888557 874507 53567194
0 1379 53567377 0 1788888557 960834 53518033
1 1379 53558786 0 1788888557 960965 53533765
2 700 53606688 0 1788888557 961801 53518547
0 1380 53636432 0 1788888558 54849 53575807
1 1380 53633073 0 1788888558 55232 53602508
3 698 53651914 0 1788888558 55374 53557168
0 1381 53672891 0 1788888558 137392 53620896
1 1381 53669640 0 1788888558 137551 53643235
2 701 53695086 0 1788888558 137720 53612020
0 1382 53700700 0 1788888558 216573 53646385
1 1382 53696581 0 1788888558 216734 53667940
3 699 53737925 0 1788888558 216875 53658278
0 1383 53750261 0 1788888558 298018 53693339
1 1383 53702766 0 1788888558 298251 53669998
2 702 53757758 0 1788888558 298965 53675180
0 1384 53737206 0 1788888558 378778 53685666
1 1384 53724179 0 1788888558 379048 53696792
3 700 53758520 0 1788888558 379170 53677159
0 1385 53787568 0 1788888558 468306 53736027
1 1385 53780010 0 1788888558 468469 53755799
2 703 53791318 0 1788888558 469171 53700593
0 1386 53785497 0 1788888558 550770 53734466
1 1386 53762202 0 1788888558 551103 53736977
3 701 53857687 0 1788888558 551525 53774303
0 1387 53811852 0 1788888558 632210 53760261
1 1387 53786759 0 1788888558 632741 53759478
2 704 53824294 0 1788888558 632930 53741947
0 1388 53823841 0 1788888558 718237 53773503
1 1388 53814674 0 1788888558 718346 53789850
3 702 53836211 0 1788888558 718528 53749612
0 1389 53859927 0 1788888558 805108 53803281
1 1389 53825890 0 1788888558 805306 53798323
2 705 53889737 0 1788888558 805458 53802323
0 1390 53839991 0 1788888558 908593 53775649
1 1390 53840098 0 1788888558 910632 53797514
3 703 53842719 0 1788888558 910892 53736741
0 1391 53845659 0 1788888558 989443 53798031
1 1391 53843979 0 1788888558 989587 53818978
2 706 53891783 0 1788888558 991475 53808126
0 1392 53921378 0 1788888559 69074 53871868
1 1392 53878334 0 1788888559 69260 53854553
3 704 53922958 0 1788888559 69361 53842812
0 1393 53922850 0 1788888559 145702 53877045
1 1393 53920509 0 1788888559 145872 53897063
2 707 53942451 0 1788888559 145976 53865375
0 1394 53919980 0 1788888559 220285 53868896
1 1394 53909969 0 1788888559 220434 53885994
3 705 53971271 0 1788888559 220565 53896240
0 1395 53991312 0 1788888559 316544 53922483
1 1395 53972413 0 1788888559 316775 53941076
2 708 54000320 0 1788888559 316980 53903449
0 1396 54018546 0 1788888559 407593 53955285
1 1396 53961971 0 1788888559 408377 53934697
3 706 54040878 0 1788888559 408754 53948449
0 1397 53971595 0 1788888559 484404 53919511
1 1397 53955273 0 1788888559 484554 53930456
2 709 54037369 0 1788888559 484717 53959248
0 1398 53959137 0 1788888559 565828 53907941
1 1398 53942478 0 1788888559 565948 53916287
3 707 54022346 0 1788888559 566539 53940054
0 1399 53958711 0 1788888559 649844 53907365
1 1399 53892338 0 1788888559 650021 53864074
2 710 53959914 0 1788888559 650120 53875453
0 1400 53933440 0 1788888559 717142 53888063
1 1400 53886277 0 1788888559 717281 53865936
3 708 53956019 0 1788888559 717422 53888304
0 1401 53955679 0 1788888559 798906 53904042
1 1401 53947214 0 1788888559 799112 53920959
2 711 53961570 0 1788888559 799220 53879335
0 1402 53993043 0 1788888559 894908 53928058
1 1402 53995118 0 1788888559 898125 53963833
3 709 54014751 0 1788888559 898993 53914513
0 1403 54036274 0 1788888559 984580 53978957
1 1403 53994441 0 1788888559 984722 53964295
2 712 54049436 0 1788888559 984821 53959283
0 1404 54019448 0 1788888560 63614 53965556
1 1404 54016725 0 1788888560 63839 53987715
3 710 54021577 0 1788888560 63987 53941986
0 1405 54052330 0 1788888560 144782 53994414
1 1405 54051626 0 1788888560 144988 54020082
2 713 54072804 0 1788888560 145085 53991198
0 1406 54079840 0 1788888560 237899 54018007
1 1406 54063582 0 1788888560 238481 54027417
3 711 54108085 0 1788888560 238596 54014010
0 1407 54135604 0 1788888560 326145 54079360
1 1407 54071546 0 1788888560 326361 54042106
2 714 54149968 0 1788888560 326545 54061152
0 1408 54065320 0 1788888560 405259 54016102
1 1408 54052896 0 1788888560 405364 54027957
3 712 54119435 0 1788888560 405500 54039502
0 1409 54120853 0 1788888560 491262 54061095
1 1409 54101915 0 1788888560 491523 54064986
2 715 54123802 0 1788888560 491710 54037182
0 1410 54127063 0 1788888560 567516 54077170
1 1410 54099717 0 1788888560 569590 54070668
3 713 54157513 0 1788888560 569766 54078084
0 1411 54115744 0 1788888560 640008 54069081
1 1411 54088602 0 1788888560 640183 54065571
2 716 54144503 0 1788888560 640291 54071562
0 1412 54123977 0 1788888560 729711 54059707
1 1412 54114326 0 1788888560 729888 54075565
3 714 54143764 0 1788888560 730046 54053470
3 715 54148674 0 1788888560 833200 54145940
0 1413 54244409 0 1788888560 873705 54137257
1 1413 54201612 0 1788888560 873878 54125558
2 717 54250328 0 1788888560 874589 54105211
0 1414 54198668 0 1788888560 978496 54135781
1 1414 54186399 0 1788888560 978872 54156974
3 716 54233602 0 1788888560 979069 54127954
1 1415 54233943 0 1788888561 45121 54229098
0 1415 54306219 0 1788888561 112356 54203478
2 718 54314934 0 1788888561 112488 54180657
3 717 54283037 0 1788888561 115129 54247762
0 1416 54357079 0 1788888561 226723 54288523
1 1416 54369594 0 1788888561 226916 54254678
2 719 54265831 0 1788888561 228188 54231653
0 1417 54387147 0 1788888561 353181 54298804
1 1417 54381327 0 1788888561 355323 54331174
3 718 54391264 0 1788888561 355453 54261869
0 1418 54466695 0 1788888561 492120 54375281
1 1418 54465652 0 1788888561 492352 54431761
2 720 54467986 0 1788888561 492470 54328526
0 1419 54522222 0 1788888561 577392 54465375
1 1419 54501790 0 1788888561 577663 54473375
3 719 54541791 0 1788888561 577782 54455899
0 1420 54424059 0 1788888561 658172 54371470
1 1420 54389768 0 1788888561 658358 54365540
2 721 54426783 0 1788888561 658456 54345396
0 1421 54466913 0 1788888561 739344 54412797
1 1421 54461987 0 1788888561 739557 54437932
3 720 54467259 0 1788888561 739672 54385582
0 1422 54523298 0 1788888561 822619 54466638
1 1422 54504499 0 1788888561 822829 54473072
2 722 54524929 0 1788888561 823195 54440872
0 1423 54576056 0 1788888561 915044 54515756
1 1423 54549589 0 1788888561 915225 54516258
3 721 54585710 0 1788888561 915401 54492690
0 1424 54603567 0 1788888562 5978 54548336
1 1424 54584235 0 1788888562 6183 54555567
2 723 54638522 0 1788888562 6399 54546838
0 1425 54660042 0 1788888562 104185 54602856
1 1425 54648105 0 1788888562 104335 54623309
3 722 54676785 0 1788888562 104472 54577996
0 1426 54696374 0 1788888562 186428 54640095
1 1426 54687939 0 1788888562 186597 54657688
2 724 54716673 0 1788888562 186695 54633956
0 1427 54758989 0 1788888562 273328 54702151
1 1427 54756122 0 1788888562 273560 54729169
3 723 54766938 0 1788888562 275216 54677946
0 1428 54799888 0 1788888562 385492 54718906
1 1428 54778188 0 1788888562 385652 54734505
2 725 54862113 0 1788888562 388405 54746848
0 1429 54739823 0 1788888562 488340 54674148
1 1429 54735074 0 1788888562 488788 54706542
3 724 54796166 0 1788888562 488940 54692509
0 1430 54806816 0 1788888562 565544 54755767
1 1430 54764791 0 1788888562 565957 54736712
2 726 54809480 0 1788888562 566365 54731212
0 1431 54834532 0 1788888562 651469 54779152
1 1431 54813503 0 1788888562 651666 54786394
3 725 54848110 0 1788888562 651772 54761684
0 1432 54887407 0 1788888562 732972 54834017
1 1432 54855880 0 1788888562 733180 54831885
2 727 54891739 0 1788888562 733880 54809101
0 1433 54926001 0 1788888562 823116 54866255
1 1433 54886900 0 1788888562 823439 54856592
3 726 54938539 0 1788888562 823590 54847714
0 1434 54900418 0 1788888562 937172 54822596
1 1434 54890498 0 1788888562 937641 54852210
2 728 54916982 0 1788888562 937800 54802036
0 1435 54907689 0 1788888563 64084 54825955
1 1435 54847796 0 1788888563 64274 54809571
3 727 54925580 0 1788888563 64455 54798007
0 1436 54936163 0 1788888563 160353 54874270
1 1436 54914029 0 1788888563 162478 54882767
2 729 54940170 0 1788888563 162677 54841355
0 1437 54959258 0 1788888563 253688 54902417
1 1437 54945128 0 1788888563 254031 54916979
3 728 55001004 0 1788888563 254143 54906973
0 1438 55031061 0 1788888563 344832 54971599
1 1438 55028973 0 1788888563 345080 54999085
2 730 55032855 0 1788888563 345194 54941141
0 1439 55111317 0 1788888563 433880 55050110
1 1439 55073086 0 1788888563 434240 55039087
3 729 55112834 0 1788888563 434669 55022773
0 1440 55173262 0 1788888563 562799 55077248
1 1440 55179475 0 1788888563 570152 55119950
2 731 55199564 0 1788888563 571530 55061698
0 1441 55218900 0 1788888563 690121 55154675
1 1441 55191367 0 1788888563 690288 55165218
3 730 55255490 0 1788888563 690431 55127670
0 1442 55262176 0 1788888563 785768 55196472
1 1442 55243728 0 1788888563 785916 55204270
2 732 55279955 0 1788888563 786063 55183839
0 1443 55309737 0 1788888563 875617 55250089
1 1443 55304941 0 1788888563 875781 55271115
3 731 55329093 0 1788888563 879098 55235481
0 1444 55372089 0 1788888563 974419 55313998
1 1444 55367085 0 1788888563 974590 55334546
2 733 55403264 0 1788888563 974689 55304043
0 1445 55442015 0 1788888564 57919 55386116
1 1445 55438088 0 1788888564 58328 55413419
3 732 55446239 0 1788888564 59216 55361282
0 1446 55393275 0 1788888564 141109 55341539
1 1446 55391398 0 1788888564 141272 55366177
2 734 55418794 0 1788888564 141427 55335089
0 1447 55460764 0 1788888564 222824 55409792
1 1447 55458721 0 1788888564 223052 55430294
3 733 55465383 0 1788888564 223213 55383044
0 1448 55526017 0 1788888564 293759 55481760
1 1448 55501999 0 1788888564 293916 55479974
2 735 55527169 0 1788888564 294059 55455775
0 1449 55537588 0 1788888564 368113 55490415
1 1449 55532987 0 1788888564 368308 55508300
3 734 55552897 0 1788888564 368453 55478051
0 1450 55589247 0 1788888564 443980 55536996
1 1450 55588272 0 1788888564 444455 55564232
2 736 55590217 0 1788888564 444575 55513585
0 1451 55642606 0 1788888564 522647 55592860
1 1451 55597097 0 1788888564 522800 55574969
3 735 55655996 0 1788888564 523495 55576290
0 1452 55641753 0 1788888564 591205 55595862
1 1452 55567022 0 1788888564 591380 55544336
2 737 55660769 0 1788888564 591476 55591763
0 1453 55612520 0 1788888564 661569 55567599
1 1453 55603776 0 1788888564 661766 55581989
3 736 55634937 0 1788888564 661866 55564075
0 1454 55667353 0 1788888564 728609 55625375
1 1454 55664533 0 1788888564 728794 55643446
2 738 55668388 0 1788888564 728878 55600914
0 1455 55691314 0 1788888564 800715 55643220
1 1455 55685445 0 1788888564 800863 55661218
3 737 55728202 0 1788888564 801530 55655092
0 1456 55729151 0 1788888564 876221 55679040
1 1456 55723717 0 1788888564 876588 55698222
2 739 55745340 0 1788888564 877171 55668719
0 1457 55754954 0 1788888564 969264 55692577
1 1457 55705294 0 1788888564 969430 55677440
3 738 55757694 0 1788888564 969567 55664183
0 1458 55686436 0 1788888565 61009 55626863
1 1458 55664734 0 1788888565 61156 55632862
2 740 55790873 0 1788888565 61252 55698697
0 1459 55693502 0 1788888565 174094 55620277
1 1459 55686064 0 1788888565 175198 55653210
3 739 55761370 0 1788888565 176523 55645668
0 1460 55814858 0 1788888565 314825 55711499
1 1460 55800102 0 1788888565 315084 55763359
2 741 55822978 0 1788888565 315279 55681468
0 1461 55925585 0 1788888565 456816 55832346
1 1461 55920289 0 1788888565 456980 55881465
3 740 55931708 0 1788888565 457083 55788209
0 1462 56077221 0 1788888565 638672 55970244
1 1462 56034462 0 1788888565 638792 55975638
2 742 56080302 0 1788888565 638979 55897951
0 1463 56146468 0 1788888565 774817 56050569
1 1463 56131298 0 1788888565 775721 56083842
3 741 56160189 0 1788888565 775915 56022575
0 1464 56238941 0 1788888565 921865 56130872
1 1464 56231446 0 1788888565 922100 56171825
2 743 56245046 0 1788888565 922211 56097204
0 1465 56363242 0 1788888566 111075 56241838
1 1465 56340650 0 1788888566 111306 56275782
3 742 56391171 0 1788888566 111639 56201147
0 1466 56433885 0 1788888566 236077 56362641
1 1466 56407416 0 1788888566 236264 56377184
2 744 56451371 0 1788888566 236407 56325742
0 1467 56465128 0 1788888566 341586 56392718
1 1467 56436039 0 1788888566 341707 56402985
3 743 56490587 0 1788888566 341860 56384586
0 1468 56526761 0 1788888566 467213 56445427
1 1468 56524698 0 1788888566 467694 56480466
2 745 56541360 0 1788888566 469913 56412830
0 1469 56538505 0 1788888566 569281 56472499
1 1469 56525447 0 1788888566 569558 56493638
3 744 56547886 0 1788888566 570097 56443852
0 1470 56582781 0 1788888566 655201 56527917
1 1470 56526771 0 1788888566 655299 56500294
2 746 56600558 0 1788888566 655434 56514214
0 1471 56620886 0 1788888566 769141 56550859
1 1471 56619770 0 1788888566 769325 56588191
3 745 56631532 0 1788888566 769813 56516813
1 1472 56648779 0 1788888566 845178 56644467
0 1472 56736365 0 1788888566 911916 56631703
2 747 56761002 0 1788888566 912225 56617629
3 746 56709484 0 1788888566 912331 56681658
0 1473 56750779 0 1788888567 12793 56683518
1 1473 56792565 0 1788888567 12985 56691271
2 748 56736394 0 1788888567 13290 56698233
0 1474 56732686 0 1788888567 114451 56676442
1 1474 56689171 0 1788888567 115472 56657816
3 747 56811436 0 1788888567 115576 56708476
0 1475 56775190 0 1788888567 222337 56705711
1 1475 56748277 0 1788888567 222467 56714577
2 749 56781467 0 1788888567 222640 56673074
0 1476 56786032 0 1788888567 331961 56722828
1 1476 56778972 0 1788888567 332095 56744692
3 748 56853885 0 1788888567 332498 56743578
0 1477 56861303 0 1788888567 444187 56789485
1 1477 56840659 0 1788888567 444315 56809867
2 750 56871002 0 1788888567 444383 56758347
0 1478 56903518 0 1788888567 524179 56853227
1 1478 56871994 0 1788888567 527218 56842459
3 749 56913441 0 1788888567 527416 56830044
0 1479 56886901 0 1788888567 599624 56841651
1 1479 56846210 0 1788888567 599785 56822725
2 751 56909077 0 1788888567 599866 56833209
0 1480 56874633 0 1788888567 670367 56827487
1 1480 56862884 0 1788888567 670511 56839584
3 750 56900897 0 1788888567 670662 56829634
0 1481 56917275 0 1788888567 752378 56859433
1 1481 56902897 0 1788888567 752500 56869051
2 752 56932511 0 1788888567 752647 56850045
0 1482 56996435 0 1788888567 854478 56930664
1 1482 56982612 0 1788888567 854726 56941850
3 751 57001743 0 1788888567 854825 56899071
0 1483 57143616 0 1788888568 43002 57007098
1 1483 57096421 0 1788888568 43240 57033615
2 753 57144516 0 1788888568 43352 56955406
0 1484 57188498 0 1788888568 152274 57123895
1 1484 57153517 0 1788888568 152494 57121322
3 752 57195648 0 1788888568 152795 57085611
0 1485 57216804 0 1788888568 249019 57155144
1 1485 57168850 0 1788888568 249132 57140867
2 754 57250578 0 1788888568 249982 57152299
0 1486 57249359 0 1788888568 338222 57191296
1 1486 57224670 0 1788888568 338387 57192736
3 753 57257706 0 1788888568 338552 57167142
0 1487 57208569 0 1788888568 419647 57158781
1 1487 57208454 0 1788888568 419880 57183316
2 755 57248342 0 1788888568 420025 57166356
0 1488 57257636 0 1788888568 511409 57199982
1 1488 57234231 0 1788888568 511640 57205254
3 754 57283369 0 1788888568 511821 57190896
0 1489 57265211 0 1788888568 601911 57207057
1 1489 57248166 0 1788888568 602435 57221116
2 756 57287273 0 1788888568 604838 57193594
0 1490 57290832 0 1788888568 691040 57228381
1 1490 57259497 0 1788888568 691141 57223158
3 755 57312845 0 1788888568 691236 57223278
0 1491 57311253 0 1788888568 778324 57252931
1 1491 57299649 0 1788888568 778710 57270093
2 757 57339122 0 1788888568 779041 57250834
0 1492 57276106 0 1788888568 849319 57231006
1 1492 57273395 0 1788888568 849467 57250230
3 756 57298748 0 1788888568 849593 57227311
0 1493 57320241 0 1788888568 931432 57267409
1 1493 57285105 0 1788888568 931651 57257423
2 758 57333089 0 1788888568 934871 57247369
0 1494 57364399 0 1788888569 27941 57306406
1 1494 57356007 0 1788888569 28143 57322513
3 757 57368335 0 1788888569 28256 57271338
0 1495 57423424 0 1788888569 110272 57368057
1 1495 57421982 0 1788888569 110347 57398034
2 759 57427654 0 1788888569 110451 57344967
0 1496 57466082 0 1788888569 189791 57415420
1 1496 57463359 0 1788888569 189931 57434646
3 758 57473847 0 1788888569 190067 57393811
0 1497 57520339 0 1788888569 278531 57462443
1 1497 57518417 0 1788888569 279256 57486243
2 760 57539109 0 1788888569 279390 57449346
0 1498 57469891 0 1788888569 359538 57418170
1 1498 57450306 0 1788888569 359731 57425732
3 759 57474897 0 1788888569 359908 57393362
0 1499 57495001 0 1788888569 444374 57439172
1 1499 57484720 0 1788888569 444538 57455371
2 761 57504441 0 1788888569 444703 57419114
0 1500 57523984 0 1788888569 525080 57470528
1 1500 57508984 0 1788888569 525217 57479906
3 760 57541554 0 1788888569 525492 57460225
0 1501 57561259 0 1788888569 610702 57512102
1 1501 57494143 0 1788888569 611383 57471047
2 762 57569878 0 1788888569 611538 57483207
0 1502 57554990 0 1788888569 684230 57509065
1 1502 57546868 0 1788888569 684401 57522759
3 761 57557255 0 1788888569 684548 57483226
0 1503 57563929 0 1788888569 767360 57513563
1 1503 57552007 0 1788888569 767500 57528018
2 763 57592198 0 1788888569 769299 57506963
0 1504 57543977 0 1788888569 845361 57491671
1 1504 57541638 0 1788888569 845501 57518175
3 762 57603813 0 1788888569 845641 57525343
0 1505 57619173 0 1788888569 931624 57561592
1 1505 57615167 0 1788888569 931759 57581488
2 764 57620343 0 1788888569 931960 57533579
0 1506 57702373 0 1788888570 24277 57644044
1 1506 57682752 0 1788888570 24500 57654575
3 763 57704700 0 1788888570 24653 57611494
0 1507 57729571 0 1788888570 108472 57672227
1 1507 57726878 0 1788888570 108645 57698909
2 765 57759906 0 1788888570 108730 57675244
0 1508 57779374 0 1788888570 206235 57716007
1 1508 57774607 0 1788888570 206450 57745417
3 764 57824438 0 1788888570 206597 57726121
0 1509 57843553 0 1788888570 305744 57770578
1 1509 57830315 0 1788888570 305895 57792483
2 766 57849931 0 1788888570 305983 57749940
0 1510 57908158 0 1788888570 384785 57858685
1 1510 57905136 0 1788888570 384970 57881610
3 765 57914648 0 1788888570 391185 57828995
0 1511 57947348 0 1788888570 474432 57892982
1 1511 57917748 0 1788888570 474644 57890478
2 767 57987096 0 1788888570 474749 57896965
0 1512 57989193 0 1788888570 550683 57938852
1 1512 57984618 0 1788888570 550888 57958422
3 766 57992731 0 1788888570 551590 57915317
0 1513 58033519 0 1788888570 622371 57987408
1 1513 58032835 0 1788888570 622607 58008551
2 768 58050140 0 1788888570 622791 57977871
0 1514 58049960 0 1788888570 687212 58008237
1 1514 58047479 0 1788888570 687890 58025343
3 767 58065672 0 1788888570 688122 57999746
0 1515 58090611 0 1788888570 751451 58048800
1 1515 58061051 0 1788888570 751624 58038923
2 769 58106434 0 1788888570 751725 58041484
0 1516 58118893 0 1788888570 825607 58067401
1 1516 58110940 0 1788888570 826016 58082095
3 768 58132257 0 1788888570 826853 58056637
0 1517 58177605 0 1788888570 923850 58104677
1 1517 58152151 0 1788888570 924045 58115554
2 770 58195927 0 1788888570 924244 58097081
0 1518 58206861 0 1788888571 12272 58143047
1 1518 58159648 0 1788888571 15022 58124318
3 769 58232407 0 1788888571 15154 58140854
0 1519 58209479 0 1788888571 112628 58142109
1 1519 58179463 0 1788888571 112970 58144410
2 771 58220878 0 1788888571 116840 58116085
0 1520 58228767 0 1788888571 217184 58164968
1 1520 58212560 0 1788888571 218624 58180771
3 770 58275163 0 1788888571 219236 58168423
0 1521 58265533 0 1788888571 332781 58192148
1 1521 58257605 0 1788888571 332969 58215444
2 772 58295168 0 1788888571 333109 58179140
0 1522 58290396 0 1788888571 425434 58228194
1 1522 58289053 0 1788888571 425639 58258698
3 771 58334377 0 1788888571 425742 58241269
0 1523 58317434 0 1788888571 497425 58270313
1 1523 58309906 0 1788888571 497624 58286894
2 773 58327329 0 1788888571 497820 58254748
0 1524 58376178 0 1788888571 592071 58307944
1 1524 58366939 0 1788888571 592829 58324870
3 772 58400702 0 1788888571 592960 58304991
0 1525 58469637 0 1788888571 713624 58390492
1 1525 58459948 0 1788888571 713793 58430051
2 774 58473722 0 1788888571 713891 58351534
0 1526 58542576 0 1788888571 802549 58483625
1 1526 58526405 0 1788888571 802795 58498178
3 773 58549227 0 1788888571 803285 58459295
0 1527 58604257 0 1788888571 890510 58544818
1 1527 58603225 0 1788888571 890742 58570490
2 775 58610130 0 1788888571 890882 58521210
0 1528 58650344 0 1788888571 995267 58580578
1 1528 58599453 0 1788888571 995482 58563607
3 774 58676599 0 1788888571 995746 58571133
0 1529 58612510 0 1788888572 101174 58539860
1 1529 58611398 0 1788888572 101304 58574085
2 776 58669262 0 1788888572 101407 58562902
0 1530 58703402 0 1788888572 219354 58636408
1 1530 58678224 0 1788888572 219811 58648643
3 775 58730656 0 1788888572 221510 58610092
0 1531 58754008 0 1788888572 325898 58686366
1 1531 58751927 0 1788888572 326089 58712599
2 777 58779189 0 1788888572 327072 58671186
0 1532 58882387 0 1788888572 458110 58786373
1 1532 58882027 0 1788888572 459364 58823192
3 776 58885013 0 1788888572 459540 58751017
0 1533 58965059 0 1788888572 563235 58900988
1 1533 58961855 0 1788888572 563407 58930079
2 778 58982800 0 1788888572 563713 58876905
0 1534 59023076 0 1788888572 660026 58964633
1 1534 59012242 0 1788888572 660240 58983061
3 777 59057966 0 1788888572 660353 58960619
0 1535 59145790 0 1788888572 801796 59045225
1 1535 59093155 0 1788888572 801996 59040845
2 779 59148527 0 1788888572 802535 59005804
0 1536 59216827 0 1788888572 937202 59148020
1 1536 59199355 0 1788888572 937419 59163945
3 778 59219830 0 1788888572 937530 59083876
0 1537 59321614 0 1788888573 82276 59236094
1 1537 59312952 0 1788888573 82477 59269787
2 780 59336744 0 1788888573 82609 59191112
0 1538 59355862 0 1788888573 188806 59286982
1 1538 59345985 0 1788888573 189739 59317222
3 779 59360378 0 1788888573 190479 59251974
0 1539 59422576 0 1788888573 311145 59338276
1 1539 59409682 0 1788888573 313488 59355464
2 781 59450910 0 1788888573 319461 59319553
0 1540 59415385 0 1788888573 425285 59345818
1 1540 59374987 0 1788888573 426109 59339089
3 780 59474151 0 1788888573 426924 59358121
0 1541 59410239 0 1788888573 536238 59341680
1 1541 59354451 0 1788888573 537303 59322759
2 782 59422692 0 1788888573 537567 59309249
0 1542 59416635 0 1788888573 644683 59345585
1 1542 59404165 0 1788888573 645749 59366393
3 781 59452825 0 1788888573 647091 59341811
0 1543 59485243 0 1788888573 753460 59410912
1 1543 59463863 0 1788888573 754830 59426822
2 783 59487452 0 1788888573 755056 59376906
0 1544 59548984 0 1788888573 864979 59484212
1 1544 59446191 0 1788888573 865130 59415030
3 782 59565210 0 1788888573 865293 59450983
0 1545 59504496 0 1788888573 993349 59429255
1 1545 59501243 0 1788888573 993677 59465442
2 784 59562366 0 1788888573 993861 59433331
0 1546 59447088 0 1788888574 89048 59383207
1 1546 59424179 0 1788888574 89272 59393770
3 783 59558410 0 1788888574 89432 59461920
0 1547 59478319 0 1788888574 182893 59416111
1 1547 59473526 0 1788888574 183499 59442462
2 785 59480603 0 1788888574 183604 59385829
0 1548 59542721 0 1788888574 273063 59484937
1 1548 59479138 0 1788888574 273240 59451861
3 784 59554590 0 1788888574 273394 59463892
0 1549 59536009 0 1788888574 372960 59468896
1 1549 59524102 0 1788888574 373177 59488839
2 786 59569075 0 1788888574 373338 59468584
0 1550 59587231 0 1788888574 491725 59500926
1 1550 59538064 0 1788888574 491997 59489794
3 785 59592311 0 1788888574 492177 59472834
0 1551 59599321 0 1788888574 626658 59519702
1 1551 59571607 0 1788888574 627399 59527930
2 787 59659853 0 1788888574 628023 59523188
0 1552 59635740 0 1788888574 724874 59569720
1 1552 59610395 0 1788888574 725015 59585597
3 786 59651410 0 1788888574 725216 59552307
0 1553 59600143 0 1788888574 818294 59543980
1 1553 59580077 0 1788888574 818596 59548555
2 788 59610196 0 1788888574 818773 59515957
0 1554 59664767 0 1788888574 910540 59603873
1 1554 59664105 0 1788888574 910703 59631792
3 787 59666590 0 1788888574 911452 59573213
0 1555 59696784 0 1788888574 998777 59638217
1 1555 59661012 0 1788888574 999119 59632946
2 789 59726928 0 1788888574 999277 59637940
0 1556 59742141 0 1788888575 102713 59670242
1 1556 59741063 0 1788888575 102833 59701981
3 788 59751031 0 1788888575 107409 59642189
0 1557 59807994 0 1788888575 215170 59736191
1 1557 59801201 0 1788888575 215674 59765297
2 790 59816272 0 1788888575 223366 59695424
0 1558 59814197 0 1788888575 322573 59748898
1 1558 59805763 0 1788888575 322785 59772127
3 789 59845627 0 1788888575 323375 59737223
0 1559 59904206 0 1788888575 431553 59837209
1 1559 59902578 0 1788888575 431787 59867713
2 791 59904893 0 1788888575 431899 59795396
0 1560 59967051 0 1788888575 522448 59907459
1 1560 59881838 0 1788888575 522661 59854092
3 790 59988808 0 1788888575 522886 59897240
0 1561 59968460 0 1788888575 614345 59911546
1 1561 59926503 0 1788888575 614769 59898414
2 792 59972782 0 1788888575 615498 59879526
0 1562 59927590 0 1788888575 707668 59869292
1 1562 59913127 0 1788888575 708700 59888023
3 791 59947980 0 1788888575 708826 59853331
0 1563 59993267 0 1788888575 805147 59933123
1 1563 59979921 0 1788888575 805280 59947956
2 793 60001531 0 1788888575 805523 59903338
0 1564 60022462 0 1788888575 906309 59954629
1 1564 60022655 0 1788888575 906514 59987686
3 792 60040248 0 1788888575 906668 59938325
0 1565 60068013 0 1788888576 1574 60007528
1 1565 60067236 0 1788888576 5021 60036481
2 794 60092122 0 1788888576 5228 59992990
0 1566 60135072 0 1788888576 100704 60071791
1 1566 60135297 0 1788888576 102222 60100202
3 793 60157870 0 1788888576 102340 60056899
0 1567 60238219 0 1788888576 216052 60157155
1 1567 60211375 0 1788888576 216223 60169517
2 795 60242122 0 1788888576 216426 60126215
0 1568 60294152 0 1788888576 338782 60219129
1 1568 60279911 0 1788888576 339027 60241830
3 794 60319664 0 1788888576 339144 60196401
0 1569 60350939 0 1788888576 456491 60264795
1 1569 60338304 0 1788888576 456717 60296055
2 796 60367211 0 1788888576 456824 60248819
0 1570 60337189 0 1788888576 572183 60258162
1 1570 60326518 0 1788888576 575087 60275660
3 795 60374114 0 1788888576 576434 60253879
0 1571 60420944 0 1788888576 684689 60349788
1 1571 60389109 0 1788888576 684894 60354845
2 797 60434422 0 1788888576 685156 60321282
0 1572 60482376 0 1788888576 795247 60418016
1 1572 60454408 0 1788888576 795404 60424216
3 796 60495865 0 1788888576 795588 60384749
0 1573 60531622 0 1788888576 905045 60457398
1 1573 60505978 0 1788888576 905457 60468815
2 798 60543742 0 1788888576 905614 60433135
0 1574 60581370 0 1788888577 500 60521362
1 1574 60554558 0 1788888577 699 60524270
3 797 60586940 0 1788888577 843 60490908
0 1575 60618129 0 1788888577 103296 60551338
1 1575 60615924 0 1788888577 103495 60584991
2 799 60619700 0 1788888577 103747 60516228
0 1576 60693123 0 1788888577 198864 60624582
1 1576 60682512 0 1788888577 199297 60648238
3 798 60704420 0 1788888577 200122 60607398
0 1577 60730206 0 1788888577 292971 60664643
1 1577 60703612 0 1788888577 293430 60666942
2 800 60771371 0 1788888577 295235 60674754
0 1578 60778105 0 1788888577 405753 60707694
1 1578 60771478 0 1788888577 406048 60735240
3 799 60809387 0 1788888577 406203 60695935
0 1579 60778999 0 1788888577 494786 60720889
1 1579 60761932 0 1788888577 495008 60735678
2 801 60809604 0 1788888577 495205 60719880
0 1580 60799261 0 1788888577 573777 60747069
1 1580 60790078 0 1788888577 573898 60767306
3 800 60818924 0 1788888577 574220 60739113
0 1581 60847875 0 1788888577 655367 60794288
1 1581 60839498 0 1788888577 655725 60811377
2 802 60866240 0 1788888577 656510 60783348
0 1582 60905032 0 1788888577 736805 60854942
1 1582 60902986 0 1788888577 737006 60880608
3 801 60909494 0 1788888577 737181 60827413
0 1583 60924568 0 1788888577 816437 60872617
1 1583 60909760 0 1788888577 816637 60885512
2 803 60967199 0 1788888577 816747 60887087
0 1584 60980944 0 1788888577 907891 60920914
1 1584 60945064 0 1788888577 908107 60912416
3 802 60997800 0 1788888577 908252 60905762
0 1585 61074709 0 1788888578 41773 60974530
1 1585 61066306 0 1788888578 42783 61013704
2 804 61078016 0 1788888578 42897 60942784
0 1586 61172306 0 1788888578 176746 61087865
1 1586 61158029 0 1788888578 176849 61114352
3 803 61190159 0 1788888578 176975 61053727
0 1587 61212594 0 1788888578 311724 61122381
1 1587 61186489 0 1788888578 313004 61141078
2 805 61234286 0 1788888578 313799 61097046
0 1588 61231614 0 1788888578 400158 61172515
1 1588 61207920 0 1788888578 400395 61180032
3 804 61252988 0 1788888578 400542 61163880
0 1589 61282739 0 1788888578 499022 61212193
1 1589 61266183 0 1788888578 499929 61236450
2 806 61293100 0 1788888578 500087 61192935
0 1590 61320646 0 1788888578 587335 61264007
1 1590 61299769 0 1788888578 587540 61272071
3 805 61333389 0 1788888578 587642 61244444
0 1591 61387953 0 1788888578 681231 61322883
1 1591 61376792 0 1788888578 681368 61348166
2 807 61390220 0 1788888578 681482 61295900
0 1592 61339142 0 1788888578 781114 61274372
1 1592 61324887 0 1788888578 781614 61295759
3 806 61399852 0 1788888578 781990 61298860
0 1593 61418892 0 1788888578 899313 61338308
1 1593 61402030 0 1788888578 899558 61370892
2 808 61430970 0 1788888578 899790 61311973
0 1594 61493929 0 1788888579 3336 61427918
1 1594 61484665 0 1788888579 3563 61454542
3 807 61497702 0 1788888579 3706 61393029
0 1595 61471214 0 1788888579 74268 61421595
1 1595 61426913 0 1788888579 74435 61405463
2 809 61503679 0 1788888579 74575 61432199
0 1596 61446640 0 1788888579 152411 61398751
1 1596 61437348 0 1788888579 152563 61412819
3 808 61485633 0 1788888579 152690 61407059
0 1597 61489605 0 1788888579 235577 61435686
1 1597 61476920 0 1788888579 235780 61449142
2 810 61515079 0 1788888579 235927 61431379
0 1598 61528445 0 1788888579 315654 61474823
1 1598 61471020 0 1788888579 315900 61445672
3 809 61549454 0 1788888579 316023 61468802
0 1599 61533299 0 1788888579 401587 61478201
1 1599 61500756 0 1788888579 401791 61474344
2 811 61540448 0 1788888579 401976 61453843
0 1600 61529777 0 1788888579 495065 61462965
1 1600 61520526 0 1788888579 495273 61487020
3 810 61593796 0 1788888579 497062 61498148
0 1601 61606110 0 1788888579 590056 61542183
1 1601 61595885 0 1788888579 590183 61564721
2 812 61607848 0 1788888579 590281 61512385
0 1602 61638748 0 1788888579 666184 61584261
1 1602 61631504 0 1788888579 666377 61606503
3 811 61666656 0 1788888579 666557 61589955
0 1603 61675229 0 1788888579 739866 61624422
1 1603 61654171 0 1788888579 740076 61631182
2 813 61689506 0 1788888579 740224 61615209
0 1604 61638186 0 1788888579 815344 61588580
1 1604 61617837 0 1788888579 815654 61590469
3 812 61653976 0 1788888579 823287 61570361
0 1605 61676633 0 1788888579 908930 61618811
1 1605 61669890 0 1788888579 909180 61642693
2 814 61688155 0 1788888579 909489 61593702
0 1606 61727340 0 1788888579 994755 61678375
1 1606 61717863 0 1788888579 994890 61695839
3 813 61755624 0 1788888579 995051 61669060
0 1607 61756178 0 1788888580 65565 61709446
1 1607 61738164 0 1788888580 65792 61713512
2 815 61773658 0 1788888580 65965 61702274
0 1608 61784309 0 1788888580 149832 61731748
1 1608 61730704 0 1788888580 150638 61704517
3 814 61812252 0 1788888580 150789 61726790
0 1609 61789436 0 1788888580 225406 61741221
1 1609 61763145 0 1788888580 225583 61740020
2 816 61803254 0 1788888580 225708 61727126
0 1610 61807538 0 1788888580 309765 61751870
1 1610 61801301 0 1788888580 310461 61769208
3 815 61847094 0 1788888580 311338 61761012
0 1611 61848604 0 1788888580 395532 61791454
1 1611 61847384 0 1788888580 395730 61817343
2 817 61873301 0 1788888580 395835 61787031
0 1612 61852830 0 1788888580 477248 61800454
1 1612 61852346 0 1788888580 477883 61827961
3 816 61872298 0 1788888580 478025 61789616
0 1613 61921484 0 1788888580 567548 61860894
1 1613 61920273 0 1788888580 567752 61891620
2 818 61940819 0 1788888580 568154 61849684
0 1614 61972937 0 1788888580 640330 61924276
1 1614 61957244 0 1788888580 640645 61934265
3 817 61985839 0 1788888580 640792 61912369
0 1615 61978442 0 1788888580 710450 61934855
1 1615 61960059 0 1788888580 710562 61938662
2 819 62002546 0 1788888580 710653 61931926
0 1616 62003088 0 1788888580 788504 61951519
1 1616 61912004 0 1788888580 789208 61885828
3 818 62010180 0 1788888580 789472 61930966
0 1617 61966501 0 1788888580 875108 61909083
1 1617 61961189 0 1788888580 875246 61929555
2 820 61983737 0 1788888580 875381 61896668
0 1618 62044580 0 1788888580 982320 61974194
1 1618 62000441 0 1788888580 982508 61961896
3 819 62053791 0 1788888580 982608 61946032
0 1619 62122632 0 1788888581 105512 62035911
1 1619 62081552 0 1788888581 105629 62051005
2 821 62123630 0 1788888581 105761 61999990
0 1620 62160925 0 1788888581 212290 62090633
1 1620 62126992 0 1788888581 212428 62093687
3 820 62180050 0 1788888581 212583 62072859
0 1621 62231604 0 1788888581 319541 62160911
1 1621 62230520 0 1788888581 319685 62196525
2 822 62231853 0 1788888581 319775 62124192
0 1622 62308393 0 1788888581 457617 62227412
1 1622 62294673 0 1788888581 457810 62258690
3 821 62363303 0 1788888581 457955 62224163
0 1623 62383387 0 1788888581 590253 62304496
1 1623 62377280 0 1788888581 590651 62336277
2 823 62427023 0 1788888581 592274 62292061
0 1624 62412132 0 1788888581 691133 62346545
1 1624 62391307 0 1788888581 691365 62358855
3 822 62474067 0 1788888581 691525 62369972
0 1625 62404279 0 1788888581 783265 62347871
1 1625 62404341 0 1788888581 783385 62373971
2 824 62445980 0 1788888581 783484 62353349
0 1626 62436608 0 1788888581 862042 62386729
1 1626 62430411 0 1788888581 862215 62405506
3 823 62444563 0 1788888581 862389 62365030
0 1627 62546584 0 1788888581 981387 62462372
1 1627 62508894 0 1788888581 981553 62461126
2 825 62549710 0 1788888581 982350 62429221
0 1628 62585786 0 1788888582 79634 62525771
1 1628 62563169 0 1788888582 79791 62530830
3 824 62592307 0 1788888582 80137 62493316
0 1629 62600142 0 1788888582 174124 62537472
1 1629 62579991 0 1788888582 174287 62544858
2 826 62639659 0 1788888582 174406 62544678
0 1630 62654127 0 1788888582 277557 62587691
1 1630 62645518 0 1788888582 277781 62613314
3 825 62681523 0 1788888582 277954 62577514
0 1631 62714264 0 1788888582 371849 62648978
1 1631 62688782 0 1788888582 372580 62653240
2 827 62717247 0 1788888582 373118 62621472
0 1632 62798097 0 1788888582 483548 62726916
1 1632 62765280 0 1788888582 483843 62726196
3 826 62799048 0 1788888582 484275 62686428
0 1633 62823556 0 1788888582 593360 62754405
1 1633 62785770 0 1788888582 593606 62749839
2 828 62869539 0 1788888582 593773 62759059
0 1634 62856356 0 1788888582 690024 62798606
1 1634 62853987 0 1788888582 690168 62825186
3 827 62865097 0 1788888582 690257 62767923
0 1635 62914606 0 1788888582 775838 62858597
1 1635 62894379 0 1788888582 776468 62863804
2 829 62922792 0 1788888582 776760 62835874
0 1636 62961107 0 1788888582 857037 62907174
1 1636 62947988 0 1788888582 857251 62918521
3 828 62972243 0 1788888582 857638 62890251
0 1637 63018476 0 1788888582 939282 62962188
1 1637 63014644 0 1788888582 939492 62983273
2 830 63025569 0 1788888582 939637 62942714
0 1638 63065995 0 1788888583 14772 63016272
1 1638 63057897 0 1788888583 14989 63033340
3 829 63080734 0 1788888583 15153 63004688
0 1639 63095962 0 1788888583 99383 63040409
1 1639 63088883 0 1788888583 99539 63059996
2 831 63113349 0 1788888583 99691 63028257
0 1640 63175385 0 1788888583 194417 63110998
1 1640 63142381 0 1788888583 194543 63107018
3 830 63178625 0 1788888583 194680 63082852
0 1641 63192703 0 1788888583 286751 63135030
1 1641 63180010 0 1788888583 286999 63150096
2 832 63208099 0 1788888583 287154 63115134
0 1642 63246330 0 1788888583 361578 63197789
1 1642 63243148 0 1788888583 361734 63219138
3 831 63249073 0 1788888583 361851 63173794
0 1643 63293608 0 1788888583 434745 63246306
1 1643 63286451 0 1788888583 435183 63261411
2 833 63316968 0 1788888583 435620 63242718
0 1644 63345170 0 1788888583 527407 63281724
1 1644 63341370 0 1788888583 527599 63302511
3 832 63359216 0 1788888583 527934 63264753
0 1645 63414101 0 1788888583 636204 63343422
1 1645 63381789 0 1788888583 636452 63347435
2 834 63444750 0 1788888583 636621 63335336
0 1646 63381112 0 1788888583 708309 63332526
1 1646 63354270 0 1788888583 708499 63327789
3 833 63451847 0 1788888583 709174 63378603
0 1647 63426041 0 1788888583 796935 63365446
1 1647 63424174 0 1788888583 797155 63390752
2 835 63434810 0 1788888583 797298 63345659
0 1648 63503835 0 1788888583 905844 63440292
1 1648 63500044 0 1788888583 906039 63466593
3 834 63509903 0 1788888583 906138 63400500
0 1649 63582244 0 1788888584 14543 63516568
1 1649 63562174 0 1788888584 14813 63529886
2 836 63608825 0 1788888584 15791 63498610
0 1650 63648984 0 1788888584 113851 63591083
1 1650 63618822 0 1788888584 114273 63588153
3 835 63659523 0 1788888584 115134 63558731
0 1651 63697110 0 1788888584 206645 63637044
1 1651 63674863 0 1788888584 207199 63643634
2 837 63711707 0 1788888584 207359 63617997
0 1652 63715005 0 1788888584 298646 63655629
1 1652 63691433 0 1788888584 298804 63661350
3 836 63716717 0 1788888584 299033 63624082
0 1653 63736554 0 1788888584 389341 63674422
1 1653 63724522 0 1788888584 389718 63691760
2 838 63770181 0 1788888584 390291 63678324
0 1654 63762352 0 1788888584 476065 63707116
1 1654 63731475 0 1788888584 476908 63699750
3 837 63794793 0 1788888584 477059 63706872
0 1655 63731588 0 1788888584 565099 63678506
1 1655 63722981 0 1788888584 565322 63695479
2 839 63801144 0 1788888584 565475 63711197
0 1656 63762343 0 1788888584 673915 63686397
1 1656 63759209 0 1788888584 674344 63717962
3 838 63777568 0 1788888584 676577 63665903
0 1657 63727631 0 1788888584 789421 63654167
1 1657 63698653 0 1788888584 789609 63662412
2 840 63776355 0 1788888584 789783 63660042
0 1658 63792837 0 1788888584 897353 63722225
1 1658 63789404 0 1788888584 898360 63751603
3 839 63795480 0 1788888584 899096 63685524
0 1659 63818799 0 1788888585 12336 63738461
1 1659 63802902 0 1788888585 12613 63762594
2 841 63875585 0 1788888585 12790 63759888
0 1660 63893170 0 1788888585 127667 63810391
1 1660 63881154 0 1788888585 127869 63836681
3 840 63900143 0 1788888585 128039 63784195
0 1661 63992833 0 1788888585 249347 63907408
1 1661 63913665 0 1788888585 249794 63863870
2 842 64001848 0 1788888585 257115 63872158
0 1662 63958574 0 1788888585 388254 63878340
1 1662 63958169 0 1788888585 388862 63911046
3 841 63965650 0 1788888585 389070 63825381
0 1663 64053618 0 1788888585 498455 63986042
1 1663 64046075 0 1788888585 498582 64010789
2 843 64059149 0 1788888585 498687 63948503
0 1664 64148506 0 1788888585 624674 64060964
1 1664 64139160 0 1788888585 624911 64087824
3 842 64161370 0 1788888585 625584 64034043
0 1665 64222275 0 1788888585 721684 64163657
1 1665 64214532 0 1788888585 722357 64184636
2 844 64234330 0 1788888585 722569 64136154
0 1666 64254140 0 1788888585 810598 64200605
1 1666 64248222 0 1788888585 810707 64221324
3 843 64279101 0 1788888585 810875 64189317
0 1667 64301539 0 1788888585 896576 64239866
1 1667 64259979 0 1788888585 896698 64225492
2 845 64305301 0 1788888585 896879 64218879
0 1668 64290576 0 1788888586 13551 64221832
1 1668 64261470 0 1788888586 13742 64223646
3 844 64327728 0 1788888586 14142 64209978
0 1669 64336987 0 1788888586 108017 64274685
1 1669 64336032 0 1788888586 108152 64305750
2 846 64347468 0 1788888586 112988 64247763
0 1670 64398528 0 1788888586 200731 64337692
1 1670 64386077 0 1788888586 200834 64353220
3 845 64418102 0 1788888586 200931 64325006
0 1671 64422362 0 1788888586 290033 64362196
1 1671 64406283 0 1788888586 290376 64375664
2 847 64434648 0 1788888586 291063 64344154
0 1672 64481989 0 1788888586 382564 64419601
1 1672 64427424 0 1788888586 383406 64397545
3 846 64495513 0 1788888586 383613 64401714
0 1673 64484665 0 1788888586 463460 64430346
1 1673 64471965 0 1788888586 463621 64447789
2 848 64501199 0 1788888586 466641 64416925
0 1674 64554199 0 1788888586 555144 64501277
1 1674 64552269 0 1788888586 555375 64525223
3 847 64560104 0 1788888586 555519 64467904
0 1675 64535891 0 1788888586 640894 64476183
1 1675 64515584 0 1788888586 641081 64484064
2 849 64606819 0 1788888586 641181 64519532
0 1676 64556003 0 1788888586 731146 64501190
1 1676 64544926 0 1788888586 731251 64514012
3 848 64561039 0 1788888586 731340 64470485
0 1677 64615466 0 1788888586 821922 64558894
1 1677 64617704 0 1788888586 827375 64585506
2 850 64629865 0 1788888586 827512 64533260
0 1678 64630270 0 1788888586 916236 64566109
1 1678 64630229 0 1788888586 916352 64597739
3 849 64653350 0 1788888586 916441 64558524
0 1679 64576345 0 1788888586 998992 64525239
1 1679 64557656 0 1788888586 999293 64529795
2 851 64613170 0 1788888586 999446 64529776
0 1680 64644044 0 1788888587 92537 64592693
1 1680 64639353 0 1788888587 92709 64611098
3 850 64646061 0 1788888587 92892 64551899
0 1681 64700942 0 1788888587 187015 64637158
1 1681 64676631 0 1788888587 188827 64646447
2 852 64711121 0 1788888587 188962 64614371
0 1682 64726133 0 1788888587 277091 64671000
1 1682 64723276 0 1788888587 277205 64697370
3 851 64757534 0 1788888587 277348 64666903
0 1683 64743585 0 1788888587 371373 64680954
1 1683 64678791 0 1788888587 371769 64647497
2 853 64773143 0 1788888587 373160 64676869
0 1684 64753160 0 1788888587 484116 64679799
1 1684 64727738 0 1788888587 484794 64686236
3 852 64766591 0 1788888587 484926 64652439
0 1685 64795976 0 1788888587 593582 64738485
1 1685 64771769 0 1788888587 593782 64745673
2 854 64832186 0 1788888587 593951 64722012
0 1686 64816967 0 1788888587 672596 64762657
1 1686 64800906 0 1788888587 672796 64771519
3 853 64847602 0 1788888587 672923 64768073
0 1687 64847133 0 1788888587 748021 64799623
1 1687 64843250 0 1788888587 748177 64818640
2 855 64856998 0 1788888587 748328 64781052
0 1688 64905233 0 1788888587 819980 64856017
1 1688 64899787 0 1788888587 820187 64874024
3 854 64914884 0 1788888587 820464 64842208
0 1689 64955692 0 1788888587 906768 64896446
1 1689 64935560 0 1788888587 907145 64904344
2 856 64972904 0 1788888587 907306 64885419
0 1690 64862897 0 1788888587 989813 64807487
1 1690 64865861 0 1788888587 992824 64832306
3 855 64923991 0 1788888587 992972 64837550
0 1691 64846531 0 1788888588 81902 64786294
1 1691 64801481 0 1788888588 82072 64768490
2 857 64851814 0 1788888588 82214 64759227
0 1692 64877052 0 1788888588 174460 64814952
1 1692 64840202 0 1788888588 174874 64806726
3 856 64891981 0 1788888588 175393 64798283
0 1693 64879467 0 1788888588 251106 64829503
1 1693 64879404 0 1788888588 251240 64853987
2 858 64883271 0 1788888588 251341 64806212
0 1694 64930409 0 1788888588 330248 64882530
1 1694 64912098 0 1788888588 330411 64884867
3 857 64941265 0 1788888588 330539 64861587
0 1695 64932122 0 1788888588 403992 64885937
1 1695 64930452 0 1788888588 404256 64906831
2 859 64952250 0 1788888588 404392 64877935
0 1696 64992631 0 1788888588 488943 64942798
1 1696 64980238 0 1788888588 489199 64956686
3 858 65003769 0 1788888588 490288 64917105
0 1697 65054465 0 1788888588 582817 64990720
1 1697 65054305 0 1788888588 583046 65026304
2 860 65073393 0 1788888588 583325 64978205
0 1698 65120585 0 1788888588 677091 65054116
1 1698 65113233 0 1788888588 677292 65079595
3 859 65137799 0 1788888588 677461 65042997
0 1699 65153961 0 1788888588 751133 65106442
1 1699 65143443 0 1788888588 751286 65121041
2 861 65185765 0 1788888588 751424 65111227
0 1700 65155419 0 1788888588 828874 65107478
1 1700 65123516 0 1788888588 829544 65097217
3 860 65164174 0 1788888588 829723 65085347
0 1701 65143850 0 1788888588 916662 65081710
1 1701 65093212 0 1788888588 916835 65060916
2 862 65175665 0 1788888588 916932 65087344
0 1702 65170497 0 1788888588 996337 65119558
1 1702 65170384 0 1788888588 996493 65144491
3 861 65171297 0 1788888588 996636 65091123
0 1703 65232122 0 1788888589 92643 65173617
1 1703 65198352 0 1788888589 92986 65171074
2 863 65248214 0 1788888589 93123 65151215
0 1704 65272119 0 1788888589 174642 65215569
1 1704 65256536 0 1788888589 175778 65227009
3 862 65278566 0 1788888589 175934 65195047
0 1705 65302541 0 1788888589 256339 65247932
1 1705 65302688 0 1788888589 256579 65274500
2 864 65309475 0 1788888589 256734 65227140
0 1706 65277018 0 1788888589 344436 65221588
1 1706 65263882 0 1788888589 344656 65237285
3 863 65370442 0 1788888589 344853 65281709
0 1707 65271662 0 1788888589 427753 65215760
1 1707 65270004 0 1788888589 428014 65239318
2 865 65319479 0 1788888589 428123 65235606
0 1708 65359058 0 1788888589 519194 65303398
1 1708 65330417 0 1788888589 519403 65301336
3 864 65359846 0 1788888589 519495 65267797
0 1709 65405147 0 1788888589 619693 65333255
1 1709 65397940 0 1788888589 619863 65360138
2 866 65423489 0 1788888589 620057 65322318
0 1710 65464841 0 1788888589 719246 65407738
1 1710 65427448 0 1788888589 719457 65396267
3 865 65467961 0 1788888589 719630 65367836
0 1711 65442158 0 1788888589 790027 65397000
1 1711 65410127 0 1788888589 790186 65387083
2 867 65487385 0 1788888589 790566 65415824
0 1712 65501509 0 1788888589 888247 65440555
1 1712 65471038 0 1788888589 888398 65440280
3 866 65502745 0 1788888589 888488 65404048
0 1713 65552588 0 1788888589 981159 65498524
1 1713 65544504 0 1788888589 981385 65514653
2 868 65556156 0 1788888589 981580 65462641
0 1714 65564217 0 1788888590 64115 65511490
1 1714 65555662 0 1788888590 64401 65528311
3 867 65620030 0 1788888590 64969 65536028
0 1715 65621927 0 1788888590 149565 65573493
1 1715 65612557 0 1788888590 149740 65589903
2 869 65627113 0 1788888590 151957 65539041
0 1716 65639953 0 1788888590 249099 65575226
1 1716 65594387 0 1788888590 249313 65565018
3 868 65655761 0 1788888590 249662 65555509
0 1717 65552774 0 1788888590 335873 65499134
1 1717 65544652 0 1788888590 336036 65519829
2 870 65593551 0 1788888590 336121 65506331
0 1718 65572955 0 1788888590 416828 65517889
1 1718 65563578 0 1788888590 417001 65535153
3 869 65607161 0 1788888590 417105 65525710
0 1719 65736367 0 1788888590 612285 65590826
1 1719 65728520 0 1788888590 612622 65676770
2 871 65750685 0 1788888590 616640 65550628
0 1720 65797990 0 1788888590 705465 65743357
1 1720 65736186 0 1788888590 705776 65707346
3 870 65812233 0 1788888590 706109 65718247
0 1721 65811416 0 1788888590 805180 65759353
1 1721 65770418 0 1788888590 805331 65744679
2 872 65829094 0 1788888590 805955 65728336
0 1722 65826803 0 1788888590 887288 65771850
1 1722 65823294 0 1788888590 887493 65794060
3 871 65828016 0 1788888590 887974 65745024
0 1723 65878032 0 1788888590 981826 65816962
1 1723 65844576 0 1788888590 982444 65814000
2 873 65913091 0 1788888590 982529 65816749
0 1724 65854588 0 1788888591 85902 65781445
1 1724 65854731 0 1788888591 86253 65813185
3 872 65942622 0 1788888591 89980 65834274
0 1725 65969321 0 1788888591 212533 65876714
1 1725 65962920 0 1788888591 212761 65916871
2 874 65974731 0 1788888591 212857 65847331
0 1726 66020714 0 1788888591 327504 65949880
1 1726 66014679 0 1788888591 327741 65983374
3 873 66061134 0 1788888591 327889 65945510
0 1727 66098867 0 1788888591 450150 66006569
1 1727 66079403 0 1788888591 451303 66038567
2 875 66113313 0 1788888591 451455 65989180
0 1728 66149998 0 1788888591 539802 66098504
1 1728 66111803 0 1788888591 540076 66087240
3 874 66150805 0 1788888591 540317 66059800
0 1729 66136039 0 1788888591 619055 66084717
1 1729 66126747 0 1788888591 619171 66102405
2 876 66152617 0 1788888591 619293 66072939
0 1730 66167763 0 1788888591 693327 66119779
1 1730 66141930 0 1788888591 693459 66117508
3 875 66189194 0 1788888591 693609 66114362
0 1731 66200547 0 1788888591 810163 66121887
1 1731 66163790 0 1788888591 810284 66135973
2 877 66226996 0 1788888591 810432 66109618
0 1732 66232966 0 1788888591 925434 66170105
1 1732 66194709 0 1788888591 925562 66164455
3 876 66264735 0 1788888591 925676 66148954
0 1733 66265086 0 1788888592 7560 66214029
1 1733 66224321 0 1788888592 7742 66202412
2 878 66269857 0 1788888592 8080 66186984
0 1734 66258287 0 1788888592 87559 66205458
1 1734 66251112 0 1788888592 87719 66227036
3 877 66294665 0 1788888592 87870 66214191
0 1735 66302652 0 1788888592 161681 66252456
1 1735 66301598 0 1788888592 161856 66273632
2 879 66309583 0 1788888592 161958 66235001
0 1736 66392979 0 1788888592 268743 66315697
1 1736 66333838 0 1788888592 268949 66282206
3 878 66406447 0 1788888592 275364 66292547
0 1737 66406383 0 1788888592 391107 66330702
1 1737 66360076 0 1788888592 393847 66315473
2 880 66427367 0 1788888592 394231 66301023
0 1738 66453555 0 1788888592 528210 66364740
1 1738 66436902 0 1788888592 528372 66398797
3 879 66457631 0 1788888592 529408 66318960
0 1739 66508703 0 1788888592 621051 66459505
1 1739 66495919 0 1788888592 621437 66472260
2 881 66526382 0 1788888592 621623 66432786
0 1740 66499951 0 1788888592 700231 66447954
1 1740 66449820 0 1788888592 700417 66423976
3 880 66513094 0 1788888592 700522 66433447
0 1741 66508435 0 1788888592 775636 66457397
1 1741 66508094 0 1788888592 775791 66481674
2 882 66508826 0 1788888592 775927 66432854
0 1742 66537644 0 1788888592 870912 66476624
1 1742 66537296 0 1788888592 871132 66507758
3 881 66539900 0 1788888592 872009 66443362
0 1743 66621426 0 1788888592 966269 66555524
1 1743 66614827 0 1788888592 966535 66584338
2 883 66632077 0 1788888592 966862 66535957
0 1744 66660429 0 1788888593 46190 66607562
1 1744 66631889 0 1788888593 46393 66603838
3 882 66666471 0 1788888593 46569 66585940
0 1745 66644689 0 1788888593 131151 66591271
1 1745 66642793 0 1788888593 131423 66615603
2 884 66708633 0 1788888593 131699 66622906
0 1746 66663951 0 1788888593 226635 66605600
1 1746 66646466 0 1788888593 227806 66619521
3 883 66682649 0 1788888593 227919 66584872
0 1747 66701098 0 1788888593 316756 66644791
1 1747 66661138 0 1788888593 316886 66632704
2 885 66702399 0 1788888593 316984 66611860
0 1748 66738000 0 1788888593 408313 66674428
1 1748 66735008 0 1788888593 408498 66698771
3 884 66744704 0 1788888593 413122 66648123
0 1749 66785792 0 1788888593 490072 66735333
1 1749 66785505 0 1788888593 490205 66762907
2 886 66803949 0 1788888593 490363 66721733
0 1750 66849353 0 1788888593 589326 66782305
1 1750 66841665 0 1788888593 590130 66804048
3 885 66873748 0 1788888593 590646 66772987
0 1751 66930580 0 1788888593 710207 66861883
1 1751 66908770 0 1788888593 710304 66882042
2 887 66931105 0 1788888593 710446 66809833
0 1752 66974542 0 1788888593 799112 66911779
1 1752 66968930 0 1788888593 799610 66930659
3 886 66988421 0 1788888593 799844 66898699
0 1753 67018491 0 1788888593 875137 66969167
1 1753 67001318 0 1788888593 875338 66977492
2 888 67020149 0 1788888593 875548 66942995
0 1754 67068798 0 1788888594 8583 66983927
1 1754 67068390 0 1788888594 8725 67037148
3 887 67091284 0 1788888594 8888 66957237
0 1755 67138528 0 1788888594 106189 67075482
1 1755 67107685 0 1788888594 106597 67078297
2 889 67141866 0 1788888594 106731 67043030
0 1756 67156923 0 1788888594 184933 67107150
1 1756 67141891 0 1788888594 185158 67115513
3 888 67168853 0 1788888594 185302 67089527
0 1757 67181756 0 1788888594 270428 67120613
1 1757 67173839 0 1788888594 270597 67143387
2 890 67206375 0 1788888594 270783 67120346
0 1758 67130851 0 1788888594 357604 67071660
1 1758 67129717 0 1788888594 357844 67099222
3 889 67209187 0 1788888594 357998 67121416
0 1759 67207274 0 1788888594 442861 67151278
1 1759 67207432 0 1788888594 443732 67177593
2 891 67209208 0 1788888594 444031 67122573
0 1760 67287672 0 1788888594 534498 67232945
1 1760 67283292 0 1788888594 534694 67255481
3 890 67297226 0 1788888594 534832 67205031
0 1761 67330534 0 1788888594 615982 67278583
1 1761 67246638 0 1788888594 616196 67223953
2 892 67358739 0 1788888594 616897 67276156
0 1762 67289083 0 1788888594 687586 67242900
1 1762 67288340 0 1788888594 687778 67263629
3 891 67306144 0 1788888594 687873 67234078
0 1763 67339295 0 1788888594 766487 67287841
1 1763 67315013 0 1788888594 767269 67286629
2 893 67354112 0 1788888594 767799 67273704
0 1764 67341424 0 1788888594 855066 67280024
1 1764 67336810 0 1788888594 855194 67306876
3 892 67348316 0 1788888594 855281 67258885
0 1765 67400535 0 1788888594 952005 67334749
1 1765 67385001 0 1788888594 952133 67351951
2 894 67424661 0 1788888594 952887 67326508
0 1766 67376538 0 1788888595 31210 67328578
1 1766 67365747 0 1788888595 31383 67341033
3 893 67432959 0 1788888595 31907 67352673
0 1767 67397469 0 1788888595 119256 67338507
1 1767 67380897 0 1788888595 119515 67350898
2 895 67429991 0 1788888595 119663 67341224
0 1768 67460960 0 1788888595 207778 67405385
1 1768 67437194 0 1788888595 207968 67409229
3 894 67463049 0 1788888595 208301 67373582
0 1769 67365467 0 1788888595 291261 67314078
1 1769 67359259 0 1788888595 293058 67331958
2 896 67484044 0 1788888595 293199 67398455
0 1770 67416266 0 1788888595 381118 67361920
1 1770 67413188 0 1788888595 381366 67386129
3 895 67422867 0 1788888595 381506 67332489
0 1771 67468414 0 1788888595 480007 67406249
1 1771 67466994 0 1788888595 480256 67437929
2 897 67487946 0 1788888595 480417 67388445
0 1772 67524262 0 1788888595 572814 67467195
1 1772 67512542 0 1788888595 572996 67484299
3 896 67536331 0 1788888595 573472 67442646
0 1773 67602449 0 1788888595 674040 67538042
1 1773 67594312 0 1788888595 674675 67562225
2 898 67607690 0 1788888595 674766 67505565
0 1774 67677757 0 1788888595 772884 67609317
1 1774 67640357 0 1788888595 773022 67608106
3 897 67680589 0 1788888595 773157 67581275
0 1775 67665258 0 1788888595 858696 67609010
1 1775 67663636 0 1788888595 858886 67631524
2 899 67699232 0 1788888595 859116 67612836
0 1776 67667960 0 1788888595 944293 67612634
1 1776 67668148 0 1788888595 944500 67640688
3 898 67677977 0 1788888595 944651 67591825
0 1777 67618871 0 1788888596 19616 67571795
1 1777 67617291 0 1788888596 19805 67592687
2 900 67725762 0 1788888596 19959 67649927
0 1778 67622232 0 1788888596 112069 67555294
1 1778 67609726 0 1788888596 112324 67574937
3 899 67670144 0 1788888596 112469 67577126
0 1779 67678153 0 1788888596 195164 67625208
1 1779 67673362 0 1788888596 195349 67648365
2 901 67681617 0 1788888596 195445 67598061
0 1780 67719949 0 1788888596 274021 67672648
1 1780 67704066 0 1788888596 274232 67679213
3 900 67735605 0 1788888596 274411 67656200
0 1781 67733706 0 1788888596 346067 67689411
1 1781 67712526 0 1788888596 346257 67689265
2 902 67745704 0 1788888596 346396 67673176
0 1782 67749603 0 1788888596 418113 67705717
1 1782 67724115 0 1788888596 418324 67700521
3 901 67772270 0 1788888596 418522 67699659
0 1783 67765459 0 1788888596 484511 67723567
1 1783 67759482 0 1788888596 484913 67736353
2 903 67771618 0 1788888596 485245 67704228
0 1784 67799035 0 1788888596 551179 67756402
1 1784 67733123 0 1788888596 551673 67710752
3 902 67810808 0 1788888596 552433 67742372
0 1785 67781471 0 1788888596 620040 67737786
1 1785 67742869 0 1788888596 620242 67718784
2 904 67785326 0 1788888596 620381 67715473
0 1786 67784293 0 1788888596 703564 67731182
1 1786 67782647 0 1788888596 703766 67756138
3 903 67810827 0 1788888596 703876 67726799
0 1787 67840618 0 1788888596 777882 67791250
1 1787 67840413 0 1788888596 778081 67813719
2 905 67851492 0 1788888596 778220 67776649
0 1788 67901218 0 1788888596 853495 67853161
1 1788 67871045 0 1788888596 853653 67844917
3 904 67913649 0 1788888596 856457 67834873
0 1789 67940502 0 1788888596 933641 67886475
1 1789 67928065 0 1788888596 934285 67895981
2 906 67951038 0 1788888596 934681 67869654
0 1790 67957716 0 1788888597 1049 67914687
1 1790 67944772 0 1788888597 1186 67922387
3 905 67974505 0 1788888597 1364 67906007
0 1791 67974058 0 1788888597 72940 67928558
1 1791 67953139 0 1788888597 73124 67932002
2 907 67995711 0 1788888597 73293 67923290
0 1792 67986791 0 1788888597 139933 67943494
1 1792 67985513 0 1788888597 140701 67964137
3 906 68012878 0 1788888597 140831 67944811
0 1793 68022433 0 1788888597 213153 67975718
1 1793 67991532 0 1788888597 213308 67968933
2 908 68029028 0 1788888597 213466 67955327
0 1794 68003182 0 1788888597 292208 67950005
1 1794 67935215 0 1788888597 292359 67907620
3 907 68037256 0 1788888597 292961 67957287
0 1795 68008590 0 1788888597 369542 67960375
1 1795 67928267 0 1788888597 369741 67901024
2 909 68009744 0 1788888597 369965 67931829
0 1796 67894093 0 1788888597 441028 67849142
1 1796 67862990 0 1788888597 441567 67840319
3 908 67906761 0 1788888597 441706 67834394
0 1797 67894404 0 1788888597 513430 67844277
1 1797 67892858 0 1788888597 515162 67863481
2 910 67903798 0 1788888597 515355 67829321
0 1798 67948578 0 1788888597 589389 67901338
1 1798 67937656 0 1788888597 589537 67913439
3 909 67965480 0 1788888597 589693 67889060
0 1799 67967980 0 1788888597 659922 67926767
1 1799 67960118 0 1788888597 660107 67939177
2 911 67969850 0 1788888597 660206 67898810
0 1800 67933102 0 1788888597 724949 67891644
1 1800 67927763 0 1788888597 725127 67907684
3 910 67979093 0 1788888597 725259 67913602
0 1801 67980370 0 1788888597 789226 67937817
1 1801 67956806 0 1788888597 789377 67935557
2 912 67985848 0 1788888597 789524 67921120
0 1802 67928916 0 1788888597 854348 67885746
1 1802 67925444 0 1788888597 854799 67901964
3 911 67976205 0 1788888597 855139 67910134
0 1803 67972586 0 1788888597 918778 67930339
1 1803 67940286 0 1788888597 919012 67916990
2 913 67976246 0 1788888597 919116 67911299
0 1804 67966097 0 1788888598 3398 67914083
1 1804 67955210 0 1788888598 3555 67926492
3 912 68000415 0 1788888598 3645 67915341
0 1805 67995422 0 1788888598 74576 67948877
1 1805 67982219 0 1788888598 74678 67958875
2 914 68002188 0 1788888598 75042 67930379
0 1806 68024543 0 1788888598 146600 67975906
1 1806 67979123 0 1788888598 146754 67958238
3 913 68052638 0 1788888598 146918 67980128
0 1807 67939005 0 1788888598 221515 67889177
1 1807 67928013 0 1788888598 221705 67903770
2 915 68028380 0 1788888598 222494 67952332
0 1808 67982417 0 1788888598 298254 67934049
1 1808 67968444 0 1788888598 298355 67946095
3 914 67990260 0 1788888598 298432 67913181
0 1809 68026093 0 1788888598 368410 67980485
1 1809 68023506 0 1788888598 368521 67999704
2 916 68031792 0 1788888598 368589 67961280
0 1810 68038508 0 1788888598 439275 67993529
1 1810 68036103 0 1788888598 441262 68010011
3 915 68084003 0 1788888598 441362 68010661
0 1811 68065009 0 1788888598 509202 68019918
1 1811 68049599 0 1788888598 509559 68027126
2 917 68091747 0 1788888598 510205 68020396
0 1812 68076221 0 1788888598 575738 68032197
1 1812 68055411 0 1788888598 575837 68033415
3 916 68095513 0 1788888598 575969 68028474
0 1813 68071155 0 1788888598 641021 68028531
1 1813 68026586 0 1788888598 642619 68003998
2 918 68102082 0 1788888598 643070 68034557
0 1814 68051531 0 1788888598 707980 68007525
1 1814 68046067 0 1788888598 708108 68023681
3 917 68053497 0 1788888598 708222 67986155
0 1815 68085648 0 1788888598 782458 68032621
1 1815 68088701 0 1788888598 786707 68059450
2 919 68100633 0 1788888598 786852 68021596
0 1816 68138702 0 1788888598 861888 68089998
1 1816 68138059 0 1788888598 862039 68115908
3 918 68144871 0 1788888598 862175 68064972
0 1817 68164899 0 1788888598 929273 68120105
1 1817 68157899 0 1788888598 929436 68137726
2 920 68186854 0 1788888598 929570 68118991
0 1818 68144881 0 1788888599 336 68098738
1 1818 68138051 0 1788888599 505 68114374
3 919 68206449 0 1788888599 674 68134872
0 1819 68115089 0 1788888599 65894 68072713
1 1819 68115342 0 1788888599 66511 68091886
2 921 68144948 0 1788888599 67157 68077925
0 1820 68150435 0 1788888599 132454 68107655
1 1820 68149236 0 1788888599 132625 68127923
3 920 68172371 0 1788888599 132720 68105397
0 1821 68206091 0 1788888599 197680 68163278
1 1821 68190867 0 1788888599 197933 68169807
2 922 68215126 0 1788888599 201296 68146131
0 1822 68221129 0 1788888599 266253 68178260
1 1822 68149577 0 1788888599 266354 68127867
3 921 68229943 0 1788888599 266496 68160947
0 1823 68182068 0 1788888599 332694 68140045
1 1823 68120389 0 1788888599 332854 68099446
2 923 68184206 0 1788888599 332953 68117368
0 1824 68173411 0 1788888599 400094 68130532
1 1824 68170965 0 1788888599 400367 68148602
3 922 68182514 0 1788888599 400480 68114497
0 1825 68228979 0 1788888599 471496 68182392
1 1825 68206024 0 1788888599 471670 68181940
2 924 68238990 0 1788888599 471796 68167092
0 1826 68201494 0 1788888599 533816 68160698
1 1826 68199144 0 1788888599 534054 68178579
3 923 68255916 0 1788888599 534236 68192985
0 1827 68215998 0 1788888599 604699 68170923
1 1827 68191207 0 1788888599 604950 68167212
2 925 68249276 0 1788888599 605348 68177527
0 1828 68248949 0 1788888599 673949 68204219
1 1828 68247263 0 1788888599 674126 68224001
3 924 68253439 0 1788888599 674287 68183651
0 1829 68308485 0 1788888599 742543 68264451
1 1829 68284217 0 1788888599 742671 68262908
2 926 68315503 0 1788888599 742791 68246505
0 1830 68328020 0 1788888599 810174 68283787
1 1830 68269030 0 1788888599 810332 68248119
3 925 68351699 0 1788888599 811159 68282927
0 1831 68319457 0 1788888599 882026 68277098
1 1831 68272642 0 1788888599 882171 68251129
2 927 68326877 0 1788888599 882401 68254510
0 1832 68316965 0 1788888599 948889 68276948
1 1832 68276203 0 1788888599 949095 68256016
3 926 68321502 0 1788888599 949225 68254149
0 1833 68258675 0 1788888600 16994 68215239
1 1833 68258706 0 1788888600 17136 68238645
2 928 68316142 0 1788888600 17232 68247640
0 1834 68302671 0 1788888600 88816 68259784
1 1834 68259795 0 1788888600 89042 68236546
3 927 68310450 0 1788888600 89930 68237366
0 1835 68307120 0 1788888600 155349 68265593
1 1835 68280679 0 1788888600 155511 68258686
2 929 68314252 0 1788888600 155640 68247262
0 1836 68324292 0 1788888600 218192 68283406
1 1836 68323628 0 1788888600 218563 68302206
3 928 68328427 0 1788888600 218747 68264873
0 1837 68305360 0 1788888600 283092 68262347
1 1837 68280516 0 1788888600 283410 68258578
2 930 68315595 0 1788888600 283799 68249604
0 1838 68313448 0 1788888600 357601 68266438
1 1838 68308948 0 1788888600 358232 68284039
3 929 68316906 0 1788888600 358377 68241400
0 1839 68324018 0 1788888600 430967 68278979
1 1839 68308472 0 1788888600 431166 68287771
2 931 68364440 0 1788888600 431345 68290530
0 1840 68357458 0 1788888600 500603 68311374
1 1840 68304790 0 1788888600 500829 68280449
3 930 68376728 0 1788888600 500968 68306535
0 1841 68389150 0 1788888600 593755 68338727
1 1841 68388553 0 1788888600 593957 68362623
2 932 68397718 0 1788888600 594098 68303949
0 1842 68453355 0 1788888600 664057 68405990
1 1842 68451399 0 1788888600 664572 68428313
3 931 68455366 0 1788888600 664696 68384249
0 1843 68504814 0 1788888600 744678 68450945
1 1843 68492997 0 1788888600 744798 68471610
2 933 68516295 0 1788888600 744909 68435229
0 1844 68477502 0 1788888600 813780 68431593
1 1844 68473859 0 1788888600 813969 68451849
3 932 68522842 0 1788888600 814119 68453223
0 1845 68536133 0 1788888600 898118 68474855
1 1845 68534734 0 1788888600 898343 68498315
2 934 68548206 0 1788888600 898489 68463332
0 1846 68621088 0 1788888601 1626 68552049
1 1846 68552891 0 1788888601 1836 68517726
3 933 68631401 0 1788888601 2106 68527189
0 1847 68628706 0 1788888601 94362 68566712
1 1847 68619893 0 1788888601 97668 68583772
2 935 68635930 0 1788888601 97800 68539580
0 1848 68710390 0 1788888601 204926 68635855
1 1848 68702561 0 1788888601 206534 68658983
3 934 68719926 0 1788888601 206727 68607196
0 1849 68734726 0 1788888601 313603 68665101
1 1849 68701323 0 1788888601 313736 68665530
2 936 68798652 0 1788888601 313867 68689490
0 1850 68792990 0 1788888601 419127 68731680
1 1850 68773592 0 1788888601 420214 68745446
3 935 68806438 0 1788888601 422352 68697530
0 1851 68821538 0 1788888601 495108 68772974
1 1851 68796904 0 1788888601 495236 68770951
2 937 68827145 0 1788888601 495427 68750619
0 1852 68856323 0 1788888601 575925 68808633
1 1852 68843242 0 1788888601 576015 68818253
3 936 68857614 0 1788888601 576103 68776411
0 1853 68913019 0 1788888601 646910 68867258
1 1853 68890689 0 1788888601 647190 68868734
2 938 68917695 0 1788888601 650544 68842913
0 1854 68837974 0 1788888601 718598 68795277
1 1854 68804209 0 1788888601 718769 68782472
3 937 68926082 0 1788888601 718860 68853950
0 1855 68860019 0 1788888601 790731 68814746
1 1855 68854239 0 1788888601 790836 68830212
2 939 68880245 0 1788888601 795001 68803719
0 1856 68912291 0 1788888601 866073 68863123
1 1856 68847117 0 1788888601 866153 68824431
3 938 68919517 0 1788888601 866219 68843820
0 1857 68873071 0 1788888601 939456 68822721
1 1857 68851520 0 1788888601 940003 68823888
2 940 68907730 0 1788888601 941541 68832096
0 1858 68895034 0 1788888602 28834 68837033
1 1858 68862570 0 1788888602 29061 68832716
3 939 68924750 0 1788888602 29190 68831818
0 1859 68918681 0 1788888602 118645 68859092
1 1859 68916665 0 1788888602 118814 68891980
2 941 68944801 0 1788888602 118976 68854517
0 1860 68953209 0 1788888602 225720 68884681
1 1860 68953237 0 1788888602 227141 68919888
3 940 69020949 0 1788888602 228074 68911328
0 1861 68927499 0 1788888602 308642 68880712
1 1861 68926452 0 1788888602 309267 68902242
2 942 68977198 0 1788888602 309399 68893267
0 1862 69002599 0 1788888602 391887 68946272
1 1862 68994595 0 1788888602 392175 68964662
3 941 69005543 0 1788888602 392313 68921712
0 1863 69037975 0 1788888602 491116 68974778
1 1863 69034940 0 1788888602 491456 69006671
2 943 69064665 0 1788888602 491556 68964271
0 1864 69105923 0 1788888602 566881 69058262
1 1864 69078558 0 1788888602 567218 69054751
3 942 69110131 0 1788888602 567319 69033813
0 1865 69077627 0 1788888602 636129 69034025
1 1865 69075167 0 1788888602 638317 69050761
2 944 69108265 0 1788888602 638721 69036233
0 1866 69090436 0 1788888602 715977 69039719
1 1866 69051718 0 1788888602 716170 69026685
3 943 69128229 0 1788888602 716305 69047846
0 1867 69102345 0 1788888602 787073 69058159
1 1867 69024735 0 1788888602 787184 69002414
2 945 69112414 0 1788888602 787990 69040205
0 1868 69060658 0 1788888602 860565 69012632
1 1868 69059880 0 1788888602 860659 69034254
3 944 69088534 0 1788888602 860733 69014593
0 1869 69068185 0 1788888602 930288 69021168
1 1869 69056798 0 1788888602 930416 69030518
2 946 69127353 0 1788888602 930600 69057034
0 1870 69110612 0 1788888602 998692 69063984
1 1870 69084267 0 1788888602 998826 69060685
3 945 69121917 0 1788888602 998972 69053085
0 1871 69124427 0 1788888603 75776 69072395
1 1871 69094557 0 1788888603 75966 69065427
2 947 69124931 0 1788888603 76059 69047409
0 1872 69118384 0 1788888603 150325 69073234
1 1872 69103889 0 1788888603 150516 69081218
3 946 69167775 0 1788888603 150665 69092672
0 1873 69159435 0 1788888603 225339 69113593
1 1873 69138808 0 1788888603 225540 69114538
2 948 69175786 0 1788888603 225682 69100272
0 1874 69144403 0 1788888603 295313 69098599
1 1874 69094619 0 1788888603 295473 69070815
3 947 69195695 0 1788888603 295606 69125199
0 1875 69166467 0 1788888603 370512 69115501
1 1875 69156179 0 1788888603 370722 69134841
2 949 69166776 0 1788888603 370820 69091118
0 1876 69183924 0 1788888603 440842 69141006
1 1876 69179175 0 1788888603 440970 69156471
3 948 69201346 0 1788888603 442412 69129290
0 1877 69164512 0 1788888603 537245 69101099
1 1877 69143478 0 1788888603 537359 69112834
2 950 69236674 0 1788888603 537789 69139506
0 1878 69188248 0 1788888603 619085 69139797
1 1878 69176381 0 1788888603 619281 69151287
3 949 69222087 0 1788888603 619448 69139711
0 1879 69185758 0 1788888603 693053 69138582
1 1879 69172271 0 1788888603 693243 69149056
2 951 69219844 0 1788888603 693413 69145233
0 1880 69214954 0 1788888603 766231 69168214
1 1880 69174533 0 1788888603 766454 69152878
3 950 69231066 0 1788888603 767118 69156839
0 1881 69106194 0 1788888603 835370 69062930
1 1881 69037332 0 1788888603 835548 69015004
2 952 69142439 0 1788888603 835735 69072769
0 1882 69069265 0 1788888603 900892 69028085
1 1882 69063496 0 1788888603 901006 69042822
3 951 69092998 0 1788888603 901183 69027021
0 1883 69090714 0 1788888603 964004 69049014
1 1883 69050565 0 1788888603 964185 69030335
2 953 69100375 0 1788888603 964320 69036797
0 1884 69023496 0 1788888604 29403 68981197
1 1884 68991439 0 1788888604 29971 68970500
3 952 69115724 0 1788888604 30108 69049476
0 1885 69027285 0 1788888604 99283 68984078
1 1885 69019035 0 1788888604 99423 68997786
2 954 69059028 0 1788888604 99551 68988723
0 1886 69068438 0 1788888604 169265 69020746
1 1886 69067484 0 1788888604 169397 69044388
3 953 69085461 0 1788888604 169526 69015072
0 1887 69094351 0 1788888604 242852 69048847
1 1887 69087856 0 1788888604 243104 69063632
2 955 69115528 0 1788888604 243250 69041368
0 1888 69141805 0 1788888604 318637 69090327
1 1888 69100914 0 1788888604 319331 69076017
3 954 69163580 0 1788888604 319488 69086500
0 1889 69123022 0 1788888604 396249 69074790
1 1889 69121106 0 1788888604 396372 69096322
2 956 69153665 0 1788888604 396464 69075508
0 1890 69145656 0 1788888604 467509 69096506
1 1890 69132628 0 1788888604 467670 69111114
3 955 69167612 0 1788888604 467823 69095873
0 1891 69130001 0 1788888604 534623 69084132
1 1891 69068720 0 1788888604 534800 69047409
2 957 69174406 0 1788888604 534898 69106872
0 1892 69112717 0 1788888604 620692 69060653
1 1892 69091753 0 1788888604 620866 69067901
3 956 69117700 0 1788888604 620963 69031184
0 1893 69150711 0 1788888604 687715 69109653
1 1893 69140631 0 1788888604 687857 69120137
2 958 69156723 0 1788888604 687942 69089277
0 1894 69205111 0 1788888604 755392 69165263
1 1894 69197439 0 1788888604 755557 69177213
3 957 69205379 0 1788888604 755658 69137287
0 1895 69257762 0 1788888604 822707 69216144
1 1895 69243255 0 1788888604 823458 69222056
2 959 69263915 0 1788888604 826571 69192572
0 1896 69263700 0 1788888604 894540 69220509
1 1896 69190356 0 1788888604 894640 69170198
3 958 69310561 0 1788888604 894810 69238303
0 1897 69219363 0 1788888604 965269 69173465
1 1897 69176036 0 1788888604 965390 69151073
2 960 69258979 0 1788888604 965479 69187885
0 1898 69169638 0 1788888605 30751 69126360
1 1898 69164244 0 1788888605 30903 69143949
3 959 69241504 0 1788888605 31134 69175444
0 1899 69142353 0 1788888605 112213 69093630
1 1899 69127389 0 1788888605 112361 69102634
2 961 69238463 0 1788888605 116291 69152771
0 1900 69201791 0 1788888605 201369 69147551
1 1900 69192195 0 1788888605 201518 69162611
3 960 69203770 0 1788888605 201648 69113703
0 1901 69245833 0 1788888605 281321 69196414
1 1901 69242203 0 1788888605 281607 69214892
2 962 69269182 0 1788888605 281775 69188619
0 1902 69262857 0 1788888605 350741 69216206
1 1902 69219903 0 1788888605 351194 69196668
3 961 69288645 0 1788888605 351707 69218025
0 1903 69272994 0 1788888605 430100 69222602
1 1903 69239448 0 1788888605 430195 69214056
2 963 69294549 0 1788888605 432885 69211903
0 1904 69309632 0 1788888605 513374 69258555
1 1904 69277366 0 1788888605 513532 69249356
3 962 69314428 0 1788888605 513828 69230512
0 1905 69334969 0 1788888605 586789 69286889
1 1905 69330579 0 1788888605 587042 69306332
2 964 69340536 0 1788888605 587182 69266535
0 1906 69381829 0 1788888605 668428 69328275
1 1906 69372932 0 1788888605 668632 69345192
3 963 69411760 0 1788888605 668780 69329543
0 1907 69393780 0 1788888605 74